original_index,filename,dataset_source,label,country_code,avg_red,avg_green,avg_blue,brightness,saturation,red_tendency,blue_tendency,processed_successfully,color_cluster,color_name
0,ANONYMOUS-0.jpg,anonymous,ANONYMOUS,ANONYMOUS,0.5203372549019608,0.3969078431372549,0.2420627450980392,0.38643594771241835,0.5523105882352941,0.44883402553357055,0.20879918800841968,True,0,Warm_Tones
1,ANONYMOUS-1.jpg,anonymous,ANONYMOUS,ANONYMOUS,0.5453419607843137,0.5408580392156863,0.49373098039215685,0.526643660130719,0.2745729411764706,0.34516799935206943,0.3125014155796804,True,2,Neutral_Colors
2,ANONYMOUS-10.jpg,anonymous,ANONYMOUS,ANONYMOUS,0.2197419607843137,0.30137568627450984,0.29328549019607847,0.2714677124183007,0.5076070588235294,0.26981930804648674,0.36012279012315773,True,1,Cool_Tones
3,ANONYMOUS-100.jpg,anonymous,ANONYMOUS,ANONYMOUS,0.4493211764705882,0.438783137254902,0.23070117647058824,0.3729351633986928,0.6526945098039215,0.4016075884506548,0.20620293007967475,True,0,Warm_Tones
4,ANONYMOUS-101.jpg,anonymous,ANONYMOUS,ANONYMOUS,0.6241980392156863,0.5752027450980393,0.3774035294117647,0.5256014379084967,0.6064898039215686,0.39586246557027677,0.2393469416462582,True,0,Warm_Tones
5,ANONYMOUS-102.jpg,anonymous,ANONYMOUS,ANONYMOUS,0.886918431372549,0.7697490196078431,0.547841568627451,0.7348363398692811,0.41034901960784315,0.40231998198416963,0.24850944824687424,True,5,Balanced_Natural
6,ANONYMOUS-103.jpg,anonymous,ANONYMOUS,ANONYMOUS,0.5412341176470589,0.551115294117647,0.3657349019607843,0.4860281045751634,0.5438082352941176,0.3711950957548398,0.250832306256697,True,0,Warm_Tones
7,ANONYMOUS-104.jpg,anonymous,ANONYMOUS,ANONYMOUS,0.018553725490196078,0.06596274509803922,0.1171592156862745,0.06722522875816994,0.8198223529411764,0.09199737378142903,0.5809259257998945,True,1,Cool_Tones
8,ANONYMOUS-105.jpg,anonymous,ANONYMOUS,ANONYMOUS,0.3336470588235294,0.24453607843137254,0.20054156862745098,0.2595749019607843,0.5162870588235294,0.42845260700041093,0.2575252969211062,True,4,Dark_Moody
9,ANONYMOUS-106.jpg,anonymous,ANONYMOUS,ANONYMOUS,0.7068980392156862,0.6318427450980392,0.3954835294117647,0.57807477124183,0.496816862745098,0.4076160309856836,0.22804622114653647,True,0,Warm_Tones
10,ANONYMOUS-107.jpg,anonymous,ANONYMOUS,ANONYMOUS,0.4274133333333333,0.3722019607843137,0.31627529411764704,0.3719635294117647,0.30353568627450983,0.38302406599305777,0.2834283343042443,True,4,Dark_Moody
11,ANONYMOUS-108.jpg,anonymous,ANONYMOUS,ANONYMOUS,0.5563117647058824,0.4761388235294118,0.27924901960784315,0.4372332026143791,0.5195627450980391,0.4241148943436414,0.21289082122712394,True,0,Warm_Tones
12,ANONYMOUS-109.jpg,anonymous,ANONYMOUS,ANONYMOUS,0.6698968627450981,0.6609,0.45296470588235294,0.5945871895424837,0.4056988235294117,0.3755527078138895,0.2539377795279643,True,2,Neutral_Colors
13,ANONYMOUS-11.jpg,anonymous,ANONYMOUS,ANONYMOUS,0.7526521568627451,0.7099411764705882,0.5578827450980391,0.6734920261437908,0.30860274509803926,0.3725120987005098,0.2761143647970309,True,2,Neutral_Colors
14,ANONYMOUS-110.jpg,anonymous,ANONYMOUS,ANONYMOUS,0.5954909803921569,0.6457286274509804,0.6672282352941177,0.6361492810457516,0.6187878431372549,0.3120287884757985,0.34961808784838927,True,2,Neutral_Colors
15,ANONYMOUS-111.jpg,anonymous,ANONYMOUS,ANONYMOUS,0.7281439215686275,0.6599623529411764,0.597256862745098,0.6617877124183006,0.4007360784313726,0.36675585496140184,0.3008298838171347,True,2,Neutral_Colors
16,ANONYMOUS-112.jpg,anonymous,ANONYMOUS,ANONYMOUS,0.4253854901960784,0.4621576470588235,0.3962129411764706,0.42791869281045747,0.42049607843137254,0.33135980112051927,0.3086354481181165,True,4,Dark_Moody
17,ANONYMOUS-113.jpg,anonymous,ANONYMOUS,ANONYMOUS,0.4956894117647059,0.5671062745098039,0.5470356862745098,0.5366104575163398,0.42580117647058824,0.3079136810870736,0.33980909789280095,True,2,Neutral_Colors
18,ANONYMOUS-114.jpg,anonymous,ANONYMOUS,ANONYMOUS,0.6969321568627451,0.644266274509804,0.48284078431372546,0.6080130718954249,0.41806470588235295,0.38208157411734056,0.264709505942588,True,2,Neutral_Colors
19,ANONYMOUS-115.jpg,anonymous,ANONYMOUS,ANONYMOUS,0.5604286274509804,0.5763258823529411,0.5794239215686274,0.572059477124183,0.29787137254901963,0.3265559633253304,0.3376243246926818,True,2,Neutral_Colors
20,ANONYMOUS-116.jpg,anonymous,ANONYMOUS,ANONYMOUS,0.32975882352941177,0.4727192156862745,0.3851764705882353,0.3958848366013072,0.548901568627451,0.2776552803462799,0.32431666203596937,True,1,Cool_Tones
21,ANONYMOUS-117.jpg,anonymous,ANONYMOUS,ANONYMOUS,0.9146356862745099,0.8790643137254901,0.872227843137255,0.888642614379085,0.09225725490196078,0.3430833079543751,0.32717596547356476,True,5,Balanced_Natural
22,ANONYMOUS-118.jpg,anonymous,ANONYMOUS,ANONYMOUS,0.5721019607843137,0.44865764705882355,0.3477454901960784,0.4561683660130719,0.5088090196078431,0.4180485286868774,0.2541059120557265,True,0,Warm_Tones
23,ANONYMOUS-119.jpg,anonymous,ANONYMOUS,ANONYMOUS,0.4221403921568627,0.5027717647058823,0.5066219607843138,0.4771780392156863,0.37900823529411765,0.29488650816384676,0.35390117541581684,True,1,Cool_Tones
24,ANONYMOUS-12.jpg,anonymous,ANONYMOUS,ANONYMOUS,0.8657694117647059,0.6849541176470588,0.5074690196078431,0.6860641830065358,0.4330352941176471,0.42064528487959907,0.2465603975143975,True,2,Neutral_Colors
25,ANONYMOUS-120.jpg,anonymous,ANONYMOUS,ANONYMOUS,0.6836913725490196,0.7179850980392156,0.7240509803921569,0.7085758169934641,0.2984207843137255,0.32162686265675144,0.34061311079419504,True,5,Balanced_Natural
26,ANONYMOUS-121.jpg,anonymous,ANONYMOUS,ANONYMOUS,0.5705133333333333,0.4595149019607843,0.39800980392156865,0.47601267973856215,0.36671411764705886,0.39950821907969203,0.2787107305835037,True,0,Warm_Tones
27,ANONYMOUS-122.jpg,anonymous,ANONYMOUS,ANONYMOUS,0.17649137254901962,0.24107725490196077,0.21125960784313727,0.2096094117647059,0.48763098039215685,0.2806666144688241,0.3359570388681537,True,4,Dark_Moody
28,ANONYMOUS-123.jpg,anonymous,ANONYMOUS,ANONYMOUS,0.489298431372549,0.3777721568627451,0.17078588235294118,0.3459521568627451,0.7254878431372549,0.4714505076455491,0.16455620082027583,True,3,Vibrant_Bright
29,ANONYMOUS-124.jpg,anonymous,ANONYMOUS,ANONYMOUS,0.6949419607843137,0.44297882352941176,0.3776525490196078,0.505191111111111,0.5437352941176471,0.45853373569336453,0.24918114586237683,True,0,Warm_Tones
30,ANONYMOUS-125.jpg,anonymous,ANONYMOUS,ANONYMOUS,0.3646635294117647,0.42527607843137255,0.3885850980392157,0.39284156862745095,0.42136235294117647,0.3094234835876949,0.3297213595763574,True,4,Dark_Moody
31,ANONYMOUS-126.jpg,anonymous,ANONYMOUS,ANONYMOUS,0.3982439215686274,0.5229572549019608,0.5998972549019608,0.5070328104575164,0.5425392156862745,0.26181320783827783,0.39438398472126796,True,1,Cool_Tones
32,ANONYMOUS-127.jpg,anonymous,ANONYMOUS,ANONYMOUS,0.4642180392156863,0.3324635294117647,0.23493607843137257,0.3438725490196079,0.5433223529411765,0.44998996532215285,0.22773539340451293,True,3,Vibrant_Bright
33,ANONYMOUS-128.jpg,anonymous,ANONYMOUS,ANONYMOUS,0.7635309803921568,0.7546701960784313,0.6637741176470588,0.7273250980392157,0.26304235294117645,0.34992634083630836,0.30420775855196786,True,5,Balanced_Natural
34,ANONYMOUS-129.jpg,anonymous,ANONYMOUS,ANONYMOUS,0.30886274509803924,0.17051529411764707,0.07770823529411765,0.1856954248366013,0.7475694117647059,0.5544243410869792,0.13949023582076112,True,3,Vibrant_Bright
35,ANONYMOUS-13.jpg,anonymous,ANONYMOUS,ANONYMOUS,0.20980039215686275,0.3710164705882353,0.2987580392156863,0.2931916339869281,0.5708607843137256,0.238524488550866,0.3396614647464572,True,1,Cool_Tones
36,ANONYMOUS-130.jpg,anonymous,ANONYMOUS,ANONYMOUS,0.8562725490196079,0.7910023529411765,0.7396796078431372,0.7956515032679738,0.21234,0.35872999957588114,0.30988412008730687,True,5,Balanced_Natural
37,ANONYMOUS-131.jpg,anonymous,ANONYMOUS,ANONYMOUS,0.4519062745098039,0.5111,0.4591411764705883,0.4740491503267974,0.6215517647058824,0.31776308176426415,0.32285038608597316,True,1,Cool_Tones
38,ANONYMOUS-132.jpg,anonymous,ANONYMOUS,ANONYMOUS,0.6078870588235294,0.8576003921568627,0.8139682352941177,0.7598185620915032,0.32132901960784316,0.2666806798672037,0.3570887046002388,True,5,Balanced_Natural
39,ANONYMOUS-133.jpg,anonymous,ANONYMOUS,ANONYMOUS,0.7778494117647059,0.7374011764705882,0.758493725490196,0.75791477124183,0.22860117647058825,0.34210050134868175,0.33358781254502856,True,5,Balanced_Natural
40,ANONYMOUS-134.jpg,anonymous,ANONYMOUS,ANONYMOUS,0.8332078431372548,0.8209917647058824,0.6571423529411765,0.770447320261438,0.26762313725490194,0.3604864605876231,0.28431191912695924,True,5,Balanced_Natural
41,ANONYMOUS-135.jpg,anonymous,ANONYMOUS,ANONYMOUS,0.8949388235294117,0.8817850980392157,0.7169556862745098,0.8312265359477123,0.24825254901960786,0.3588826976135779,0.28750902742698364,True,5,Balanced_Natural
42,ANONYMOUS-136.jpg,anonymous,ANONYMOUS,ANONYMOUS,0.650236862745098,0.5736043137254903,0.46788392156862746,0.5639083660130718,0.4821862745098039,0.38436296720772406,0.27657191203169673,True,2,Neutral_Colors
43,ANONYMOUS-137.jpg,anonymous,ANONYMOUS,ANONYMOUS,0.5529737254901961,0.5833082352941176,0.6073494117647059,0.5812104575163399,0.5156537254901961,0.31713894178381347,0.34832423469909574,True,2,Neutral_Colors
44,ANONYMOUS-138.jpg,anonymous,ANONYMOUS,ANONYMOUS,0.6100105882352941,0.3882882352941176,0.19957254901960783,0.39929045751633985,0.744301568627451,0.5092450600035282,0.16660585350585078,True,3,Vibrant_Bright
45,ANONYMOUS-139.jpg,anonymous,ANONYMOUS,ANONYMOUS,0.29538901960784314,0.25805490196078434,0.27593529411764706,0.27645973856209155,0.6197168627450981,0.3561563370105496,0.33270059846957295,True,4,Dark_Moody
46,ANONYMOUS-14.jpg,anonymous,ANONYMOUS,ANONYMOUS,0.7868776470588235,0.7001533333333333,0.34716745098039214,0.611399477124183,0.6160713725490196,0.4290033207948361,0.18927464758867768,True,0,Warm_Tones
47,ANONYMOUS-140.jpg,anonymous,ANONYMOUS,ANONYMOUS,0.45324039215686274,0.43238901960784315,0.24840156862745097,0.3780103267973856,0.5751223529411765,0.39967161419921227,0.21904282500177097,True,0,Warm_Tones
48,ANONYMOUS-141.jpg,anonymous,ANONYMOUS,ANONYMOUS,0.2661223529411765,0.3310662745098039,0.4670639215686274,0.3547508496732026,0.6859321568627451,0.25005540567501877,0.4388652704037375,True,1,Cool_Tones
49,ANONYMOUS-142.jpg,anonymous,ANONYMOUS,ANONYMOUS,0.9020709803921568,0.8875721568627452,0.6958466666666666,0.8284966013071896,0.26290470588235293,0.362934748730063,0.27996348470441756,True,5,Balanced_Natural
50,ANONYMOUS-143.jpg,anonymous,ANONYMOUS,ANONYMOUS,0.8147717647058823,0.8184298039215686,0.7816105882352941,0.804937385620915,0.08252274509803921,0.3374057170387501,0.32367331858119397,True,5,Balanced_Natural
51,ANONYMOUS-144.jpg,anonymous,ANONYMOUS,ANONYMOUS,0.7448584313725489,0.6403349019607844,0.6378635294117647,0.6743522875816993,0.3373698039215687,0.36818444251606647,0.31529673033980565,True,2,Neutral_Colors
52,ANONYMOUS-145.jpg,anonymous,ANONYMOUS,ANONYMOUS,0.6558254901960784,0.5848803921568627,0.48093686274509806,0.5738809150326797,0.3532439215686275,0.3809298480381796,0.2793474922523597,True,2,Neutral_Colors
53,ANONYMOUS-146.jpg,anonymous,ANONYMOUS,ANONYMOUS,0.6345176470588235,0.7091396078431372,0.71394,0.6858657516339869,0.3406239215686274,0.30837781162924666,0.3469773549326894,True,2,Neutral_Colors
54,ANONYMOUS-147.jpg,anonymous,ANONYMOUS,ANONYMOUS,0.3597125490196078,0.24703882352941178,0.09270235294117647,0.23315124183006533,0.7325870588235294,0.5142756720494124,0.13253517284654592,True,3,Vibrant_Bright
55,ANONYMOUS-148.jpg,anonymous,ANONYMOUS,ANONYMOUS,0.4540486274509804,0.4127909803921569,0.296963137254902,0.3879342483660131,0.5399658823529412,0.39014191985843044,0.2551659921234277,True,4,Dark_Moody
56,ANONYMOUS-149.jpg,anonymous,ANONYMOUS,ANONYMOUS,0.3910058823529412,0.5859054901960784,0.18466117647058825,0.3871908496732026,0.704856862745098,0.3366174123738943,0.158975018522457,True,0,Warm_Tones
57,ANONYMOUS-15.jpg,anonymous,ANONYMOUS,ANONYMOUS,0.5334411764705882,0.5129796078431372,0.2727207843137255,0.4397138562091503,0.6158745098039216,0.40438477929313293,0.20674094733936724,True,0,Warm_Tones
58,ANONYMOUS-150.jpg,anonymous,ANONYMOUS,ANONYMOUS,0.518903137254902,0.496678431372549,0.3315658823529412,0.44904915032679743,0.5288913725490196,0.3851863073273538,0.24612423531470712,True,0,Warm_Tones
59,ANONYMOUS-151.jpg,anonymous,ANONYMOUS,ANONYMOUS,0.4710254901960785,0.48554039215686273,0.44411882352941173,0.46689490196078437,0.12488862745098038,0.33628207114411796,0.3170724322125083,True,2,Neutral_Colors
60,ANONYMOUS-152.jpg,anonymous,ANONYMOUS,ANONYMOUS,0.47308,0.5691929411764707,0.5083474509803921,0.5168734640522876,0.3376380392156863,0.3050905929667083,0.327834669089208,True,2,Neutral_Colors
61,ANONYMOUS-153.jpg,anonymous,ANONYMOUS,ANONYMOUS,0.8483721568627451,0.8349243137254901,0.8042113725490196,0.8291692810457517,0.18220392156862747,0.34105292095877543,0.3232999049501852,True,5,Balanced_Natural
62,ANONYMOUS-154.jpg,anonymous,ANONYMOUS,ANONYMOUS,0.7413486274509804,0.6730933333333333,0.5592172549019608,0.6578864052287582,0.30012941176470587,0.375621204480327,0.2833401871595774,True,2,Neutral_Colors
63,ANONYMOUS-155.jpg,anonymous,ANONYMOUS,ANONYMOUS,0.7135949019607843,0.49128235294117645,0.33539607843137254,0.5134244444444445,0.5671890196078431,0.46329078302336035,0.21775087149932332,True,0,Warm_Tones
64,ANONYMOUS-156.jpg,anonymous,ANONYMOUS,ANONYMOUS,0.6667223529411764,0.6386709803921569,0.5862650980392157,0.6305528104575163,0.2549941176470588,0.35245369324086867,0.3099210610092927,True,2,Neutral_Colors
65,ANONYMOUS-157.jpg,anonymous,ANONYMOUS,ANONYMOUS,0.8822533333333333,0.872784705882353,0.814024705882353,0.8563542483660131,0.15251803921568627,0.3434143411259206,0.3168565620201411,True,5,Balanced_Natural
66,ANONYMOUS-158.jpg,anonymous,ANONYMOUS,ANONYMOUS,0.3773956862745098,0.3681258823529412,0.33388627450980396,0.35980261437908495,0.4865380392156863,0.3496318273413674,0.30932327137452204,True,4,Dark_Moody
67,ANONYMOUS-159.jpg,anonymous,ANONYMOUS,ANONYMOUS,0.6925541176470589,0.47588431372549017,0.5131709803921568,0.5605364705882353,0.43056352941176473,0.41183981307554035,0.3051663909797204,True,2,Neutral_Colors
68,ANONYMOUS-16.jpg,anonymous,ANONYMOUS,ANONYMOUS,0.7135254901960785,0.39722313725490194,0.36910352941176466,0.49328405228758165,0.4403011764705882,0.48215965677887684,0.24941902357005188,True,0,Warm_Tones
69,ANONYMOUS-160.jpg,anonymous,ANONYMOUS,ANONYMOUS,0.7584964705882352,0.6758670588235295,0.6467870588235294,0.6937168627450981,0.31213529411764707,0.36445998209645064,0.3107832521570283,True,2,Neutral_Colors
70,ANONYMOUS-161.jpg,anonymous,ANONYMOUS,ANONYMOUS,0.7089717647058824,0.6584411764705882,0.5427007843137255,0.6367045751633987,0.33539137254901963,0.37116711119220225,0.2841194704545567,True,2,Neutral_Colors
71,ANONYMOUS-162.jpg,anonymous,ANONYMOUS,ANONYMOUS,0.8557439215686274,0.6823235294117648,0.7817011764705882,0.7732562091503268,0.2473262745098039,0.3688917690111064,0.3369736232513487,True,5,Balanced_Natural
72,ANONYMOUS-163.jpg,anonymous,ANONYMOUS,ANONYMOUS,0.8691309803921569,0.7899074509803922,0.7776490196078432,0.8122291503267974,0.21406235294117648,0.35668531200304465,0.31914175129568123,True,5,Balanced_Natural
73,ANONYMOUS-164.jpg,anonymous,ANONYMOUS,ANONYMOUS,0.594663137254902,0.6108545098039215,0.5907862745098039,0.5987679738562092,0.40904823529411766,0.3310479919721041,0.3288897488483739,True,2,Neutral_Colors
74,ANONYMOUS-165.jpg,anonymous,ANONYMOUS,ANONYMOUS,0.8816572549019608,0.7498921568627451,0.7057125490196079,0.779087320261438,0.24173450980392155,0.3772178268747747,0.30193973072794184,True,5,Balanced_Natural
75,ANONYMOUS-166.jpg,anonymous,ANONYMOUS,ANONYMOUS,0.9036643137254903,0.8363600000000001,0.7304764705882353,0.8235002614379087,0.2002286274509804,0.3657816883449516,0.2956793940511775,True,5,Balanced_Natural
76,ANONYMOUS-167.jpg,anonymous,ANONYMOUS,ANONYMOUS,0.4842447058823529,0.5705984313725491,0.5245843137254902,0.5264758169934641,0.3359027450980392,0.30659489866842,0.3321355351044025,True,2,Neutral_Colors
77,ANONYMOUS-168.jpg,anonymous,ANONYMOUS,ANONYMOUS,0.7722686274509805,0.4313878431372549,0.2289078431372549,0.4775214379084967,0.7357035294117646,0.5390809201171008,0.15978876561094688,True,3,Vibrant_Bright
78,ANONYMOUS-169.jpg,anonymous,ANONYMOUS,ANONYMOUS,0.4348164705882353,0.25780980392156866,0.20841333333333334,0.30034653594771243,0.5130878431372549,0.48257144772761756,0.23130293076604172,True,3,Vibrant_Bright
79,ANONYMOUS-17.jpg,anonymous,ANONYMOUS,ANONYMOUS,0.47509999999999997,0.6562600000000001,0.47745137254901965,0.5362704575163398,0.5465870588235294,0.2953110058740078,0.29677256384629896,True,2,Neutral_Colors
80,ANONYMOUS-170.jpg,anonymous,ANONYMOUS,ANONYMOUS,0.7666980392156864,0.3231050980392157,0.057498039215686275,0.3824337254901961,0.9275050980392157,0.6682616445252958,0.05011586345331079,True,3,Vibrant_Bright
81,ANONYMOUS-171.jpg,anonymous,ANONYMOUS,ANONYMOUS,0.5852749019607844,0.6122552941176471,0.5815227450980391,0.5930176470588235,0.3497827450980392,0.32898097602018067,0.3268719017667806,True,2,Neutral_Colors
82,ANONYMOUS-172.jpg,anonymous,ANONYMOUS,ANONYMOUS,0.7299988235294117,0.4385494117647059,0.3699933333333333,0.5128471895424837,0.5487576470588236,0.474474244921706,0.24048300052133628,True,0,Warm_Tones
83,ANONYMOUS-173.jpg,anonymous,ANONYMOUS,ANONYMOUS,0.5425141176470588,0.5219662745098039,0.40577568627450983,0.49008535947712417,0.4456631372549019,0.36899269223438863,0.2759896158482942,True,0,Warm_Tones
84,ANONYMOUS-174.jpg,anonymous,ANONYMOUS,ANONYMOUS,0.5104039215686275,0.36581647058823524,0.20950627450980394,0.3619088888888889,0.6285749019607842,0.47010308131470735,0.19296392727378592,True,3,Vibrant_Bright
85,ANONYMOUS-175.jpg,anonymous,ANONYMOUS,ANONYMOUS,0.5852584313725491,0.5653082352941177,0.4643670588235294,0.5383112418300654,0.309316862745098,0.362403769102742,0.28754540446368554,True,2,Neutral_Colors
86,ANONYMOUS-176.jpg,anonymous,ANONYMOUS,ANONYMOUS,0.31553411764705885,0.2757364705882353,0.2833709803921569,0.2915471895424837,0.3993647058823529,0.3607577871978225,0.3239848945802421,True,4,Dark_Moody
87,ANONYMOUS-177.jpg,anonymous,ANONYMOUS,ANONYMOUS,0.7353305882352941,0.6446145098039215,0.5679458823529412,0.6492969934640523,0.327536862745098,0.37750070108469497,0.29156949567531987,True,2,Neutral_Colors
88,ANONYMOUS-178.jpg,anonymous,ANONYMOUS,ANONYMOUS,0.6902560784313725,0.6963937254901961,0.6729007843137255,0.686516862745098,0.4222388235294118,0.3351487199321923,0.32672198558050863,True,2,Neutral_Colors
89,ANONYMOUS-179.jpg,anonymous,ANONYMOUS,ANONYMOUS,0.3707682352941177,0.4564388235294118,0.3108690196078432,0.37935869281045753,0.5019760784313725,0.3257848192542044,0.2731528694315839,True,4,Dark_Moody
90,ANONYMOUS-18.jpg,anonymous,ANONYMOUS,ANONYMOUS,0.2486670588235294,0.212101568627451,0.1418392156862745,0.20086928104575164,0.4551047058823529,0.4126508624216971,0.2353752642391411,True,4,Dark_Moody
91,ANONYMOUS-180.jpg,anonymous,ANONYMOUS,ANONYMOUS,0.8607066666666666,0.7576749019607844,0.6899101960784314,0.7694305882352941,0.24955764705882352,0.3728758673193415,0.29888331611451296,True,5,Balanced_Natural
92,ANONYMOUS-181.jpg,anonymous,ANONYMOUS,ANONYMOUS,0.7508847058823529,0.6464074509803922,0.5821823529411765,0.6598248366013072,0.2619843137254902,0.37933518356927404,0.2941093992109278,True,2,Neutral_Colors
93,ANONYMOUS-182.jpg,anonymous,ANONYMOUS,ANONYMOUS,0.7356925490196078,0.6364074509803921,0.5067764705882353,0.626292156862745,0.35888431372549023,0.39155962032440506,0.26972300137782523,True,2,Neutral_Colors
94,ANONYMOUS-183.jpg,anonymous,ANONYMOUS,ANONYMOUS,0.4979329411764706,0.40647058823529414,0.48171921568627446,0.4620409150326797,0.3821203921568628,0.3592269037576096,0.34752973346705274,True,2,Neutral_Colors
95,ANONYMOUS-184.jpg,anonymous,ANONYMOUS,ANONYMOUS,0.2892090196078431,0.2950419607843137,0.24279098039215688,0.27568065359477123,0.4593486274509804,0.34969044332784854,0.29356513736832934,True,4,Dark_Moody
96,ANONYMOUS-185.jpg,anonymous,ANONYMOUS,ANONYMOUS,0.5551121568627451,0.34003176470588237,0.16527372549019606,0.35347254901960784,0.720806274509804,0.5234839640008253,0.15585705320120422,True,3,Vibrant_Bright
97,ANONYMOUS-186.jpg,anonymous,ANONYMOUS,ANONYMOUS,0.8128941176470589,0.8403999999999999,0.4948090196078431,0.7160343790849674,0.4936423529411765,0.37842398026655716,0.2303468491244413,True,2,Neutral_Colors
98,ANONYMOUS-187.jpg,anonymous,ANONYMOUS,ANONYMOUS,0.48587843137254905,0.2706694117647059,0.2075956862745098,0.3213811764705883,0.7560223529411765,0.5039477138028142,0.21531594065172593,True,3,Vibrant_Bright
99,ANONYMOUS-188.jpg,anonymous,ANONYMOUS,ANONYMOUS,0.5811364705882353,0.5476121568627451,0.518623137254902,0.5491239215686274,0.3949741176470588,0.35276561749640795,0.3148183267115598,True,2,Neutral_Colors
100,ANONYMOUS-189.jpg,anonymous,ANONYMOUS,ANONYMOUS,0.2709435294117647,0.10564549019607843,0.08382588235294117,0.1534716339869281,0.7811843137254902,0.5884756114154419,0.18206556723160489,True,3,Vibrant_Bright
101,ANONYMOUS-19.jpg,anonymous,ANONYMOUS,ANONYMOUS,0.3126141176470588,0.44215803921568625,0.2711694117647059,0.341980522875817,0.6372572549019607,0.3047091788629915,0.26431246743907677,True,4,Dark_Moody
102,ANONYMOUS-190.jpg,anonymous,ANONYMOUS,ANONYMOUS,0.4729176470588235,0.4675211764705882,0.4641356862745098,0.4681915032679738,0.5468105882352942,0.3366979160307606,0.3304455211092945,True,4,Dark_Moody
103,ANONYMOUS-191.jpg,anonymous,ANONYMOUS,ANONYMOUS,0.41344745098039215,0.474298431372549,0.4110164705882353,0.4329207843137255,0.27347372549019605,0.31833932644010937,0.3164675609744057,True,4,Dark_Moody
104,ANONYMOUS-192.jpg,anonymous,ANONYMOUS,ANONYMOUS,0.6814180392156862,0.5771039215686274,0.4329043137254902,0.5638087581699346,0.5862639215686274,0.40286570370763913,0.2559402465890537,True,0,Warm_Tones
105,ANONYMOUS-193.jpg,anonymous,ANONYMOUS,ANONYMOUS,0.8497509803921568,0.8045482352941176,0.6441341176470589,0.7661444444444444,0.2784635294117647,0.3697086177614632,0.28024908447695146,True,5,Balanced_Natural
106,ANONYMOUS-194.jpg,anonymous,ANONYMOUS,ANONYMOUS,0.8562392156862746,0.838203137254902,0.7487858823529412,0.8144094117647059,0.2399050980392157,0.35045390064809034,0.3064738549851225,True,5,Balanced_Natural
107,ANONYMOUS-195.jpg,anonymous,ANONYMOUS,ANONYMOUS,0.8218603921568627,0.8160882352941177,0.6820576470588235,0.7733354248366012,0.266516862745098,0.3542490582623342,0.2939894432886794,True,5,Balanced_Natural
108,ANONYMOUS-196.jpg,anonymous,ANONYMOUS,ANONYMOUS,0.42392627450980397,0.5713643137254902,0.3479592156862745,0.44774993464052293,0.5442498039215686,0.31559726096732466,0.2590426260460229,True,4,Dark_Moody
109,ANONYMOUS-197.jpg,anonymous,ANONYMOUS,ANONYMOUS,0.5028262745098039,0.5125921568627452,0.4818807843137255,0.4990997385620915,0.361924705882353,0.3358219475573493,0.32183310952964744,True,2,Neutral_Colors
110,ANONYMOUS-198.jpg,anonymous,ANONYMOUS,ANONYMOUS,0.6245015686274509,0.54978,0.504301568627451,0.5595277124183007,0.3282066666666667,0.37204067092444887,0.30043270243943104,True,2,Neutral_Colors
111,ANONYMOUS-199.jpg,anonymous,ANONYMOUS,ANONYMOUS,0.6273647058823529,0.7399662745098039,0.6703772549019608,0.6792360784313725,0.2599870588235294,0.30787744149954777,0.3289857273504482,True,2,Neutral_Colors
112,ANONYMOUS-2.jpg,anonymous,ANONYMOUS,ANONYMOUS,0.5241607843137255,0.4078450980392157,0.39421803921568627,0.44207464052287576,0.5355078431372549,0.3952276689943065,0.29724825163850377,True,0,Warm_Tones
113,ANONYMOUS-20.jpg,anonymous,ANONYMOUS,ANONYMOUS,0.5077109803921568,0.6796156862745097,0.5798501960784314,0.5890589542483659,0.34077450980392154,0.28730044162249124,0.32812214791877486,True,2,Neutral_Colors
114,ANONYMOUS-200.jpg,anonymous,ANONYMOUS,ANONYMOUS,0.6374203921568627,0.567001568627451,0.41054862745098036,0.5383235294117648,0.5017835294117647,0.3946944929559921,0.25421414868331743,True,0,Warm_Tones
115,ANONYMOUS-201.jpg,anonymous,ANONYMOUS,ANONYMOUS,0.5070392156862744,0.4885313725490196,0.38956745098039214,0.46171267973856206,0.3601737254901961,0.3660565483544364,0.2812479036046654,True,2,Neutral_Colors
116,ANONYMOUS-202.jpg,anonymous,ANONYMOUS,ANONYMOUS,0.2735972549019608,0.34637960784313726,0.17100823529411766,0.26366169934640526,0.6229529411764706,0.34589388559442963,0.21619625897096278,True,4,Dark_Moody
117,ANONYMOUS-203.jpg,anonymous,ANONYMOUS,ANONYMOUS,0.6834074509803921,0.703056862745098,0.5795533333333334,0.6553392156862745,0.3208670588235294,0.34760985202392364,0.2947852677798091,True,2,Neutral_Colors
118,ANONYMOUS-204.jpg,anonymous,ANONYMOUS,ANONYMOUS,0.9469176470588235,0.9190678431372549,0.8988478431372549,0.921611111111111,0.09936235294117647,0.3424862154099493,0.3251000728327863,True,5,Balanced_Natural
119,ANONYMOUS-205.jpg,anonymous,ANONYMOUS,ANONYMOUS,0.19812588235294118,0.4641760784313726,0.5217231372549019,0.3946750326797386,0.8405811764705882,0.16733236090069623,0.44063482901170153,True,1,Cool_Tones
120,ANONYMOUS-206.jpg,anonymous,ANONYMOUS,ANONYMOUS,0.38244039215686276,0.2529352941176471,0.44408509803921564,0.3598202614379085,0.6107188235294119,0.35428803290150895,0.4113949233705809,True,1,Cool_Tones
121,ANONYMOUS-207.jpg,anonymous,ANONYMOUS,ANONYMOUS,0.6441007843137255,0.5698678431372549,0.3648447058823529,0.5262711111111111,0.5218486274509805,0.40796487003879844,0.23108778415512626,True,0,Warm_Tones
122,ANONYMOUS-208.jpg,anonymous,ANONYMOUS,ANONYMOUS,0.6452643137254901,0.5637858823529411,0.40706274509803925,0.5387043137254902,0.4077223529411765,0.39926907211490414,0.2518775036379631,True,0,Warm_Tones
123,ANONYMOUS-209.jpg,anonymous,ANONYMOUS,ANONYMOUS,0.4579482352941176,0.4281443137254902,0.2522172549019608,0.37943660130718954,0.5370019607843137,0.40230509428220357,0.2215715198635143,True,0,Warm_Tones
124,ANONYMOUS-21.jpg,anonymous,ANONYMOUS,ANONYMOUS,0.8579298039215686,0.7708066666666666,0.03801686274509804,0.5555844444444444,0.9360211764705881,0.514730807512466,0.022808917897977392,True,3,Vibrant_Bright
125,ANONYMOUS-210.jpg,anonymous,ANONYMOUS,ANONYMOUS,0.44370000000000004,0.3846090196078431,0.26734588235294116,0.36521830065359473,0.577803137254902,0.4049629077942767,0.24400533221652837,True,4,Dark_Moody
126,ANONYMOUS-211.jpg,anonymous,ANONYMOUS,ANONYMOUS,0.8121839215686274,0.772212156862745,0.7349047058823529,0.7731002614379084,0.2546027450980392,0.3501846663774935,0.31686463178391816,True,5,Balanced_Natural
127,ANONYMOUS-212.jpg,anonymous,ANONYMOUS,ANONYMOUS,0.94206,0.9494227450980393,0.9412588235294117,0.9442471895424837,0.020215294117647057,0.33256110542245865,0.3322782782854426,True,5,Balanced_Natural
128,ANONYMOUS-213.jpg,anonymous,ANONYMOUS,ANONYMOUS,0.5658505882352941,0.39515176470588237,0.2698501960784314,0.41028418300653596,0.7244188235294118,0.45972210803308167,0.21923826461187923,True,3,Vibrant_Bright
129,ANONYMOUS-214.jpg,anonymous,ANONYMOUS,ANONYMOUS,0.6157956862745098,0.6474039215686275,0.6887964705882353,0.6506653594771242,0.3021709803921569,0.3154695737400201,0.3528675724974717,True,2,Neutral_Colors
130,ANONYMOUS-215.jpg,anonymous,ANONYMOUS,ANONYMOUS,0.33071882352941173,0.4779552941176471,0.371061568627451,0.39324522875817,0.5513635294117647,0.2803327449058049,0.31452914276932953,True,1,Cool_Tones
131,ANONYMOUS-216.jpg,anonymous,ANONYMOUS,ANONYMOUS,0.9575094117647058,0.7657956862745098,0.7079650980392157,0.8104233986928104,0.2635556862745098,0.3938307718649981,0.29119133199996056,True,5,Balanced_Natural
132,ANONYMOUS-217.jpg,anonymous,ANONYMOUS,ANONYMOUS,0.30222392156862743,0.24150117647058822,0.11616392156862745,0.2199630065359477,0.6991564705882353,0.45799135096516824,0.17603527575346709,True,3,Vibrant_Bright
133,ANONYMOUS-218.jpg,anonymous,ANONYMOUS,ANONYMOUS,0.5567419607843137,0.55324,0.3060219607843137,0.47200130718954253,0.5683815686274509,0.39317798427392747,0.21611645279121453,True,0,Warm_Tones
134,ANONYMOUS-219.jpg,anonymous,ANONYMOUS,ANONYMOUS,0.3582854901960784,0.4949972549019608,0.44533098039215685,0.4328712418300653,0.6411219607843137,0.27589821920495644,0.34292771493412344,True,1,Cool_Tones
135,ANONYMOUS-22.jpg,anonymous,ANONYMOUS,ANONYMOUS,0.7636596078431372,0.6660129411764706,0.514784705882353,0.6481524183006536,0.4531607843137255,0.3927364374719584,0.2647445398144114,True,2,Neutral_Colors
136,ANONYMOUS-220.jpg,anonymous,ANONYMOUS,ANONYMOUS,0.7146650980392156,0.5705862745098039,0.5193658823529411,0.6015390849673202,0.41628039215686274,0.3960200979336991,0.2877981982849645,True,2,Neutral_Colors
137,ANONYMOUS-221.jpg,anonymous,ANONYMOUS,ANONYMOUS,0.4598133333333333,0.29382156862745096,0.22259019607843136,0.3254083660130718,0.5231611764705882,0.4710111051700877,0.22801090497940138,True,3,Vibrant_Bright
138,ANONYMOUS-222.jpg,anonymous,ANONYMOUS,ANONYMOUS,0.4851678431372549,0.5473560784313725,0.4559427450980392,0.4961555555555555,0.48137019607843134,0.3259512141259736,0.3063168621721528,True,2,Neutral_Colors
139,ANONYMOUS-223.jpg,anonymous,ANONYMOUS,ANONYMOUS,0.4261713725490196,0.45745254901960786,0.2716435294117647,0.3850891503267974,0.4311905882352941,0.3688938031566248,0.23513455178425466,True,4,Dark_Moody
140,ANONYMOUS-224.jpg,anonymous,ANONYMOUS,ANONYMOUS,0.6100964705882354,0.5506701960784314,0.48391333333333336,0.5482266666666668,0.2260207843137255,0.3709512486544414,0.294229296339736,True,2,Neutral_Colors
141,ANONYMOUS-225.jpg,anonymous,ANONYMOUS,ANONYMOUS,0.7387513725490196,0.726246274509804,0.39341607843137255,0.6194712418300653,0.5200658823529413,0.39751696024371436,0.21169444744234944,True,0,Warm_Tones
142,ANONYMOUS-226.jpg,anonymous,ANONYMOUS,ANONYMOUS,0.7074952941176471,0.8096070588235295,0.7235313725490196,0.7468779084967321,0.2787498039215686,0.3157566407718975,0.3229135763709672,True,5,Balanced_Natural
143,ANONYMOUS-227.jpg,anonymous,ANONYMOUS,ANONYMOUS,0.40011098039215687,0.4712792156862745,0.2563639215686274,0.37591803921568623,0.5281529411764706,0.35478533781956667,0.2273223304927257,True,4,Dark_Moody
144,ANONYMOUS-228.jpg,anonymous,ANONYMOUS,ANONYMOUS,0.7559086274509804,0.5914788235294117,0.2633937254901961,0.5369270588235294,0.6360839215686275,0.46928047658639016,0.16351914575273144,True,0,Warm_Tones
145,ANONYMOUS-229.jpg,anonymous,ANONYMOUS,ANONYMOUS,0.7707745098039216,0.7446231372549019,0.6892858823529412,0.7348945098039216,0.3000976470588235,0.3496076193765341,0.31264603763371557,True,5,Balanced_Natural
146,ANONYMOUS-23.jpg,anonymous,ANONYMOUS,ANONYMOUS,0.18240313725490195,0.3184796078431372,0.4353388235294117,0.3120738562091503,0.73294,0.1948288188804443,0.46499501092741247,True,1,Cool_Tones
147,ANONYMOUS-230.jpg,anonymous,ANONYMOUS,ANONYMOUS,0.7409105882352941,0.763638431372549,0.6090741176470588,0.704541045751634,0.24907098039215686,0.3505403705303828,0.28816576557367574,True,5,Balanced_Natural
148,ANONYMOUS-231.jpg,anonymous,ANONYMOUS,ANONYMOUS,0.6244227450980392,0.558123137254902,0.5059576470588236,0.5628345098039216,0.26185568627450984,0.3698081552174298,0.2996483801172197,True,2,Neutral_Colors
149,ANONYMOUS-232.jpg,anonymous,ANONYMOUS,ANONYMOUS,0.5920443137254903,0.5360007843137256,0.38932,0.5057883660130719,0.4585298039215686,0.3901789518630653,0.2565761819135742,True,0,Warm_Tones
150,ANONYMOUS-233.jpg,anonymous,ANONYMOUS,ANONYMOUS,0.6027545098039216,0.6828729411764706,0.13163607843137254,0.4724211764705883,0.8424207843137255,0.4252942886068663,0.09288038732332352,True,3,Vibrant_Bright
151,ANONYMOUS-234.jpg,anonymous,ANONYMOUS,ANONYMOUS,0.21480980392156862,0.1826027450980392,0.17709098039215687,0.1915011764705882,0.4312239215686275,0.37390445666548955,0.3082499289839897,True,4,Dark_Moody
152,ANONYMOUS-235.jpg,anonymous,ANONYMOUS,ANONYMOUS,0.11488784313725489,0.11051647058823529,0.0987156862745098,0.10803999999999998,0.3764196078431372,0.3544597330541832,0.30456430245034977,True,4,Dark_Moody
153,ANONYMOUS-236.jpg,anonymous,ANONYMOUS,ANONYMOUS,0.6095411764705883,0.37045960784313725,0.3367568627450981,0.4389192156862745,0.5972952941176471,0.4629103274408634,0.25574683978517604,True,0,Warm_Tones
154,ANONYMOUS-237.jpg,anonymous,ANONYMOUS,ANONYMOUS,0.9278980392156863,0.9103054901960784,0.8386270588235294,0.892276862745098,0.12140705882352941,0.34664042493140357,0.31329093040791395,True,5,Balanced_Natural
155,ANONYMOUS-238.jpg,anonymous,ANONYMOUS,ANONYMOUS,0.8997149019607843,0.8572262745098039,0.8153305882352941,0.8574239215686275,0.10498470588235294,0.3497742985525328,0.316968946459502,True,5,Balanced_Natural
156,ANONYMOUS-239.jpg,anonymous,ANONYMOUS,ANONYMOUS,0.20081803921568625,0.48162313725490197,0.40308901960784316,0.36184339869281046,0.7250725490196078,0.1849951801856617,0.37132882137706835,True,1,Cool_Tones
157,ANONYMOUS-24.jpg,anonymous,ANONYMOUS,ANONYMOUS,0.7665058823529411,0.6993392156862746,0.6688905882352941,0.7115785620915033,0.18951647058823531,0.3590634326384433,0.313336343791714,True,5,Balanced_Natural
158,ANONYMOUS-240.jpg,anonymous,ANONYMOUS,ANONYMOUS,0.5851337254901962,0.5194756862745098,0.20470235294117647,0.4364372549019608,0.6435690196078431,0.44690141367531677,0.15634335695731175,True,0,Warm_Tones
159,ANONYMOUS-241.jpg,anonymous,ANONYMOUS,ANONYMOUS,0.37779999999999997,0.39046901960784314,0.22428549019607844,0.33085150326797386,0.916283137254902,0.3806336232767818,0.2259677045572855,True,3,Vibrant_Bright
160,ANONYMOUS-242.jpg,anonymous,ANONYMOUS,ANONYMOUS,0.5116941176470589,0.6668882352941177,0.7128007843137254,0.630461045751634,0.3557721568627451,0.27053949938996336,0.3768672742218633,True,2,Neutral_Colors
161,ANONYMOUS-243.jpg,anonymous,ANONYMOUS,ANONYMOUS,0.9033811764705882,0.8329396078431373,0.7838407843137255,0.8400538562091504,0.16834470588235295,0.3584614690006264,0.31102786545259514,True,5,Balanced_Natural
162,ANONYMOUS-244.jpg,anonymous,ANONYMOUS,ANONYMOUS,0.557807843137255,0.4300203921568627,0.4678188235294118,0.48521568627450984,0.4907686274509804,0.3832024092335075,0.3213818207592761,True,2,Neutral_Colors
163,ANONYMOUS-245.jpg,anonymous,ANONYMOUS,ANONYMOUS,0.8587760784313725,0.7684098039215687,0.6888843137254902,0.7720233986928106,0.265043137254902,0.37079001711408993,0.29743658782679394,True,5,Balanced_Natural
164,ANONYMOUS-246.jpg,anonymous,ANONYMOUS,ANONYMOUS,0.8746976470588235,0.8542972549019607,0.8149345098039216,0.8479764705882352,0.11292745098039217,0.34383709672783547,0.32034465488331004,True,5,Balanced_Natural
165,ANONYMOUS-247.jpg,anonymous,ANONYMOUS,ANONYMOUS,0.5528631372549019,0.22904980392156862,0.30202392156862745,0.36131228758169937,0.6511839215686274,0.5100505815478786,0.27863582586159025,True,3,Vibrant_Bright
166,ANONYMOUS-248.jpg,anonymous,ANONYMOUS,ANONYMOUS,0.24590901960784314,0.4179407843137255,0.36381960784313727,0.3425564705882353,0.5936376470588235,0.23928782690704362,0.35402362827435085,True,1,Cool_Tones
167,ANONYMOUS-249.jpg,anonymous,ANONYMOUS,ANONYMOUS,0.31180431372549017,0.3411035294117647,0.28546039215686275,0.31278941176470587,0.46820235294117646,0.33228318022144004,0.30420902712927234,True,4,Dark_Moody
168,ANONYMOUS-25.jpg,anonymous,ANONYMOUS,ANONYMOUS,0.2713498039215686,0.2797156862745098,0.21970627450980393,0.2569239215686275,0.8033921568627451,0.35204902968401125,0.28504675381678957,True,4,Dark_Moody
169,ANONYMOUS-250.jpg,anonymous,ANONYMOUS,ANONYMOUS,0.1122870588235294,0.11359725490196079,0.1199992156862745,0.11529450980392157,0.5525513725490196,0.3246374129958706,0.3469343248463686,True,4,Dark_Moody
170,ANONYMOUS-251.jpg,anonymous,ANONYMOUS,ANONYMOUS,0.7158258823529411,0.7184843137254903,0.5941780392156862,0.6761627450980391,0.26443999999999995,0.35288621201342046,0.29291653555634195,True,2,Neutral_Colors
171,ANONYMOUS-252.jpg,anonymous,ANONYMOUS,ANONYMOUS,0.7080094117647058,0.49479803921568627,0.3570258823529412,0.5199444444444444,0.5388180392156863,0.45390038969824736,0.22888705212045463,True,0,Warm_Tones
172,ANONYMOUS-253.jpg,anonymous,ANONYMOUS,ANONYMOUS,0.33574156862745097,0.30753450980392155,0.31827529411764705,0.3205171241830065,0.5092474509803921,0.3491661798279584,0.3310015171341294,True,4,Dark_Moody
173,ANONYMOUS-254.jpg,anonymous,ANONYMOUS,ANONYMOUS,0.7427827450980392,0.36467529411764704,0.23611803921568628,0.44785869281045754,0.7096474509803922,0.5528396971204947,0.17573836514936256,True,3,Vibrant_Bright
174,ANONYMOUS-255.jpg,anonymous,ANONYMOUS,ANONYMOUS,0.4124772549019608,0.4653843137254902,0.3829513725490196,0.4202709803921569,0.6050894117647059,0.32715156569182335,0.3037334534798102,True,4,Dark_Moody
175,ANONYMOUS-256.jpg,anonymous,ANONYMOUS,ANONYMOUS,0.16293607843137253,0.12099725490196078,0.09520627450980391,0.12637986928104575,0.3266070588235294,0.42975106084860343,0.25111072921314154,True,4,Dark_Moody
176,ANONYMOUS-257.jpg,anonymous,ANONYMOUS,ANONYMOUS,0.932584705882353,0.9290298039215686,0.9147007843137256,0.925438431372549,0.059889411764705885,0.3359072263698044,0.32946562545908714,True,5,Balanced_Natural
177,ANONYMOUS-258.jpg,anonymous,ANONYMOUS,ANONYMOUS,0.4278164705882353,0.5932588235294118,0.5450556862745098,0.522043660130719,0.5599478431372549,0.2731675720465849,0.3480266625664772,True,1,Cool_Tones
178,ANONYMOUS-259.jpg,anonymous,ANONYMOUS,ANONYMOUS,0.36952745098039214,0.317638431372549,0.20801019607843138,0.29839202614379084,0.5269788235294118,0.41279816014493875,0.23236765226711306,True,4,Dark_Moody
179,ANONYMOUS-26.jpg,anonymous,ANONYMOUS,ANONYMOUS,0.5816164705882353,0.4843745098039216,0.3971043137254902,0.48769843137254903,0.3467192156862745,0.3975243959858378,0.2714136556302146,True,0,Warm_Tones
180,ANONYMOUS-260.jpg,anonymous,ANONYMOUS,ANONYMOUS,0.535273725490196,0.4623262745098039,0.3659886274509804,0.4545295424836601,0.37191607843137253,0.39254751922013914,0.26840085908774436,True,0,Warm_Tones
181,ANONYMOUS-261.jpg,anonymous,ANONYMOUS,ANONYMOUS,0.6282603921568628,0.5601,0.336098431372549,0.5081529411764706,0.6060713725490197,0.4121200063523626,0.22047050777265997,True,0,Warm_Tones
182,ANONYMOUS-262.jpg,anonymous,ANONYMOUS,ANONYMOUS,0.34507764705882354,0.34124823529411763,0.26185764705882353,0.31606117647058823,0.3027376470588235,0.3639351163775083,0.27616739035098464,True,4,Dark_Moody
183,ANONYMOUS-263.jpg,anonymous,ANONYMOUS,ANONYMOUS,0.9120549019607843,0.8419309803921569,0.7037137254901961,0.819233202614379,0.2656254901960784,0.3711008977457177,0.2863301263158212,True,5,Balanced_Natural
184,ANONYMOUS-264.jpg,anonymous,ANONYMOUS,ANONYMOUS,0.11326352941176471,0.08733450980392156,0.06716039215686274,0.08925281045751633,0.6216121568627451,0.42300481753777963,0.2508236285556592,True,3,Vibrant_Bright
185,ANONYMOUS-265.jpg,anonymous,ANONYMOUS,ANONYMOUS,0.21192470588235293,0.19498156862745097,0.11184666666666668,0.1729176470588235,0.4516501960784314,0.4085264497494392,0.21560639407001342,True,4,Dark_Moody
186,ANONYMOUS-266.jpg,anonymous,ANONYMOUS,ANONYMOUS,0.26047333333333333,0.32533686274509804,0.2661686274509804,0.2839929411764706,0.489118431372549,0.3057271148209783,0.31241189063415864,True,4,Dark_Moody
187,ANONYMOUS-267.jpg,anonymous,ANONYMOUS,ANONYMOUS,0.6604941176470588,0.5082478431372548,0.3485705882352941,0.5057708496732026,0.5461588235294118,0.43530496255953716,0.22972877851154655,True,0,Warm_Tones
188,ANONYMOUS-268.jpg,anonymous,ANONYMOUS,ANONYMOUS,0.7467505882352942,0.6772290196078431,0.42670901960784313,0.6168962091503268,0.43733921568627454,0.4034985538141368,0.23056757506960496,True,0,Warm_Tones
189,ANONYMOUS-269.jpg,anonymous,ANONYMOUS,ANONYMOUS,0.7058360784313725,0.6715576470588235,0.3821905882352941,0.5865281045751634,0.5420741176470588,0.4011377413334611,0.21720492053101953,True,0,Warm_Tones
190,ANONYMOUS-27.jpg,anonymous,ANONYMOUS,ANONYMOUS,0.8347117647058823,0.778561568627451,0.6473521568627452,0.7535418300653595,0.3427952941176471,0.3692391327474369,0.28635962626740524,True,5,Balanced_Natural
191,ANONYMOUS-270.jpg,anonymous,ANONYMOUS,ANONYMOUS,0.3659058823529412,0.3247372549019608,0.28001764705882354,0.32355359477124185,0.45700392156862746,0.37696537379561396,0.288481169841049,True,4,Dark_Moody
192,ANONYMOUS-271.jpg,anonymous,ANONYMOUS,ANONYMOUS,0.24804470588235292,0.2178486274509804,0.18693803921568625,0.21761045751633987,0.32425882352941177,0.37995160214535445,0.2863492177720545,True,4,Dark_Moody
193,ANONYMOUS-272.jpg,anonymous,ANONYMOUS,ANONYMOUS,0.4756827450980392,0.41964392156862745,0.31724823529411766,0.4041916339869281,0.5005870588235294,0.3922911088112843,0.2616316510835441,True,4,Dark_Moody
194,ANONYMOUS-273.jpg,anonymous,ANONYMOUS,ANONYMOUS,0.5297149019607843,0.49207411764705883,0.4275756862745098,0.48312156862745104,0.261904705882353,0.36548049937355287,0.2950088335464015,True,2,Neutral_Colors
195,ANONYMOUS-274.jpg,anonymous,ANONYMOUS,ANONYMOUS,0.6318725490196079,0.5678074509803921,0.44807372549019603,0.5492512418300654,0.4786054901960784,0.3834748820590577,0.2719298682981456,True,0,Warm_Tones
196,ANONYMOUS-275.jpg,anonymous,ANONYMOUS,ANONYMOUS,0.5575572549019607,0.6367701960784313,0.4353062745098039,0.5432112418300653,0.5772086274509803,0.3421363365549583,0.26711892407598475,True,0,Warm_Tones
197,ANONYMOUS-276.jpg,anonymous,ANONYMOUS,ANONYMOUS,0.3748419607843137,0.4390074509803922,0.28709960784313726,0.3669830065359478,0.5951549019607844,0.34047136937045686,0.260774424569611,True,4,Dark_Moody
198,ANONYMOUS-277.jpg,anonymous,ANONYMOUS,ANONYMOUS,0.8011356862745098,0.6410741176470588,0.49956666666666666,0.6472588235294118,0.39463450980392156,0.4125785258141947,0.2572728720121208,True,2,Neutral_Colors
199,ANONYMOUS-278.jpg,anonymous,ANONYMOUS,ANONYMOUS,0.6530513725490196,0.6314576470588236,0.41820666666666667,0.5675718954248367,0.467444705882353,0.38353495787832753,0.24561142205148034,True,0,Warm_Tones
200,ANONYMOUS-279.jpg,anonymous,ANONYMOUS,ANONYMOUS,0.4503466666666666,0.4596913725490196,0.32872666666666667,0.41292156862745094,0.5661709803921569,0.36354466750909287,0.2653662957455865,True,4,Dark_Moody
201,ANONYMOUS-28.jpg,anonymous,ANONYMOUS,ANONYMOUS,0.3546964705882353,0.4676635294117647,0.43279411764705883,0.41838470588235294,0.590683137254902,0.28259174153164196,0.34481325181415357,True,1,Cool_Tones
202,ANONYMOUS-280.jpg,anonymous,ANONYMOUS,ANONYMOUS,0.19976627450980391,0.323218431372549,0.23429254901960783,0.2524257516339869,0.48945529411764704,0.26379507561017473,0.30938766233283693,True,4,Dark_Moody
203,ANONYMOUS-281.jpg,anonymous,ANONYMOUS,ANONYMOUS,0.5594278431372549,0.5391839215686274,0.36599882352941177,0.48820352941176465,0.44834196078431376,0.38196327793043605,0.24989480246459245,True,0,Warm_Tones
204,ANONYMOUS-282.jpg,anonymous,ANONYMOUS,ANONYMOUS,0.47529176470588236,0.4361592156862745,0.3249019607843137,0.41211764705882353,0.42033921568627447,0.3844301772141492,0.262790411356758,True,4,Dark_Moody
205,ANONYMOUS-283.jpg,anonymous,ANONYMOUS,ANONYMOUS,0.18126705882352942,0.16642235294117647,0.18408196078431371,0.17725712418300654,0.20908823529411766,0.34087340407444716,0.34616683808135357,True,4,Dark_Moody
206,ANONYMOUS-284.jpg,anonymous,ANONYMOUS,ANONYMOUS,0.8195698039215686,0.8345149019607843,0.786363137254902,0.813482614379085,0.16254745098039214,0.33582748772885246,0.3222207011084131,True,5,Balanced_Natural
207,ANONYMOUS-285.jpg,anonymous,ANONYMOUS,ANONYMOUS,0.2856494117647059,0.5412717647058823,0.5137941176470588,0.4469050980392157,0.8264203921568628,0.21305731348084916,0.3832235946570616,True,1,Cool_Tones
208,ANONYMOUS-286.jpg,anonymous,ANONYMOUS,ANONYMOUS,0.5683023529411765,0.5245698039215686,0.46895176470588235,0.5206079738562092,0.37942156862745097,0.36387071629667617,0.30025885630950755,True,2,Neutral_Colors
209,ANONYMOUS-287.jpg,anonymous,ANONYMOUS,ANONYMOUS,0.48698196078431377,0.535030588235294,0.4480956862745098,0.4900360784313725,0.34925490196078435,0.33125562991711,0.304804347538747,True,2,Neutral_Colors
210,ANONYMOUS-288.jpg,anonymous,ANONYMOUS,ANONYMOUS,0.8527368627450981,0.20825098039215686,0.22296980392156865,0.4279858823529412,0.7126407843137255,0.6641466722456136,0.17365808815753353,True,3,Vibrant_Bright
211,ANONYMOUS-289.jpg,anonymous,ANONYMOUS,ANONYMOUS,0.591416862745098,0.6516929411764706,0.5742960784313725,0.6058019607843136,0.30685725490196075,0.32541797243521425,0.3159975259298287,True,2,Neutral_Colors
212,ANONYMOUS-29.jpg,anonymous,ANONYMOUS,ANONYMOUS,0.2773686274509804,0.3010917647058824,0.2699576470588235,0.2828060130718954,0.33749098039215686,0.32692409603088524,0.3181890487846472,True,4,Dark_Moody
213,ANONYMOUS-290.jpg,anonymous,ANONYMOUS,ANONYMOUS,0.41395803921568625,0.5126098039215686,0.5741090196078431,0.5002256209150326,0.37014901960784313,0.2758473683742214,0.3825664613707706,True,1,Cool_Tones
214,ANONYMOUS-291.jpg,anonymous,ANONYMOUS,ANONYMOUS,0.3378043137254902,0.3394345098039216,0.20992823529411764,0.2957223529411765,0.6566094117647059,0.38076699264111397,0.23662735961493334,True,4,Dark_Moody
215,ANONYMOUS-292.jpg,anonymous,ANONYMOUS,ANONYMOUS,0.38000627450980395,0.43542156862745096,0.36791254901960785,0.39444679738562094,0.5024364705882353,0.3211298759837775,0.3109098958746114,True,4,Dark_Moody
216,ANONYMOUS-293.jpg,anonymous,ANONYMOUS,ANONYMOUS,0.5387882352941176,0.5072270588235294,0.4588933333333333,0.5016362091503267,0.19847725490196078,0.35802032591599436,0.30493082439150054,True,2,Neutral_Colors
217,ANONYMOUS-294.jpg,anonymous,ANONYMOUS,ANONYMOUS,0.6629580392156863,0.480841568627451,0.3298262745098039,0.4912086274509804,0.5610686274509804,0.4498818847258953,0.2238193931310279,True,0,Warm_Tones
218,ANONYMOUS-295.jpg,anonymous,ANONYMOUS,ANONYMOUS,0.7575501960784313,0.6000066666666667,0.4474901960784314,0.6016823529411764,0.4423227450980392,0.41968422523452226,0.24791040542715007,True,0,Warm_Tones
219,ANONYMOUS-296.jpg,anonymous,ANONYMOUS,ANONYMOUS,0.7674090196078431,0.7475972549019608,0.7376619607843138,0.7508894117647058,0.3110262745098039,0.3406665335435485,0.3274612842519695,True,5,Balanced_Natural
220,ANONYMOUS-297.jpg,anonymous,ANONYMOUS,ANONYMOUS,0.36571333333333333,0.38689098039215686,0.25376117647058827,0.33545516339869286,0.462881568627451,0.36339975237259586,0.252155828858278,True,4,Dark_Moody
221,ANONYMOUS-298.jpg,anonymous,ANONYMOUS,ANONYMOUS,0.6655086274509804,0.6661294117647059,0.6658886274509804,0.6658422222222221,0.13316431372549017,0.33316616263019494,0.3333563977925615,True,5,Balanced_Natural
222,ANONYMOUS-299.jpg,anonymous,ANONYMOUS,ANONYMOUS,0.8055309803921569,0.4175741176470588,0.35044549019607846,0.5245168627450981,0.6134356862745097,0.5119190158204748,0.22270988305448305,True,0,Warm_Tones
223,ANONYMOUS-3.jpg,anonymous,ANONYMOUS,ANONYMOUS,0.7676996078431372,0.7818160784313726,0.73198,0.7604985620915032,0.28531372549019607,0.3364894687165754,0.32083325143691577,True,5,Balanced_Natural
224,ANONYMOUS-30.jpg,anonymous,ANONYMOUS,ANONYMOUS,0.4470870588235294,0.5085611764705882,0.40761058823529417,0.4544196078431373,0.4451498039215686,0.32795440099308676,0.2989969932364108,True,4,Dark_Moody
225,ANONYMOUS-300.jpg,anonymous,ANONYMOUS,ANONYMOUS,0.4885658823529412,0.49844392156862743,0.36224117647058823,0.44975032679738564,0.5561803921568628,0.3621012897909112,0.2684755566304996,True,0,Warm_Tones
226,ANONYMOUS-301.jpg,anonymous,ANONYMOUS,ANONYMOUS,0.2299713725490196,0.24340784313725491,0.18363921568627453,0.21900614379084968,0.6047650980392157,0.35002217829173937,0.27950347724517416,True,4,Dark_Moody
227,ANONYMOUS-302.jpg,anonymous,ANONYMOUS,ANONYMOUS,0.5228498039215685,0.41953098039215686,0.3939149019607843,0.4454318954248366,0.42130196078431376,0.3912677546026345,0.2947810213156991,True,4,Dark_Moody
228,ANONYMOUS-303.jpg,anonymous,ANONYMOUS,ANONYMOUS,0.7085356862745098,0.6683725490196079,0.48636392156862746,0.6210907189542484,0.32565647058823527,0.380263990636507,0.2610266346494974,True,2,Neutral_Colors
229,ANONYMOUS-304.jpg,anonymous,ANONYMOUS,ANONYMOUS,0.19243960784313724,0.15763019607843137,0.10606117647058824,0.15204366013071893,0.4986537254901961,0.4218945746309838,0.23252299998654505,True,4,Dark_Moody
230,ANONYMOUS-305.jpg,anonymous,ANONYMOUS,ANONYMOUS,0.6807854901960785,0.6282678431372549,0.4400921568627451,0.5830484967320262,0.3815878431372549,0.3892101056211494,0.2516039447407352,True,2,Neutral_Colors
231,ANONYMOUS-306.jpg,anonymous,ANONYMOUS,ANONYMOUS,0.3960635294117647,0.5446219607843138,0.2629666666666667,0.4012173856209151,0.6318470588235294,0.32905121143376737,0.21847378970207218,True,0,Warm_Tones
232,ANONYMOUS-307.jpg,anonymous,ANONYMOUS,ANONYMOUS,0.7472015686274509,0.7876172549019608,0.5598501960784313,0.6982230065359477,0.40512549019607846,0.35671564572606973,0.2672736950630747,True,2,Neutral_Colors
233,ANONYMOUS-308.jpg,anonymous,ANONYMOUS,ANONYMOUS,0.2573603921568628,0.20381764705882355,0.22072980392156863,0.22730261437908497,0.5367101960784314,0.377411724084448,0.3236940041810545,True,4,Dark_Moody
234,ANONYMOUS-309.jpg,anonymous,ANONYMOUS,ANONYMOUS,0.3517380392156863,0.42248313725490194,0.3181258823529412,0.3641156862745098,0.5475658823529411,0.32200179821302743,0.29123124244443316,True,4,Dark_Moody
235,ANONYMOUS-31.jpg,anonymous,ANONYMOUS,ANONYMOUS,0.23939137254901963,0.18802,0.06543137254901961,0.16428091503267975,0.3921262745098039,0.48573482960892317,0.13276291562958487,True,3,Vibrant_Bright
236,ANONYMOUS-310.jpg,anonymous,ANONYMOUS,ANONYMOUS,0.4223356862745098,0.35641686274509804,0.44086980392156866,0.4065407843137255,0.6327490196078431,0.3462836991896132,0.3614802904998427,True,1,Cool_Tones
237,ANONYMOUS-311.jpg,anonymous,ANONYMOUS,ANONYMOUS,0.07997843137254902,0.10087529411764705,0.06834235294117647,0.08306535947712418,0.2615686274509804,0.3209444985310076,0.2742502174237872,True,4,Dark_Moody
238,ANONYMOUS-312.jpg,anonymous,ANONYMOUS,ANONYMOUS,0.6580827450980392,0.5501250980392157,0.43717333333333336,0.5484603921568628,0.4831725490196079,0.3999573804243179,0.26569713686280955,True,0,Warm_Tones
239,ANONYMOUS-313.jpg,anonymous,ANONYMOUS,ANONYMOUS,0.4599658823529412,0.5663125490196078,0.38210745098039217,0.46946196078431374,0.6691717647058824,0.3265905754422342,0.2713085841455858,True,0,Warm_Tones
240,ANONYMOUS-314.jpg,anonymous,ANONYMOUS,ANONYMOUS,0.3075854901960784,0.3605627450980392,0.39783411764705884,0.35532745098039215,0.39952196078431373,0.2885462416907478,0.3732085651707286,True,1,Cool_Tones
241,ANONYMOUS-315.jpg,anonymous,ANONYMOUS,ANONYMOUS,0.8353294117647059,0.659138431372549,0.5205211764705883,0.6716630065359478,0.391261568627451,0.41455759266106806,0.2583244439949593,True,2,Neutral_Colors
242,ANONYMOUS-316.jpg,anonymous,ANONYMOUS,ANONYMOUS,0.7263388235294117,0.7732670588235294,0.692804705882353,0.7308035294117646,0.23566666666666666,0.3312967452950078,0.3160012059779351,True,5,Balanced_Natural
243,ANONYMOUS-317.jpg,anonymous,ANONYMOUS,ANONYMOUS,0.9465847058823529,0.9101105882352941,0.8604839215686274,0.9057264052287581,0.09381254901960784,0.3483702333830203,0.31668268324679233,True,5,Balanced_Natural
244,ANONYMOUS-318.jpg,anonymous,ANONYMOUS,ANONYMOUS,0.8573188235294118,0.843664705882353,0.7943596078431373,0.831781045751634,0.13709254901960782,0.3435673704199124,0.318336695922432,True,5,Balanced_Natural
245,ANONYMOUS-319.jpg,anonymous,ANONYMOUS,ANONYMOUS,0.31430117647058825,0.3116141176470588,0.22680627450980392,0.284240522875817,0.4806109803921569,0.36858550252339384,0.2659789747031946,True,4,Dark_Moody
246,ANONYMOUS-32.jpg,anonymous,ANONYMOUS,ANONYMOUS,0.25545843137254903,0.4137309803921569,0.3410235294117647,0.33673764705882353,0.5740388235294117,0.25287557512327374,0.3375755525751476,True,1,Cool_Tones
247,ANONYMOUS-320.jpg,anonymous,ANONYMOUS,ANONYMOUS,0.8412227450980392,0.8394580392156863,0.8332447058823529,0.8379751633986928,0.1486329411764706,0.33462503711969177,0.3314514999272562,True,5,Balanced_Natural
248,ANONYMOUS-321.jpg,anonymous,ANONYMOUS,ANONYMOUS,0.6693509803921569,0.5956956862745098,0.6022843137254902,0.622443660130719,0.2420156862745098,0.3584531231835847,0.32253735278448187,True,2,Neutral_Colors
249,ANONYMOUS-322.jpg,anonymous,ANONYMOUS,ANONYMOUS,0.7282823529411764,0.7175380392156863,0.7146980392156862,0.7201728104575164,0.11848745098039216,0.3370866942300576,0.33079917210540805,True,5,Balanced_Natural
250,ANONYMOUS-323.jpg,anonymous,ANONYMOUS,ANONYMOUS,0.7187917647058824,0.6705098039215686,0.5525643137254902,0.6472886274509805,0.34995921568627447,0.3701550148663792,0.28455313736848603,True,2,Neutral_Colors
251,ANONYMOUS-324.jpg,anonymous,ANONYMOUS,ANONYMOUS,0.7656227450980392,0.5000454901960785,0.3526094117647059,0.5394258823529412,0.5704454901960785,0.473109341515157,0.21789165444749808,True,0,Warm_Tones
252,ANONYMOUS-325.jpg,anonymous,ANONYMOUS,ANONYMOUS,0.9229843137254902,0.9098349019607843,0.8774811764705882,0.9034334640522875,0.09164784313725491,0.34054674376674304,0.3237577853923792,True,5,Balanced_Natural
253,ANONYMOUS-326.jpg,anonymous,ANONYMOUS,ANONYMOUS,0.13252117647058825,0.15781960784313726,0.19247686274509804,0.16093921568627453,0.49306666666666665,0.2744740230682158,0.3986525042427532,True,1,Cool_Tones
254,ANONYMOUS-327.jpg,anonymous,ANONYMOUS,ANONYMOUS,0.4042027450980392,0.42926509803921564,0.32536196078431373,0.3862766013071895,0.4608788235294118,0.34880220971878506,0.28076744222130184,True,4,Dark_Moody
255,ANONYMOUS-328.jpg,anonymous,ANONYMOUS,ANONYMOUS,0.6413603921568627,0.5037611764705883,0.40984196078431373,0.5183211764705883,0.41331411764705883,0.41245982144652915,0.2635699741262618,True,0,Warm_Tones
256,ANONYMOUS-329.jpg,anonymous,ANONYMOUS,ANONYMOUS,0.8518160784313725,0.8573847058823529,0.7467937254901961,0.8186648366013073,0.16549333333333333,0.3468312849233908,0.30406966238705274,True,5,Balanced_Natural
257,ANONYMOUS-33.jpg,anonymous,ANONYMOUS,ANONYMOUS,0.36907764705882357,0.29502117647058823,0.10121686274509804,0.25510522875816993,0.7436317647058824,0.48225480206822496,0.13225487508682487,True,3,Vibrant_Bright
258,ANONYMOUS-330.jpg,anonymous,ANONYMOUS,ANONYMOUS,0.6023007843137255,0.5968513725490197,0.42362666666666665,0.5409262745098039,0.45948509803921567,0.37115372990266243,0.26104999613891783,True,0,Warm_Tones
259,ANONYMOUS-331.jpg,anonymous,ANONYMOUS,ANONYMOUS,0.43175294117647056,0.48771019607843136,0.5253078431372549,0.4815903267973856,0.35803098039215686,0.29883811911917,0.36359221404243297,True,1,Cool_Tones
260,ANONYMOUS-332.jpg,anonymous,ANONYMOUS,ANONYMOUS,0.8562956862745098,0.7133305882352942,0.4270482352941177,0.6655581699346406,0.5235262745098039,0.42886071475810317,0.21387963802693952,True,0,Warm_Tones
261,ANONYMOUS-333.jpg,anonymous,ANONYMOUS,ANONYMOUS,0.40905882352941175,0.5267058823529411,0.34863960784313724,0.42813477124183,0.42656823529411764,0.31848110495814874,0.27144049009879007,True,4,Dark_Moody
262,ANONYMOUS-334.jpg,anonymous,ANONYMOUS,ANONYMOUS,0.7487105882352941,0.712826274509804,0.6782356862745098,0.7132575163398694,0.20783333333333334,0.3499017868401705,0.3169661044671109,True,5,Balanced_Natural
263,ANONYMOUS-335.jpg,anonymous,ANONYMOUS,ANONYMOUS,0.8226780392156863,0.628747843137255,0.40189803921568623,0.6177746405228759,0.5129211764705883,0.44389304306089156,0.2168524442414153,True,0,Warm_Tones
264,ANONYMOUS-336.jpg,anonymous,ANONYMOUS,ANONYMOUS,0.741423137254902,0.6862929411764707,0.6384890196078431,0.6887350326797387,0.2741407843137255,0.3588330989626331,0.3090151656283248,True,2,Neutral_Colors
265,ANONYMOUS-337.jpg,anonymous,ANONYMOUS,ANONYMOUS,0.7264298039215686,0.8013333333333333,0.7014023529411765,0.7430551633986928,0.2849972549019608,0.3258750780241953,0.31464780940587384,True,5,Balanced_Natural
266,ANONYMOUS-338.jpg,anonymous,ANONYMOUS,ANONYMOUS,0.9183764705882353,0.9162694117647059,0.8725427450980392,0.9023962091503268,0.08175019607843137,0.3392361071702815,0.3223057359005925,True,5,Balanced_Natural
267,ANONYMOUS-339.jpg,anonymous,ANONYMOUS,ANONYMOUS,0.5891207843137255,0.4230117647058823,0.3431345098039216,0.4517556862745098,0.5132423529411765,0.4346894922212842,0.25318571301812215,True,0,Warm_Tones
268,ANONYMOUS-34.jpg,anonymous,ANONYMOUS,ANONYMOUS,0.3433419607843137,0.37708392156862747,0.16904000000000002,0.2964886274509804,0.6403996078431372,0.38600870655921204,0.1900464237103825,True,3,Vibrant_Bright
269,ANONYMOUS-340.jpg,anonymous,ANONYMOUS,ANONYMOUS,0.6292839215686274,0.5793427450980393,0.34790941176470586,0.5188453594771242,0.537524705882353,0.4042845687960092,0.22351501714004632,True,0,Warm_Tones
270,ANONYMOUS-341.jpg,anonymous,ANONYMOUS,ANONYMOUS,0.17414509803921568,0.16619098039215688,0.1272243137254902,0.1558534640522876,0.3908929411764706,0.37245397280533277,0.27210183701995555,True,4,Dark_Moody
271,ANONYMOUS-342.jpg,anonymous,ANONYMOUS,ANONYMOUS,0.3556482352941176,0.32075333333333333,0.19755843137254903,0.29131999999999997,0.7348078431372549,0.4069383362577021,0.22604948203930042,True,3,Vibrant_Bright
272,ANONYMOUS-343.jpg,anonymous,ANONYMOUS,ANONYMOUS,0.7129156862745097,0.7024643137254902,0.6680113725490195,0.6944637908496731,0.3955345098039216,0.3421898321544977,0.3206363723659558,True,2,Neutral_Colors
273,ANONYMOUS-344.jpg,anonymous,ANONYMOUS,ANONYMOUS,0.8075752941176471,0.7542623529411765,0.7185576470588235,0.7601317647058824,0.21810980392156865,0.3541381365163645,0.3151020938388495,True,5,Balanced_Natural
274,ANONYMOUS-345.jpg,anonymous,ANONYMOUS,ANONYMOUS,0.9173654901960785,0.828415294117647,0.8077423529411765,0.8511743790849673,0.20648235294117648,0.35925467741310163,0.31632454189742587,True,5,Balanced_Natural
275,ANONYMOUS-346.jpg,anonymous,ANONYMOUS,ANONYMOUS,0.5619976470588236,0.559976862745098,0.4808286274509804,0.5342677124183006,0.2518941176470588,0.35063401322469034,0.29999213021404364,True,2,Neutral_Colors
276,ANONYMOUS-347.jpg,anonymous,ANONYMOUS,ANONYMOUS,0.4766250980392157,0.47005450980392155,0.3536392156862745,0.43343960784313723,0.5922352941176471,0.3665445142146101,0.2719632580286319,True,0,Warm_Tones
277,ANONYMOUS-348.jpg,anonymous,ANONYMOUS,ANONYMOUS,0.6595254901960784,0.6747376470588236,0.6250258823529411,0.6530963398692811,0.2022972549019608,0.33661453056760027,0.3190063115199462,True,2,Neutral_Colors
278,ANONYMOUS-349.jpg,anonymous,ANONYMOUS,ANONYMOUS,0.37104549019607846,0.37220941176470584,0.32078666666666666,0.354680522875817,0.26498,0.348713013121932,0.3014791664589713,True,4,Dark_Moody
279,ANONYMOUS-35.jpg,anonymous,ANONYMOUS,ANONYMOUS,0.3062835294117647,0.25651098039215686,0.17568392156862744,0.24615947712418298,0.4024,0.41474889671944076,0.23789954615540024,True,4,Dark_Moody
280,ANONYMOUS-350.jpg,anonymous,ANONYMOUS,ANONYMOUS,0.4199843137254902,0.43305333333333335,0.32402745098039215,0.39235503267973854,0.37459411764705886,0.35680605738718496,0.275283989166084,True,4,Dark_Moody
281,ANONYMOUS-351.jpg,anonymous,ANONYMOUS,ANONYMOUS,0.5181109803921569,0.6060011764705883,0.47914980392156864,0.5344206535947713,0.5075960784313726,0.3231603255767212,0.29885914889917325,True,2,Neutral_Colors
282,ANONYMOUS-352.jpg,anonymous,ANONYMOUS,ANONYMOUS,0.5529250980392157,0.2918776470588235,0.17659411764705882,0.34046562091503274,0.7859450980392156,0.541341545940952,0.17289454392673814,True,3,Vibrant_Bright
283,ANONYMOUS-353.jpg,anonymous,ANONYMOUS,ANONYMOUS,0.8584627450980392,0.8408392156862745,0.6533694117647059,0.7842237908496732,0.2676321568627451,0.36488835212016013,0.27771372647896914,True,5,Balanced_Natural
284,ANONYMOUS-354.jpg,anonymous,ANONYMOUS,ANONYMOUS,0.8582219607843137,0.7993180392156862,0.6516964705882353,0.7697454901960784,0.2813713725490196,0.37164733887922646,0.2822128425026066,True,5,Balanced_Natural
285,ANONYMOUS-355.jpg,anonymous,ANONYMOUS,ANONYMOUS,0.39577725490196075,0.4374952941176471,0.317598431372549,0.38362366013071897,0.6433741176470588,0.34389337966773736,0.27596330155186166,True,4,Dark_Moody
286,ANONYMOUS-356.jpg,anonymous,ANONYMOUS,ANONYMOUS,0.818221568627451,0.833646274509804,0.8367388235294118,0.8295355555555556,0.10915725490196079,0.32878688737763445,0.3362276966100369,True,5,Balanced_Natural
287,ANONYMOUS-357.jpg,anonymous,ANONYMOUS,ANONYMOUS,0.8278117647058824,0.8032745098039216,0.7602905882352942,0.7971256209150327,0.21651058823529412,0.3461651868582679,0.3179299265414062,True,5,Balanced_Natural
288,ANONYMOUS-358.jpg,anonymous,ANONYMOUS,ANONYMOUS,0.6658698039215686,0.6600325490196078,0.5332572549019609,0.6197198692810457,0.3248247058823529,0.3581561491312266,0.2868268898621982,True,2,Neutral_Colors
289,ANONYMOUS-359.jpg,anonymous,ANONYMOUS,ANONYMOUS,0.6049439215686275,0.5963784313725491,0.44750078431372553,0.5496077124183006,0.36753529411764707,0.3668941446816687,0.2714060124439721,True,2,Neutral_Colors
290,ANONYMOUS-36.jpg,anonymous,ANONYMOUS,ANONYMOUS,0.5744400000000001,0.495216862745098,0.42455803921568624,0.49807163398692816,0.5126403921568627,0.38444243515692167,0.2841343333708068,True,0,Warm_Tones
291,ANONYMOUS-360.jpg,anonymous,ANONYMOUS,ANONYMOUS,0.7293129411764705,0.684163137254902,0.6441933333333333,0.6858898039215685,0.1956321568627451,0.3544362289541768,0.31306925037662287,True,5,Balanced_Natural
292,ANONYMOUS-361.jpg,anonymous,ANONYMOUS,ANONYMOUS,0.6132760784313726,0.7076823529411764,0.469064705882353,0.5966743790849672,0.3801611764705883,0.3426077144254962,0.26204378819253743,True,2,Neutral_Colors
293,ANONYMOUS-362.jpg,anonymous,ANONYMOUS,ANONYMOUS,0.47972117647058826,0.24063098039215686,0.14947058823529413,0.28994091503267977,0.8076317647058824,0.5515153836327129,0.17184008723335906,True,3,Vibrant_Bright
294,ANONYMOUS-363.jpg,anonymous,ANONYMOUS,ANONYMOUS,0.7630537254901961,0.8336635294117647,0.8130737254901961,0.8032636601307189,0.2036623529411765,0.31664713456554067,0.3374041129300632,True,5,Balanced_Natural
295,ANONYMOUS-364.jpg,anonymous,ANONYMOUS,ANONYMOUS,0.5629062745098039,0.4301607843137255,0.42263725490196075,0.4719014379084967,0.3172227450980392,0.39761542819140205,0.2985347662429637,True,2,Neutral_Colors
296,ANONYMOUS-365.jpg,anonymous,ANONYMOUS,ANONYMOUS,0.735304705882353,0.6916447058823529,0.5367098039215686,0.6545530718954248,0.32607254901960786,0.37445618137421666,0.27332111718421476,True,2,Neutral_Colors
297,ANONYMOUS-366.jpg,anonymous,ANONYMOUS,ANONYMOUS,0.2666576470588235,0.32838235294117646,0.43770941176470585,0.3442498039215686,0.6833419607843136,0.25820144346703666,0.42382884265015464,True,1,Cool_Tones
298,ANONYMOUS-367.jpg,anonymous,ANONYMOUS,ANONYMOUS,0.43086117647058825,0.4322521568627451,0.343836862745098,0.4023167320261438,0.40335176470588235,0.35698309746949336,0.28488050209675125,True,4,Dark_Moody
299,ANONYMOUS-368.jpg,anonymous,ANONYMOUS,ANONYMOUS,0.2659764705882353,0.25249176470588236,0.1422870588235294,0.22025176470588237,0.5684650980392156,0.4025333893238381,0.21533969496807442,True,3,Vibrant_Bright
300,ANONYMOUS-369.jpg,anonymous,ANONYMOUS,ANONYMOUS,0.6669713725490196,0.671801568627451,0.5870917647058824,0.6419549019607843,0.3125607843137255,0.34632288768205705,0.3048456405411202,True,2,Neutral_Colors
301,ANONYMOUS-37.jpg,anonymous,ANONYMOUS,ANONYMOUS,0.35842235294117647,0.4655211764705882,0.4715807843137255,0.4318414379084968,0.38148549019607847,0.27666179050602696,0.36400738705569524,True,1,Cool_Tones
302,ANONYMOUS-370.jpg,anonymous,ANONYMOUS,ANONYMOUS,0.5505541176470589,0.47394823529411767,0.37865215686274506,0.4677181699346405,0.5882325490196079,0.39236856770351414,0.2698575847203553,True,0,Warm_Tones
303,ANONYMOUS-371.jpg,anonymous,ANONYMOUS,ANONYMOUS,0.5429011764705882,0.7605160784313726,0.5990650980392156,0.6341607843137255,0.38017764705882356,0.28536448197104114,0.3148858554336787,True,2,Neutral_Colors
304,ANONYMOUS-372.jpg,anonymous,ANONYMOUS,ANONYMOUS,0.2890345098039216,0.33357568627450984,0.2968670588235294,0.3064924183006536,0.468798431372549,0.314346215653289,0.32286468683827957,True,4,Dark_Moody
305,ANONYMOUS-373.jpg,anonymous,ANONYMOUS,ANONYMOUS,0.4606450980392157,0.546493725490196,0.4398623529411765,0.48233372549019604,0.4361717647058823,0.3183444403399478,0.30398181847525174,True,2,Neutral_Colors
306,ANONYMOUS-374.jpg,anonymous,ANONYMOUS,ANONYMOUS,0.8776400000000001,0.8819443137254902,0.8815882352941177,0.8803908496732027,0.09902784313725489,0.3322916815995587,0.3337865607587049,True,5,Balanced_Natural
307,ANONYMOUS-375.jpg,anonymous,ANONYMOUS,ANONYMOUS,0.5645643137254902,0.5494929411764706,0.46248196078431375,0.5255130718954248,0.39417450980392155,0.3581033379980942,0.2933524664849691,True,2,Neutral_Colors
308,ANONYMOUS-376.jpg,anonymous,ANONYMOUS,ANONYMOUS,0.6882792156862745,0.7172309803921568,0.6398066666666666,0.6817722875816994,0.21611098039215687,0.33651454779870205,0.31281527351839483,True,5,Balanced_Natural
309,ANONYMOUS-377.jpg,anonymous,ANONYMOUS,ANONYMOUS,0.11578941176470588,0.21510392156862745,0.24505058823529413,0.1919813071895425,0.670364705882353,0.20104250845609517,0.42547573397796645,True,1,Cool_Tones
310,ANONYMOUS-378.jpg,anonymous,ANONYMOUS,ANONYMOUS,0.8639172549019608,0.9037752941176471,0.868158431372549,0.8786169934640523,0.15420980392156863,0.32775636163508276,0.3293653960202219,True,5,Balanced_Natural
311,ANONYMOUS-379.jpg,anonymous,ANONYMOUS,ANONYMOUS,0.3220423529411765,0.3000011764705882,0.23244705882352942,0.2848301960784314,0.2982286274509804,0.3768818293533609,0.27202966304628196,True,4,Dark_Moody
312,ANONYMOUS-38.jpg,anonymous,ANONYMOUS,ANONYMOUS,0.8175639215686274,0.7687352941176471,0.7167305882352941,0.7676766013071896,0.21117176470588234,0.35499478347249674,0.3112118982580933,True,5,Balanced_Natural
313,ANONYMOUS-380.jpg,anonymous,ANONYMOUS,ANONYMOUS,0.8250854901960785,0.8652650980392156,0.8450623529411765,0.8451376470588235,0.14532705882352942,0.3254243722479597,0.3333035048900357,True,5,Balanced_Natural
314,ANONYMOUS-381.jpg,anonymous,ANONYMOUS,ANONYMOUS,0.928292156862745,0.9410717647058824,0.9435501960784314,0.9376380392156863,0.041816470588235295,0.3300107248309863,0.33543500483146116,True,5,Balanced_Natural
315,ANONYMOUS-382.jpg,anonymous,ANONYMOUS,ANONYMOUS,0.5021168627450981,0.5468537254901961,0.42143882352941175,0.49013647058823534,0.6498117647058823,0.341480758519987,0.28661305725088276,True,0,Warm_Tones
316,ANONYMOUS-383.jpg,anonymous,ANONYMOUS,ANONYMOUS,0.2241372549019608,0.18029686274509804,0.06404313725490196,0.15615908496732026,0.6772192156862745,0.4784368379037494,0.13670461026692557,True,3,Vibrant_Bright
317,ANONYMOUS-384.jpg,anonymous,ANONYMOUS,ANONYMOUS,0.5162196078431373,0.5585411764705882,0.4842494117647059,0.5196700653594771,0.4016498039215686,0.33111988492555194,0.310613171337574,True,2,Neutral_Colors
318,ANONYMOUS-385.jpg,anonymous,ANONYMOUS,ANONYMOUS,0.2551160784313725,0.18598235294117646,0.15271176470588235,0.19793673202614379,0.6253466666666667,0.42962490454234625,0.25717225561660173,True,3,Vibrant_Bright
319,ANONYMOUS-386.jpg,anonymous,ANONYMOUS,ANONYMOUS,0.29141333333333336,0.41301176470588236,0.5329517647058823,0.41245895424836604,0.541943137254902,0.2355087658404028,0.43071060243759296,True,1,Cool_Tones
320,ANONYMOUS-387.jpg,anonymous,ANONYMOUS,ANONYMOUS,0.48191215686274513,0.5003035294117647,0.4006749019607843,0.4609635294117647,0.4434701960784314,0.34848151580538034,0.2897370302700915,True,4,Dark_Moody
321,ANONYMOUS-388.jpg,anonymous,ANONYMOUS,ANONYMOUS,0.2977572549019608,0.27807294117647063,0.18843450980392157,0.2547549019607844,0.5978913725490196,0.38959913104853605,0.24655628056262432,True,4,Dark_Moody
322,ANONYMOUS-389.jpg,anonymous,ANONYMOUS,ANONYMOUS,0.39826627450980395,0.36397882352941174,0.2899258823529412,0.35072366013071893,0.5441211764705882,0.3785182288938786,0.2755498984537513,True,4,Dark_Moody
323,ANONYMOUS-39.jpg,anonymous,ANONYMOUS,ANONYMOUS,0.7468917647058824,0.7770376470588235,0.7437796078431372,0.7559030065359477,0.21104392156862745,0.32935946758970663,0.327987088918785,True,5,Balanced_Natural
324,ANONYMOUS-390.jpg,anonymous,ANONYMOUS,ANONYMOUS,0.9358721568627452,0.790023137254902,0.6609537254901962,0.795616339869281,0.2994913725490196,0.39209508313241564,0.2769146448501151,True,5,Balanced_Natural
325,ANONYMOUS-391.jpg,anonymous,ANONYMOUS,ANONYMOUS,0.7741392156862744,0.7390623529411765,0.6901415686274509,0.7344477124183006,0.2297992156862745,0.3513473917200957,0.31322459209085834,True,5,Balanced_Natural
326,ANONYMOUS-392.jpg,anonymous,ANONYMOUS,ANONYMOUS,0.7045019607843137,0.8471392156862745,0.7995027450980392,0.7837146405228758,0.24041882352941177,0.2996420825962046,0.34004826234387553,True,5,Balanced_Natural
327,ANONYMOUS-393.jpg,anonymous,ANONYMOUS,ANONYMOUS,0.7885549019607844,0.7894070588235295,0.7658850980392157,0.7812823529411764,0.2820725490196078,0.3364360155481202,0.32676397053810896,True,5,Balanced_Natural
328,ANONYMOUS-394.jpg,anonymous,ANONYMOUS,ANONYMOUS,0.7662592156862744,0.7637835294117647,0.7252180392156863,0.7517535947712418,0.21485529411764706,0.3397650867034252,0.3215671210587952,True,5,Balanced_Natural
329,ANONYMOUS-395.jpg,anonymous,ANONYMOUS,ANONYMOUS,0.9158513725490196,0.9252952941176471,0.90018,0.9137755555555556,0.05395725490196079,0.3340904422646616,0.3283737332628241,True,5,Balanced_Natural
330,ANONYMOUS-396.jpg,anonymous,ANONYMOUS,ANONYMOUS,0.7749188235294118,0.770675294117647,0.6645898039215686,0.7367279738562091,0.2162121568627451,0.35061266411112385,0.30069420772714867,True,5,Balanced_Natural
331,ANONYMOUS-397.jpg,anonymous,ANONYMOUS,ANONYMOUS,0.8605992156862745,0.8553180392156863,0.8546282352941177,0.8568484967320261,0.11451333333333334,0.3347923171078804,0.33246947236847196,True,5,Balanced_Natural
332,ANONYMOUS-398.jpg,anonymous,ANONYMOUS,ANONYMOUS,0.5852388235294117,0.5938745098039215,0.5449945098039216,0.5747026143790849,0.09317058823529413,0.3394442444042504,0.3161021486394262,True,2,Neutral_Colors
333,ANONYMOUS-399.jpg,anonymous,ANONYMOUS,ANONYMOUS,0.6185701960784313,0.591801568627451,0.49548117647058826,0.5686176470588236,0.34853372549019607,0.3626161543770999,0.2904593204086813,True,2,Neutral_Colors
334,ANONYMOUS-4.jpg,anonymous,ANONYMOUS,ANONYMOUS,0.6766858823529411,0.5786839215686275,0.7410894117647059,0.6654864052287581,0.3295882352941176,0.3389428334389991,0.3712016928471373,True,2,Neutral_Colors
335,ANONYMOUS-40.jpg,anonymous,ANONYMOUS,ANONYMOUS,0.8970533333333334,0.8898196078431373,0.8860039215686275,0.890958954248366,0.1464372549019608,0.335613290018438,0.3314793892821889,True,5,Balanced_Natural
336,ANONYMOUS-400.jpg,anonymous,ANONYMOUS,ANONYMOUS,0.17112549019607842,0.15733960784313725,0.21516823529411763,0.1812111111111111,0.6250125490196078,0.314780505393782,0.3957958909158625,True,4,Dark_Moody
337,ANONYMOUS-401.jpg,anonymous,ANONYMOUS,ANONYMOUS,0.9356435294117648,0.9375709803921569,0.8964309803921569,0.9232151633986928,0.06184509803921569,0.3378205603941626,0.3236625986620746,True,5,Balanced_Natural
338,ANONYMOUS-402.jpg,anonymous,ANONYMOUS,ANONYMOUS,0.2230921568627451,0.30818156862745094,0.33219333333333334,0.2878223529411765,0.6491811764705883,0.2583675847450651,0.3847198862062657,True,1,Cool_Tones
339,ANONYMOUS-403.jpg,anonymous,ANONYMOUS,ANONYMOUS,0.388141568627451,0.47188392156862746,0.37717960784313725,0.41240169934640525,0.4523086274509804,0.31372426085079647,0.30486400644234607,True,4,Dark_Moody
340,ANONYMOUS-404.jpg,anonymous,ANONYMOUS,ANONYMOUS,0.6454117647058824,0.5996792156862746,0.26034352941176475,0.501811503267974,0.6765917647058823,0.4287209651311767,0.1729356905136864,True,0,Warm_Tones
341,ANONYMOUS-405.jpg,anonymous,ANONYMOUS,ANONYMOUS,0.47032745098039214,0.44692313725490196,0.2532211764705882,0.3901572549019608,0.5666823529411764,0.40182690718017394,0.21634093855589875,True,0,Warm_Tones
342,ANONYMOUS-406.jpg,anonymous,ANONYMOUS,ANONYMOUS,0.2878070588235294,0.29369882352941173,0.270261568627451,0.2839224836601307,0.6035419607843138,0.33789354195058674,0.3172946454125858,True,4,Dark_Moody
343,ANONYMOUS-407.jpg,anonymous,ANONYMOUS,ANONYMOUS,0.782772156862745,0.758332156862745,0.6828372549019608,0.7413138562091502,0.23143254901960786,0.351974987081545,0.3070390686048098,True,5,Balanced_Natural
344,ANONYMOUS-408.jpg,anonymous,ANONYMOUS,ANONYMOUS,0.8839105882352941,0.8459192156862745,0.7732113725490196,0.8343470588235293,0.20968941176470587,0.35313451628755665,0.3089086471724122,True,5,Balanced_Natural
345,ANONYMOUS-409.jpg,anonymous,ANONYMOUS,ANONYMOUS,0.36858313725490194,0.34669490196078434,0.349258431372549,0.3548454901960785,0.1527850980392157,0.3462378238797293,0.32808467622991044,True,4,Dark_Moody
346,ANONYMOUS-41.jpg,anonymous,ANONYMOUS,ANONYMOUS,0.5202513725490195,0.4063349019607843,0.3689411764705882,0.43184248366013067,0.487298431372549,0.4015746409546768,0.2847804509359804,True,0,Warm_Tones
347,ANONYMOUS-410.jpg,anonymous,ANONYMOUS,ANONYMOUS,0.5762666666666667,0.7344203921568627,0.7854929411764706,0.6987266666666666,0.3944356862745098,0.2749126466973352,0.3747257231968378,True,2,Neutral_Colors
348,ANONYMOUS-411.jpg,anonymous,ANONYMOUS,ANONYMOUS,0.6895756862745098,0.2817262745098039,0.10356117647058824,0.35828771241830065,0.8574756862745098,0.6415468358965057,0.0963481549724725,True,3,Vibrant_Bright
349,ANONYMOUS-412.jpg,anonymous,ANONYMOUS,ANONYMOUS,0.6799466666666667,0.701041568627451,0.5777129411764705,0.6529003921568628,0.264981568627451,0.34714142600886455,0.29494680105857607,True,2,Neutral_Colors
350,ANONYMOUS-413.jpg,anonymous,ANONYMOUS,ANONYMOUS,0.7964266666666666,0.7583901960784314,0.7117654901960785,0.7555274509803921,0.17335529411764705,0.35137762113764887,0.314025729198299,True,5,Balanced_Natural
351,ANONYMOUS-414.jpg,anonymous,ANONYMOUS,ANONYMOUS,0.49718117647058824,0.49279215686274513,0.33919372549019605,0.4430556862745098,0.6240960784313725,0.37405441183310734,0.2551925042424075,True,0,Warm_Tones
352,ANONYMOUS-415.jpg,anonymous,ANONYMOUS,ANONYMOUS,0.706204705882353,0.6744654901960784,0.641816862745098,0.6741623529411763,0.22754,0.34917620541757294,0.31734024828727025,True,2,Neutral_Colors
353,ANONYMOUS-416.jpg,anonymous,ANONYMOUS,ANONYMOUS,0.6959439215686275,0.730735294117647,0.6401709803921568,0.6889500653594771,0.3567423529411765,0.33671699389345794,0.309732496275878,True,2,Neutral_Colors
354,ANONYMOUS-417.jpg,anonymous,ANONYMOUS,ANONYMOUS,0.4707219607843137,0.18718823529411763,0.24564941176470587,0.30118653594771244,0.6129392156862745,0.520963349551017,0.27186821739726824,True,3,Vibrant_Bright
355,ANONYMOUS-418.jpg,anonymous,ANONYMOUS,ANONYMOUS,0.3407294117647059,0.3560725490196079,0.2160670588235294,0.3042896732026144,0.5640698039215686,0.3732507415580136,0.23668983993619258,True,4,Dark_Moody
356,ANONYMOUS-419.jpg,anonymous,ANONYMOUS,ANONYMOUS,0.2391470588235294,0.30653019607843135,0.3332058823529412,0.292961045751634,0.35163176470588237,0.2721030550972042,0.37912378688921744,True,1,Cool_Tones
357,ANONYMOUS-42.jpg,anonymous,ANONYMOUS,ANONYMOUS,0.6373364705882353,0.379198431372549,0.3497843137254902,0.45543973856209147,0.496183137254902,0.4664620074205038,0.2560046391100206,True,0,Warm_Tones
358,ANONYMOUS-420.jpg,anonymous,ANONYMOUS,ANONYMOUS,0.27370156862745093,0.25534078431372553,0.27985803921568625,0.26963346405228755,0.5928207843137254,0.33836209367578207,0.3459729973630902,True,4,Dark_Moody
359,ANONYMOUS-421.jpg,anonymous,ANONYMOUS,ANONYMOUS,0.40178313725490195,0.36965960784313723,0.3270341176470588,0.36615895424836603,0.33390980392156866,0.36576352685965396,0.2977157107470514,True,4,Dark_Moody
360,ANONYMOUS-422.jpg,anonymous,ANONYMOUS,ANONYMOUS,0.4829541176470588,0.3741345098039216,0.24987098039215688,0.3689865359477124,0.6462752941176471,0.43628844082182217,0.22572707521997484,True,3,Vibrant_Bright
361,ANONYMOUS-423.jpg,anonymous,ANONYMOUS,ANONYMOUS,0.6798050980392157,0.6509803921568628,0.6522749019607843,0.6610201307189543,0.19777058823529411,0.34280587617099967,0.3289232015410991,True,2,Neutral_Colors
362,ANONYMOUS-424.jpg,anonymous,ANONYMOUS,ANONYMOUS,0.45925019607843137,0.4530113725490196,0.39492941176470586,0.43573032679738555,0.37295921568627455,0.35132574477748607,0.3021204365453859,True,4,Dark_Moody
363,ANONYMOUS-425.jpg,anonymous,ANONYMOUS,ANONYMOUS,0.3086478431372549,0.5757180392156862,0.3496686274509804,0.4113448366013072,0.7297980392156863,0.25011261076781865,0.2833537808863701,True,1,Cool_Tones
364,ANONYMOUS-426.jpg,anonymous,ANONYMOUS,ANONYMOUS,0.35103529411764706,0.38706313725490193,0.43419529411764707,0.39076457516339863,0.523363137254902,0.299442867467361,0.37038065997958664,True,1,Cool_Tones
365,ANONYMOUS-427.jpg,anonymous,ANONYMOUS,ANONYMOUS,0.14330823529411763,0.21087215686274507,0.13566823529411765,0.16328287581699344,0.42141411764705883,0.2925555665722306,0.27695894350291017,True,4,Dark_Moody
366,ANONYMOUS-428.jpg,anonymous,ANONYMOUS,ANONYMOUS,0.5790466666666667,0.5647290196078432,0.5093376470588236,0.5510377777777778,0.2979760784313726,0.35027623618693043,0.3081079371151523,True,2,Neutral_Colors
367,ANONYMOUS-429.jpg,anonymous,ANONYMOUS,ANONYMOUS,0.5848996078431373,0.48910039215686274,0.5074309803921568,0.527143660130719,0.29238313725490195,0.3698544199783391,0.32086804028480964,True,2,Neutral_Colors
368,ANONYMOUS-43.jpg,anonymous,ANONYMOUS,ANONYMOUS,0.4725850980392157,0.6405152941176471,0.6803098039215687,0.5978033986928105,0.46454392156862745,0.2635118477416643,0.37933843917623045,True,1,Cool_Tones
369,ANONYMOUS-430.jpg,anonymous,ANONYMOUS,ANONYMOUS,0.36190392156862744,0.29678784313725487,0.15658666666666668,0.27175947712418297,0.5845458823529411,0.44390169510268473,0.1920650278188032,True,3,Vibrant_Bright
370,ANONYMOUS-431.jpg,anonymous,ANONYMOUS,ANONYMOUS,0.42691686274509805,0.5001349019607844,0.5086129411764706,0.4785549019607844,0.5279043137254902,0.297365090630703,0.35426975729275334,True,1,Cool_Tones
371,ANONYMOUS-432.jpg,anonymous,ANONYMOUS,ANONYMOUS,0.798696862745098,0.7734168627450981,0.6301792156862744,0.7340976470588236,0.26926196078431375,0.3626658766170115,0.28614673268802215,True,5,Balanced_Natural
372,ANONYMOUS-433.jpg,anonymous,ANONYMOUS,ANONYMOUS,0.7996956862745098,0.7907149019607843,0.7436035294117647,0.778004705882353,0.1754419607843137,0.3426266094971527,0.31859413582607715,True,5,Balanced_Natural
373,ANONYMOUS-434.jpg,anonymous,ANONYMOUS,ANONYMOUS,0.7179474509803923,0.7511466666666666,0.7390933333333333,0.7360624836601307,0.1482886274509804,0.3251296105011498,0.334705732658456,True,5,Balanced_Natural
374,ANONYMOUS-435.jpg,anonymous,ANONYMOUS,ANONYMOUS,0.6902247058823529,0.6063121568627451,0.5201258823529412,0.6055542483660131,0.4623470588235294,0.3799408160947825,0.28630828559022725,True,2,Neutral_Colors
375,ANONYMOUS-436.jpg,anonymous,ANONYMOUS,ANONYMOUS,0.36224901960784317,0.30566392156862743,0.16838823529411764,0.2787670588235294,0.4978858823529412,0.43315565808596584,0.20134855561988324,True,3,Vibrant_Bright
376,ANONYMOUS-437.jpg,anonymous,ANONYMOUS,ANONYMOUS,0.8077066666666667,0.7735537254901961,0.6003074509803921,0.7271892810457516,0.31528431372549015,0.3702412001379363,0.2751723617931333,True,5,Balanced_Natural
377,ANONYMOUS-438.jpg,anonymous,ANONYMOUS,ANONYMOUS,0.8623200000000001,0.837535294117647,0.735570980392157,0.8118087581699346,0.20756313725490197,0.3540733936198384,0.30202954039767443,True,5,Balanced_Natural
378,ANONYMOUS-439.jpg,anonymous,ANONYMOUS,ANONYMOUS,0.5235827450980391,0.5207772549019608,0.4792572549019608,0.5078724183006535,0.5495011764705883,0.3436443107802813,0.3145520561728891,True,2,Neutral_Colors
379,ANONYMOUS-44.jpg,anonymous,ANONYMOUS,ANONYMOUS,0.15626039215686274,0.07891176470588235,0.055984313725490197,0.0970521568627451,0.7087976470588235,0.5366868720255215,0.19228190714936216,True,3,Vibrant_Bright
380,ANONYMOUS-440.jpg,anonymous,ANONYMOUS,ANONYMOUS,0.7428921568627451,0.8427149019607844,0.6872450980392157,0.7576173856209151,0.3005494117647059,0.3268544448723519,0.3023710950987396,True,5,Balanced_Natural
381,ANONYMOUS-441.jpg,anonymous,ANONYMOUS,ANONYMOUS,0.3783843137254902,0.44995843137254904,0.43316627450980394,0.4205030065359477,0.2747309803921569,0.29994554767239656,0.34337125173564564,True,4,Dark_Moody
382,ANONYMOUS-442.jpg,anonymous,ANONYMOUS,ANONYMOUS,0.3092462745098039,0.47213607843137256,0.5134090196078431,0.43159712418300655,0.5030090196078432,0.23883850497280878,0.3965184152244502,True,1,Cool_Tones
383,ANONYMOUS-443.jpg,anonymous,ANONYMOUS,ANONYMOUS,0.7469113725490196,0.767413725490196,0.6260921568627451,0.7134724183006537,0.392141568627451,0.3489558037726747,0.29250925861283233,True,2,Neutral_Colors
384,ANONYMOUS-444.jpg,anonymous,ANONYMOUS,ANONYMOUS,0.3370470588235294,0.17927529411764706,0.10526392156862746,0.20719542483660133,0.612035294117647,0.5422360988476339,0.1693469700640842,True,3,Vibrant_Bright
385,ANONYMOUS-445.jpg,anonymous,ANONYMOUS,ANONYMOUS,0.9362839215686274,0.9392972549019608,0.9391541176470588,0.9382450980392157,0.011932549019607844,0.33263646172656114,0.3336561650943081,True,5,Balanced_Natural
386,ANONYMOUS-446.jpg,anonymous,ANONYMOUS,ANONYMOUS,0.2657807843137255,0.31412392156862745,0.23984392156862747,0.2732495424836601,0.5588572549019608,0.32422190314398003,0.2925819220124863,True,4,Dark_Moody
387,ANONYMOUS-447.jpg,anonymous,ANONYMOUS,ANONYMOUS,0.4641635294117647,0.4622949019607843,0.4534192156862745,0.45995921568627446,0.04780431372549019,0.3363799638476308,0.32859354455025896,True,2,Neutral_Colors
388,ANONYMOUS-448.jpg,anonymous,ANONYMOUS,ANONYMOUS,0.42715607843137254,0.27746039215686275,0.16348235294117647,0.28936627450980396,0.6398305882352942,0.49205870897968246,0.1883220667831844,True,3,Vibrant_Bright
389,ANONYMOUS-449.jpg,anonymous,ANONYMOUS,ANONYMOUS,0.3799003921568628,0.39000823529411766,0.3432105882352941,0.37103973856209155,0.18577960784313727,0.34129322853295047,0.3083320052935106,True,4,Dark_Moody
390,ANONYMOUS-45.jpg,anonymous,ANONYMOUS,ANONYMOUS,0.9219372549019608,0.8155325490196079,0.8482894117647058,0.8619197385620915,0.14574,0.3565439862942874,0.3280619009522371,True,5,Balanced_Natural
391,ANONYMOUS-450.jpg,anonymous,ANONYMOUS,ANONYMOUS,0.7791721568627451,0.7798933333333333,0.7633458823529412,0.7741371241830065,0.26820352941176473,0.33550120817154705,0.32868662403615795,True,5,Balanced_Natural
392,ANONYMOUS-451.jpg,anonymous,ANONYMOUS,ANONYMOUS,0.5245870588235294,0.43040784313725494,0.2641501960784314,0.4063816993464053,0.5899466666666666,0.4302905612930529,0.216668204494335,True,0,Warm_Tones
393,ANONYMOUS-452.jpg,anonymous,ANONYMOUS,ANONYMOUS,0.36886862745098037,0.5026960784313725,0.4060843137254902,0.42588300653594774,0.4380588235294118,0.2887086618322907,0.31783689390161174,True,1,Cool_Tones
394,ANONYMOUS-453.jpg,anonymous,ANONYMOUS,ANONYMOUS,0.07454705882352941,0.09162078431372549,0.08214549019607843,0.08277111111111111,0.15467254901960784,0.30021246789430633,0.3308125193313251,True,4,Dark_Moody
395,ANONYMOUS-454.jpg,anonymous,ANONYMOUS,ANONYMOUS,0.542778431372549,0.2655478431372549,0.21174823529411765,0.34002483660130717,0.6926317647058824,0.5320963263561554,0.20758094205675012,True,3,Vibrant_Bright
396,ANONYMOUS-455.jpg,anonymous,ANONYMOUS,ANONYMOUS,0.7146094117647059,0.7614882352941176,0.6603427450980393,0.7121467973856209,0.1613454901960784,0.3344858484712589,0.30908535451627084,True,5,Balanced_Natural
397,ANONYMOUS-456.jpg,anonymous,ANONYMOUS,ANONYMOUS,0.6333764705882353,0.4121172549019608,0.3524227450980392,0.4659721568627451,0.574153725490196,0.45308573926164203,0.2521055445066738,True,0,Warm_Tones
398,ANONYMOUS-457.jpg,anonymous,ANONYMOUS,ANONYMOUS,0.900678431372549,0.6837670588235294,0.5040929411764706,0.696179477124183,0.4816537254901961,0.4312479897880788,0.24136146706370307,True,0,Warm_Tones
399,ANONYMOUS-458.jpg,anonymous,ANONYMOUS,ANONYMOUS,0.6078513725490197,0.5887047058823529,0.46189137254901963,0.5528158169934642,0.34978549019607846,0.36651809840076016,0.278508127446453,True,2,Neutral_Colors
400,ANONYMOUS-459.jpg,anonymous,ANONYMOUS,ANONYMOUS,0.20413372549019607,0.31130313725490194,0.2638286274509804,0.2597551633986928,0.39057607843137254,0.2619562473921239,0.33856021113469925,True,4,Dark_Moody
401,ANONYMOUS-46.jpg,anonymous,ANONYMOUS,ANONYMOUS,0.4995364705882353,0.4448486274509804,0.1528466666666667,0.3657439215686275,0.7543552941176471,0.45526937096354214,0.13930195267878082,True,3,Vibrant_Bright
402,ANONYMOUS-460.jpg,anonymous,ANONYMOUS,ANONYMOUS,0.9563850980392157,0.9045850980392156,0.7258282352941177,0.8622661437908498,0.24877999999999997,0.3697175306443299,0.2805892975277929,True,5,Balanced_Natural
403,ANONYMOUS-461.jpg,anonymous,ANONYMOUS,ANONYMOUS,0.576018431372549,0.6099752941176471,0.5752235294117647,0.5870724183006536,0.3040949019607843,0.3270568140940678,0.3266054776634057,True,2,Neutral_Colors
404,ANONYMOUS-462.jpg,anonymous,ANONYMOUS,ANONYMOUS,0.32187490196078433,0.3784196078431373,0.3080592156862745,0.336117908496732,0.3157141176470588,0.31920800669061167,0.3055067903177786,True,4,Dark_Moody
405,ANONYMOUS-463.jpg,anonymous,ANONYMOUS,ANONYMOUS,0.4776654901960784,0.522983137254902,0.49327803921568625,0.4979755555555556,0.526658431372549,0.31973803073201784,0.3301887033903825,True,2,Neutral_Colors
406,ANONYMOUS-464.jpg,anonymous,ANONYMOUS,ANONYMOUS,0.7557278431372549,0.75186,0.6938211764705882,0.7338030065359478,0.16018705882352943,0.34329263354215106,0.3151712630953613,True,5,Balanced_Natural
407,ANONYMOUS-465.jpg,anonymous,ANONYMOUS,ANONYMOUS,0.5529992156862745,0.21330666666666667,0.047649411764705885,0.271318431372549,0.8938517647058823,0.6793966944941954,0.05854050408979178,True,3,Vibrant_Bright
408,ANONYMOUS-466.jpg,anonymous,ANONYMOUS,ANONYMOUS,0.947529411764706,0.9380705882352941,0.9398129411764706,0.9418043137254903,0.03282941176470588,0.3353595018258334,0.3326284079936064,True,5,Balanced_Natural
409,ANONYMOUS-467.jpg,anonymous,ANONYMOUS,ANONYMOUS,0.53108,0.45727647058823534,0.47978313725490196,0.48937986928104577,0.25752509803921564,0.36173646935644393,0.32679644898573923,True,2,Neutral_Colors
410,ANONYMOUS-468.jpg,anonymous,ANONYMOUS,ANONYMOUS,0.4849149019607843,0.4768521568627451,0.35763098039215685,0.4397993464052288,0.3740647058823529,0.36752709949602574,0.2710559654528396,True,4,Dark_Moody
411,ANONYMOUS-469.jpg,anonymous,ANONYMOUS,ANONYMOUS,0.8926160784313725,0.6011313725490196,0.2724290196078431,0.5887254901960784,0.69828,0.5053943294464524,0.15424781718968997,True,0,Warm_Tones
412,ANONYMOUS-47.jpg,anonymous,ANONYMOUS,ANONYMOUS,0.698604705882353,0.594746274509804,0.35373960784313724,0.5490301960784314,0.5198007843137256,0.4241444196985082,0.21476620387706333,True,0,Warm_Tones
413,ANONYMOUS-470.jpg,anonymous,ANONYMOUS,ANONYMOUS,0.464641568627451,0.6144494117647058,0.4218019607843137,0.5002976470588235,0.525723137254902,0.30957655026793124,0.2810338220525334,True,2,Neutral_Colors
414,ANONYMOUS-471.jpg,anonymous,ANONYMOUS,ANONYMOUS,0.397481568627451,0.4276423529411765,0.3941607843137255,0.4064282352941177,0.3794470588235294,0.3259954305293918,0.32327188157142017,True,4,Dark_Moody
415,ANONYMOUS-472.jpg,anonymous,ANONYMOUS,ANONYMOUS,0.20749098039215688,0.24946745098039214,0.24324039215686274,0.23339960784313726,0.6408356862745097,0.29633109495269855,0.34738710862677824,True,4,Dark_Moody
416,ANONYMOUS-473.jpg,anonymous,ANONYMOUS,ANONYMOUS,0.9098874509803921,0.9095929411764706,0.7318647058823529,0.8504483660130718,0.21212823529411765,0.35663034963373547,0.2868543418883124,True,5,Balanced_Natural
417,ANONYMOUS-474.jpg,anonymous,ANONYMOUS,ANONYMOUS,0.28705176470588234,0.19502235294117645,0.15623215686274508,0.2127687581699346,0.5858309803921569,0.44970780714715713,0.24476010708592588,True,3,Vibrant_Bright
418,ANONYMOUS-475.jpg,anonymous,ANONYMOUS,ANONYMOUS,0.2451823529411765,0.4082686274509804,0.3935745098039216,0.34900849673202616,0.50844,0.2341701525577073,0.37589737555753366,True,1,Cool_Tones
419,ANONYMOUS-476.jpg,anonymous,ANONYMOUS,ANONYMOUS,0.3127349019607843,0.3289329411764706,0.28637764705882357,0.30934849673202613,0.3994913725490196,0.33698193491870154,0.3085811433846568,True,4,Dark_Moody
420,ANONYMOUS-477.jpg,anonymous,ANONYMOUS,ANONYMOUS,0.5089192156862745,0.36185254901960784,0.1367811764705882,0.33585098039215683,0.793769411764706,0.505103692108072,0.13575568600414153,True,3,Vibrant_Bright
421,ANONYMOUS-478.jpg,anonymous,ANONYMOUS,ANONYMOUS,0.7286580392156862,0.72072,0.7180345098039216,0.7224708496732025,0.14464901960784313,0.3361878214451885,0.331286343636964,True,5,Balanced_Natural
422,ANONYMOUS-479.jpg,anonymous,ANONYMOUS,ANONYMOUS,0.703501568627451,0.5870917647058824,0.2863529411764706,0.5256487581699346,0.6450274509803922,0.4461161003915844,0.18158688359792105,True,0,Warm_Tones
423,ANONYMOUS-48.jpg,anonymous,ANONYMOUS,ANONYMOUS,0.5414356862745098,0.319341568627451,0.31905372549019606,0.39327699346405226,0.5851137254901961,0.4589091457705236,0.27042301852518685,True,0,Warm_Tones
424,ANONYMOUS-480.jpg,anonymous,ANONYMOUS,ANONYMOUS,0.6406219607843137,0.5712694117647059,0.3601549019607843,0.5240154248366014,0.5353996078431373,0.4075080763611721,0.2290992820639493,True,0,Warm_Tones
425,ANONYMOUS-481.jpg,anonymous,ANONYMOUS,ANONYMOUS,0.7481345098039216,0.7112462745098038,0.6190396078431373,0.692806797385621,0.3465949019607843,0.3599532378886611,0.2978412415206786,True,2,Neutral_Colors
426,ANONYMOUS-482.jpg,anonymous,ANONYMOUS,ANONYMOUS,0.45657176470588234,0.4099635294117647,0.307618431372549,0.3913845751633987,0.47567098039215683,0.3888514475937308,0.2619913923559962,True,4,Dark_Moody
427,ANONYMOUS-483.jpg,anonymous,ANONYMOUS,ANONYMOUS,0.2807094117647059,0.6292380392156863,0.5323882352941176,0.48077856209150327,0.6000117647058822,0.19462127978576593,0.3691150896738627,True,1,Cool_Tones
428,ANONYMOUS-484.jpg,anonymous,ANONYMOUS,ANONYMOUS,0.5872313725490196,0.5460717647058824,0.46041960784313724,0.5312409150326797,0.37642784313725486,0.3684649703910232,0.2888954935002328,True,2,Neutral_Colors
429,ANONYMOUS-485.jpg,anonymous,ANONYMOUS,ANONYMOUS,0.3700305882352941,0.27851176470588235,0.12392039215686274,0.25748758169934644,0.7280133333333334,0.47902647934412856,0.16042227605275514,True,3,Vibrant_Bright
430,ANONYMOUS-486.jpg,anonymous,ANONYMOUS,ANONYMOUS,0.33333529411764706,0.4104549019607843,0.291201568627451,0.3449972549019608,0.5925172549019608,0.3220653375411491,0.2813561394414219,True,4,Dark_Moody
431,ANONYMOUS-487.jpg,anonymous,ANONYMOUS,ANONYMOUS,0.39889254901960786,0.5633537254901961,0.6294247058823529,0.5305569934640523,0.37892745098039216,0.2506122831422392,0.39544875680180974,True,1,Cool_Tones
432,ANONYMOUS-488.jpg,anonymous,ANONYMOUS,ANONYMOUS,0.5019741176470588,0.506721568627451,0.4094317647058824,0.47270915032679744,0.4019419607843137,0.35396942872137566,0.2887127498378801,True,2,Neutral_Colors
433,ANONYMOUS-489.jpg,anonymous,ANONYMOUS,ANONYMOUS,0.7052396078431372,0.6497905882352941,0.5291337254901961,0.6280546405228759,0.36219960784313726,0.37429823672547874,0.28083195872772926,True,2,Neutral_Colors
434,ANONYMOUS-49.jpg,anonymous,ANONYMOUS,ANONYMOUS,0.72124,0.6834450980392157,0.6654125490196079,0.6900325490196079,0.25776000000000004,0.34840851716160043,0.3214400192788009,True,5,Balanced_Natural
435,ANONYMOUS-490.jpg,anonymous,ANONYMOUS,ANONYMOUS,0.8804341176470589,0.8383650980392157,0.819076862745098,0.8459586928104575,0.10369372549019608,0.3469175576428009,0.32274095136686376,True,5,Balanced_Natural
436,ANONYMOUS-491.jpg,anonymous,ANONYMOUS,ANONYMOUS,0.6212831372549019,0.6050556862745098,0.5335952941176471,0.5866447058823528,0.5036960784313725,0.35301479641222516,0.30319032148812175,True,2,Neutral_Colors
437,ANONYMOUS-492.jpg,anonymous,ANONYMOUS,ANONYMOUS,0.33329725490196077,0.2534003921568627,0.26152313725490195,0.2827402614379085,0.7889078431372549,0.3929364478320055,0.30831928876537124,True,4,Dark_Moody
438,ANONYMOUS-493.jpg,anonymous,ANONYMOUS,ANONYMOUS,0.6087235294117648,0.21850823529411764,0.16514039215686274,0.3307907189542484,0.775083137254902,0.6134018490949137,0.16640957185796115,True,3,Vibrant_Bright
439,ANONYMOUS-494.jpg,anonymous,ANONYMOUS,ANONYMOUS,0.7595674509803921,0.7336611764705881,0.6471305882352941,0.7134530718954247,0.2627505882352941,0.35487832628062943,0.3023465786238236,True,5,Balanced_Natural
440,ANONYMOUS-495.jpg,anonymous,ANONYMOUS,ANONYMOUS,0.7687254901960785,0.7756094117647059,0.7112172549019607,0.7518507189542484,0.12586627450980392,0.3408146191798471,0.3153183301125098,True,5,Balanced_Natural
441,ANONYMOUS-496.jpg,anonymous,ANONYMOUS,ANONYMOUS,0.8947937254901961,0.7667227450980392,0.50048,0.7206654901960784,0.5206250980392156,0.4138736227321954,0.2314896325312673,True,0,Warm_Tones
442,ANONYMOUS-497.jpg,anonymous,ANONYMOUS,ANONYMOUS,0.6461635294117647,0.3571298039215686,0.23074470588235294,0.4113460130718954,0.7421768627450981,0.523616764849226,0.1869833113456496,True,3,Vibrant_Bright
443,ANONYMOUS-498.jpg,anonymous,ANONYMOUS,ANONYMOUS,0.7491525490196078,0.7420803921568627,0.6357541176470588,0.7089956862745098,0.2705180392156863,0.3522128607689391,0.2988987714386626,True,5,Balanced_Natural
444,ANONYMOUS-499.jpg,anonymous,ANONYMOUS,ANONYMOUS,0.3181101960784314,0.2476478431372549,0.1952121568627451,0.25365673202614375,0.7043690196078431,0.41803184892906853,0.25653028375941983,True,3,Vibrant_Bright
445,ANONYMOUS-5.jpg,anonymous,ANONYMOUS,ANONYMOUS,0.721796862745098,0.6912505882352942,0.6195890196078432,0.6775454901960786,0.2555905882352941,0.355103589887189,0.30482022917177504,True,2,Neutral_Colors
446,ANONYMOUS-50.jpg,anonymous,ANONYMOUS,ANONYMOUS,0.6615482352941175,0.7239705882352941,0.6892266666666667,0.6915818300653594,0.34433019607843135,0.31885738253814155,0.3321980154797272,True,2,Neutral_Colors
447,ANONYMOUS-500.jpg,anonymous,ANONYMOUS,ANONYMOUS,0.5350756862745097,0.3441450980392157,0.08242705882352941,0.3205492810457516,0.795864705882353,0.5564148390475827,0.08571430144357248,True,3,Vibrant_Bright
448,ANONYMOUS-501.jpg,anonymous,ANONYMOUS,ANONYMOUS,0.2816529411764706,0.37185882352941174,0.3431105882352941,0.3322074509803921,0.5171372549019608,0.28260720596730243,0.3442730769078672,True,1,Cool_Tones
449,ANONYMOUS-502.jpg,anonymous,ANONYMOUS,ANONYMOUS,0.8677886274509804,0.7051443137254902,0.44681019607843137,0.6732477124183007,0.5237705882352941,0.4296527522691162,0.2212211872963796,True,0,Warm_Tones
450,ANONYMOUS-503.jpg,anonymous,ANONYMOUS,ANONYMOUS,0.519875294117647,0.4752501960784314,0.45386235294117644,0.4829959477124183,0.2836650980392157,0.3587848840796092,0.3132269479442669,True,2,Neutral_Colors
451,ANONYMOUS-504.jpg,anonymous,ANONYMOUS,ANONYMOUS,0.7497388235294118,0.750435294117647,0.5444627450980392,0.6815456209150326,0.3583458823529412,0.36668538580363785,0.2662881065730888,True,2,Neutral_Colors
452,ANONYMOUS-505.jpg,anonymous,ANONYMOUS,ANONYMOUS,0.3047443137254902,0.394778431372549,0.4185227450980392,0.37268183006535943,0.5652474509803922,0.2725685527370561,0.3743339376027561,True,1,Cool_Tones
453,ANONYMOUS-506.jpg,anonymous,ANONYMOUS,ANONYMOUS,0.4352333333333333,0.4643654901960784,0.4669670588235294,0.4555219607843137,0.46232,0.31848666827338373,0.34170816288150513,True,1,Cool_Tones
454,ANONYMOUS-507.jpg,anonymous,ANONYMOUS,ANONYMOUS,0.22707764705882352,0.12312039215686275,0.11815490196078432,0.15611764705882353,0.5577635294117648,0.4848419690638691,0.2522769460719983,True,3,Vibrant_Bright
455,ANONYMOUS-508.jpg,anonymous,ANONYMOUS,ANONYMOUS,0.4831886274509804,0.419461568627451,0.3465298039215686,0.41639333333333334,0.5457447058823529,0.38680433616183757,0.2774055992859071,True,4,Dark_Moody
456,ANONYMOUS-509.jpg,anonymous,ANONYMOUS,ANONYMOUS,0.7418223529411765,0.667615294117647,0.41197960784313725,0.6071390849673203,0.49360313725490196,0.4072773241097804,0.22618616385027523,True,0,Warm_Tones
457,ANONYMOUS-51.jpg,anonymous,ANONYMOUS,ANONYMOUS,0.4441670588235294,0.6952482352941176,0.57572,0.5717117647058824,0.4751898039215686,0.25896895794630215,0.33567011669832314,True,2,Neutral_Colors
458,ANONYMOUS-510.jpg,anonymous,ANONYMOUS,ANONYMOUS,0.5092396078431373,0.4353345098039216,0.3178137254901961,0.4207959477124183,0.5233764705882353,0.4033936220297929,0.2517558098029241,True,0,Warm_Tones
459,ANONYMOUS-511.jpg,anonymous,ANONYMOUS,ANONYMOUS,0.6481047058823529,0.5331494117647059,0.5183698039215686,0.5665413071895425,0.4316596078431372,0.38132219506654474,0.30499070550410134,True,2,Neutral_Colors
460,ANONYMOUS-512.jpg,anonymous,ANONYMOUS,ANONYMOUS,0.8274964705882353,0.8340592156862745,0.8144203921568628,0.8253253594771243,0.06824980392156862,0.3342100691467169,0.32892889003351744,True,5,Balanced_Natural
461,ANONYMOUS-513.jpg,anonymous,ANONYMOUS,ANONYMOUS,0.7932635294117647,0.8117117647058824,0.7469298039215686,0.783968366013072,0.14385960784313725,0.33728537464701863,0.31758487489967563,True,5,Balanced_Natural
462,ANONYMOUS-514.jpg,anonymous,ANONYMOUS,ANONYMOUS,0.4686521568627451,0.5992980392156863,0.39084117647058825,0.48626379084967325,0.5898137254901961,0.32126035595034413,0.26792104471155975,True,0,Warm_Tones
463,ANONYMOUS-515.jpg,anonymous,ANONYMOUS,ANONYMOUS,0.458258431372549,0.43931921568627447,0.3341305882352941,0.41056941176470585,0.4198941176470588,0.37205082030835174,0.2712739164901266,True,4,Dark_Moody
464,ANONYMOUS-516.jpg,anonymous,ANONYMOUS,ANONYMOUS,0.48159725490196076,0.41097764705882356,0.2918192156862745,0.39479803921568624,0.5352458823529411,0.4066187438012332,0.24638670941670884,True,0,Warm_Tones
465,ANONYMOUS-517.jpg,anonymous,ANONYMOUS,ANONYMOUS,0.6651988235294117,0.5881564705882353,0.4570121568627451,0.5701224836601307,0.3661086274509804,0.38892135969189345,0.2672009978907079,True,2,Neutral_Colors
466,ANONYMOUS-518.jpg,anonymous,ANONYMOUS,ANONYMOUS,0.6905341176470587,0.5585003921568628,0.37256549019607843,0.5405333333333333,0.6662419607843136,0.4258347877480705,0.2297516406292784,True,0,Warm_Tones
467,ANONYMOUS-519.jpg,anonymous,ANONYMOUS,ANONYMOUS,0.7163509803921568,0.5421050980392157,0.49548745098039215,0.5846478431372549,0.46587647058823534,0.408422825454124,0.2824989289407961,True,2,Neutral_Colors
468,ANONYMOUS-52.jpg,anonymous,ANONYMOUS,ANONYMOUS,0.8160086274509804,0.7720098039215687,0.5231654901960784,0.7037279738562092,0.3791486274509804,0.3865168887454346,0.2478065681746922,True,2,Neutral_Colors
469,ANONYMOUS-520.jpg,anonymous,ANONYMOUS,ANONYMOUS,0.9343803921568627,0.89346,0.8744913725490195,0.9007772549019607,0.0781243137254902,0.3457680728148812,0.32360610209460927,True,5,Balanced_Natural
470,ANONYMOUS-521.jpg,anonymous,ANONYMOUS,ANONYMOUS,0.6346396078431372,0.5595235294117648,0.45310117647058823,0.5490881045751634,0.43738352941176467,0.38526860400394325,0.27506265851360945,True,2,Neutral_Colors
471,ANONYMOUS-522.jpg,anonymous,ANONYMOUS,ANONYMOUS,0.8752788235294118,0.8747988235294117,0.8119407843137255,0.8540061437908496,0.12522941176470587,0.3416362939372787,0.3169143740173528,True,5,Balanced_Natural
472,ANONYMOUS-523.jpg,anonymous,ANONYMOUS,ANONYMOUS,0.6870882352941177,0.76188,0.6074674509803921,0.6854785620915033,0.3566682352941177,0.3341159199697333,0.29539808107629845,True,2,Neutral_Colors
473,ANONYMOUS-524.jpg,anonymous,ANONYMOUS,ANONYMOUS,0.17148313725490197,0.11103882352941177,0.03615294117647059,0.10622496732026145,0.45587764705882355,0.5381114047211651,0.11344736440384973,True,3,Vibrant_Bright
474,ANONYMOUS-525.jpg,anonymous,ANONYMOUS,ANONYMOUS,0.6613082352941176,0.667976862745098,0.6533670588235294,0.6608840522875817,0.3520972549019608,0.3335471123656041,0.32954178423087677,True,2,Neutral_Colors
475,ANONYMOUS-526.jpg,anonymous,ANONYMOUS,ANONYMOUS,0.684016862745098,0.6802101960784314,0.5806596078431372,0.6482955555555555,0.29264666666666667,0.3516999333526708,0.2985568872665674,True,2,Neutral_Colors
476,ANONYMOUS-527.jpg,anonymous,ANONYMOUS,ANONYMOUS,0.8150725490196079,0.8101666666666667,0.7247984313725491,0.7833458823529412,0.1998364705882353,0.3468336786885215,0.30841979227859334,True,5,Balanced_Natural
477,ANONYMOUS-528.jpg,anonymous,ANONYMOUS,ANONYMOUS,0.4253529411764706,0.3162137254901961,0.37179921568627455,0.37112196078431375,0.5112149019607843,0.3820420275817331,0.33394132839709606,True,4,Dark_Moody
478,ANONYMOUS-529.jpg,anonymous,ANONYMOUS,ANONYMOUS,0.45283098039215686,0.505104705882353,0.35486549019607844,0.43760039215686275,0.5251290196078432,0.3449346660968931,0.27031147308889975,True,4,Dark_Moody
479,ANONYMOUS-53.jpg,anonymous,ANONYMOUS,ANONYMOUS,0.4070270588235294,0.3677454901960784,0.24677803921568628,0.340516862745098,0.5628121568627451,0.39844004307864567,0.2415717836061412,True,4,Dark_Moody
480,ANONYMOUS-530.jpg,anonymous,ANONYMOUS,ANONYMOUS,0.39961960784313727,0.4294329411764706,0.37868666666666667,0.4025797385620915,0.30317098039215684,0.33088209091063625,0.31354976984970684,True,4,Dark_Moody
481,ANONYMOUS-531.jpg,anonymous,ANONYMOUS,ANONYMOUS,0.6700086274509804,0.6253717647058823,0.5940054901960784,0.6297952941176471,0.3694211764705882,0.3546169573362273,0.31439060773849337,True,2,Neutral_Colors
482,ANONYMOUS-532.jpg,anonymous,ANONYMOUS,ANONYMOUS,0.5831262745098039,0.5883792156862745,0.6580956862745099,0.6098670588235294,0.21811686274509803,0.3187175234097553,0.3596933228096699,True,2,Neutral_Colors
483,ANONYMOUS-533.jpg,anonymous,ANONYMOUS,ANONYMOUS,0.4160423529411765,0.5020874509803921,0.4328898039215686,0.4503398692810457,0.4377992156862745,0.3079467111944172,0.3204168769954323,True,4,Dark_Moody
484,ANONYMOUS-534.jpg,anonymous,ANONYMOUS,ANONYMOUS,0.518584705882353,0.5321105882352941,0.381576862745098,0.47742405228758167,0.34676588235294115,0.36207109195445814,0.26641347072433097,True,2,Neutral_Colors
485,ANONYMOUS-535.jpg,anonymous,ANONYMOUS,ANONYMOUS,0.32286313725490196,0.25400235294117646,0.17418117647058826,0.2503488888888889,0.6919266666666667,0.42988368326586723,0.23191760550118867,True,3,Vibrant_Bright
486,ANONYMOUS-536.jpg,anonymous,ANONYMOUS,ANONYMOUS,0.35567921568627453,0.42967921568627454,0.4473086274509804,0.41088901960784313,0.6499894117647058,0.2885441973938534,0.36287841179067803,True,1,Cool_Tones
487,ANONYMOUS-537.jpg,anonymous,ANONYMOUS,ANONYMOUS,0.38340235294117647,0.3212976470588235,0.44372235294117646,0.3828074509803921,0.7173925490196079,0.3338510593321371,0.3863752437677088,True,1,Cool_Tones
488,ANONYMOUS-538.jpg,anonymous,ANONYMOUS,ANONYMOUS,0.7568313725490196,0.6928886274509803,0.6994176470588235,0.7163792156862745,0.35069450980392153,0.35215567575631823,0.3254409146734217,True,5,Balanced_Natural
489,ANONYMOUS-539.jpg,anonymous,ANONYMOUS,ANONYMOUS,0.6623698039215686,0.7472423529411765,0.6887054901960784,0.6994392156862745,0.3457882352941177,0.31566692925786116,0.32821778101311005,True,2,Neutral_Colors
490,ANONYMOUS-54.jpg,anonymous,ANONYMOUS,ANONYMOUS,0.42996666666666666,0.533307843137255,0.4928125490196078,0.4853623529411765,0.5450525490196079,0.2952889174944992,0.338449687869691,True,1,Cool_Tones
491,ANONYMOUS-540.jpg,anonymous,ANONYMOUS,ANONYMOUS,0.6857431372549019,0.68652,0.671781568627451,0.6813482352941177,0.038812549019607845,0.335483269909998,0.3286529096165504,True,5,Balanced_Natural
492,ANONYMOUS-541.jpg,anonymous,ANONYMOUS,ANONYMOUS,0.5993647058823529,0.5679576470588235,0.47888117647058825,0.5487345098039215,0.3735435294117647,0.36408884508204026,0.29090016939857777,True,2,Neutral_Colors
493,ANONYMOUS-542.jpg,anonymous,ANONYMOUS,ANONYMOUS,0.7097796078431372,0.6536019607843137,0.559626274509804,0.6410026143790849,0.2825945098039216,0.36909846274299046,0.2910159651667606,True,2,Neutral_Colors
494,ANONYMOUS-543.jpg,anonymous,ANONYMOUS,ANONYMOUS,0.2755431372549019,0.2897749019607843,0.13322666666666666,0.2328482352941176,0.7018776470588236,0.3944525532611436,0.19072004243213303,True,3,Vibrant_Bright
495,ANONYMOUS-544.jpg,anonymous,ANONYMOUS,ANONYMOUS,0.4020811764705882,0.5318133333333334,0.1968243137254902,0.3769062745098039,0.6907749019607844,0.35559753008976014,0.17406992398092552,True,0,Warm_Tones
496,ANONYMOUS-545.jpg,anonymous,ANONYMOUS,ANONYMOUS,0.46952392156862743,0.4159564705882353,0.3874576470588235,0.4243126797385621,0.51956,0.36885028041713747,0.3043803631771347,True,4,Dark_Moody
497,ANONYMOUS-546.jpg,anonymous,ANONYMOUS,ANONYMOUS,0.7256858823529412,0.7029356862745099,0.6540913725490196,0.6942376470588236,0.3820498039215687,0.34843281547489907,0.3140572306245477,True,2,Neutral_Colors
498,ANONYMOUS-547.jpg,anonymous,ANONYMOUS,ANONYMOUS,0.6410745098039216,0.7373850980392157,0.6430101960784314,0.6738232679738562,0.23038431372549018,0.31713270780872216,0.318090271118939,True,2,Neutral_Colors
499,ANONYMOUS-548.jpg,anonymous,ANONYMOUS,ANONYMOUS,0.4287490196078432,0.5464286274509804,0.5254972549019608,0.5002249673202614,0.3475976470588235,0.28570394116920206,0.3501737145344612,True,2,Neutral_Colors
500,ANONYMOUS-549.jpg,anonymous,ANONYMOUS,ANONYMOUS,0.5542427450980392,0.44399529411764704,0.2685172549019608,0.4222517647058823,0.707078431372549,0.4375291030103737,0.2119723076560636,True,0,Warm_Tones
501,ANONYMOUS-55.jpg,anonymous,ANONYMOUS,ANONYMOUS,0.4413196078431373,0.3593780392156863,0.2843643137254902,0.36168732026143796,0.4959058823529412,0.4067225808944203,0.2620717174973365,True,4,Dark_Moody
502,ANONYMOUS-550.jpg,anonymous,ANONYMOUS,ANONYMOUS,0.7312325490196079,0.7029749019607843,0.4234737254901961,0.6192270588235295,0.4679886274509804,0.393626293174044,0.2279581140702734,True,0,Warm_Tones
503,ANONYMOUS-551.jpg,anonymous,ANONYMOUS,ANONYMOUS,0.6553690196078431,0.6071917647058823,0.5486219607843137,0.6037275816993464,0.3824235294117647,0.36184568317907917,0.3029079530274919,True,2,Neutral_Colors
504,ANONYMOUS-552.jpg,anonymous,ANONYMOUS,ANONYMOUS,0.38240392156862746,0.4062074509803921,0.4273807843137255,0.4053307189542483,0.49964588235294116,0.3144786789386441,0.3514664386898076,True,1,Cool_Tones
505,ANONYMOUS-553.jpg,anonymous,ANONYMOUS,ANONYMOUS,0.5623462745098039,0.48718862745098035,0.22237803921568627,0.4239709803921568,0.6632823529411764,0.44212604037475656,0.17483733137636287,True,0,Warm_Tones
506,ANONYMOUS-554.jpg,anonymous,ANONYMOUS,ANONYMOUS,0.5676643137254902,0.5878,0.4938988235294117,0.5497877124183007,0.2974674509803922,0.34417161189782813,0.2994480190113906,True,2,Neutral_Colors
507,ANONYMOUS-555.jpg,anonymous,ANONYMOUS,ANONYMOUS,0.3555419607843137,0.39074156862745096,0.3564552941176471,0.36757960784313726,0.4343062745098039,0.32241690487459834,0.3232451449669986,True,4,Dark_Moody
508,ANONYMOUS-556.jpg,anonymous,ANONYMOUS,ANONYMOUS,0.40276431372549015,0.43617999999999996,0.44808588235294117,0.4290100653594771,0.4989678431372549,0.3129405992276708,0.34815463969968524,True,1,Cool_Tones
509,ANONYMOUS-557.jpg,anonymous,ANONYMOUS,ANONYMOUS,0.5257380392156863,0.5992278431372549,0.7424286274509804,0.6224648366013071,0.34881254901960784,0.2815354521607955,0.3975743882606509,True,2,Neutral_Colors
510,ANONYMOUS-558.jpg,anonymous,ANONYMOUS,ANONYMOUS,0.6360188235294117,0.6194149019607843,0.5903286274509805,0.6152541176470588,0.3767901960784314,0.34458308131209353,0.3198289891877564,True,2,Neutral_Colors
511,ANONYMOUS-559.jpg,anonymous,ANONYMOUS,ANONYMOUS,0.7245713725490196,0.7290800000000001,0.6526898039215686,0.7021137254901961,0.208138431372549,0.34399509284057533,0.3098688386021037,True,5,Balanced_Natural
512,ANONYMOUS-56.jpg,anonymous,ANONYMOUS,ANONYMOUS,0.7878113725490196,0.7485007843137256,0.45518509803921564,0.6638324183006535,0.46197176470588236,0.39558727737263455,0.22856414607384323,True,0,Warm_Tones
513,ANONYMOUS-560.jpg,anonymous,ANONYMOUS,ANONYMOUS,0.6432756862745098,0.7618388235294118,0.7538596078431372,0.7196580392156863,0.4346701960784314,0.2979541917905837,0.3491747550405883,True,5,Balanced_Natural
514,ANONYMOUS-561.jpg,anonymous,ANONYMOUS,ANONYMOUS,0.3829341176470588,0.6843109803921569,0.6667007843137255,0.5779819607843137,0.5865203921568628,0.22084535665096194,0.38449896654793836,True,1,Cool_Tones
515,ANONYMOUS-562.jpg,anonymous,ANONYMOUS,ANONYMOUS,0.8883074509803922,0.8926866666666666,0.8931611764705882,0.8913850980392158,0.06769254901960785,0.3321823234245529,0.3339973727172486,True,5,Balanced_Natural
516,ANONYMOUS-563.jpg,anonymous,ANONYMOUS,ANONYMOUS,0.46825960784313725,0.44497882352941176,0.26258274509803925,0.39194039215686277,0.6647972549019608,0.39824015672904783,0.22331841527791377,True,0,Warm_Tones
517,ANONYMOUS-564.jpg,anonymous,ANONYMOUS,ANONYMOUS,0.8720443137254902,0.9666470588235294,0.7087941176470588,0.8491618300653595,0.2723376470588235,0.34231557932947837,0.2782327287602233,True,5,Balanced_Natural
518,ANONYMOUS-565.jpg,anonymous,ANONYMOUS,ANONYMOUS,0.4637329411764706,0.2509882352941176,0.26512862745098037,0.32661660130718956,0.6785807843137255,0.4732689296375673,0.27058060920078847,True,3,Vibrant_Bright
519,ANONYMOUS-566.jpg,anonymous,ANONYMOUS,ANONYMOUS,0.43892901960784314,0.4587898039215686,0.35336705882352937,0.4170286274509804,0.31435843137254904,0.3508381598425376,0.28244805681196633,True,4,Dark_Moody
520,ANONYMOUS-567.jpg,anonymous,ANONYMOUS,ANONYMOUS,0.871098431372549,0.8752188235294118,0.869726274509804,0.8720145098039215,0.05940901960784314,0.33298302898858584,0.3324585131222395,True,5,Balanced_Natural
521,ANONYMOUS-568.jpg,anonymous,ANONYMOUS,ANONYMOUS,0.6965917647058824,0.5968196078431373,0.49455450980392157,0.5959886274509804,0.4472286274509804,0.38959992580465286,0.27660160525629773,True,2,Neutral_Colors
522,ANONYMOUS-569.jpg,anonymous,ANONYMOUS,ANONYMOUS,0.45926980392156863,0.4609537254901961,0.4382788235294118,0.4528341176470588,0.12096823529411765,0.3380704235490063,0.32261887508818643,True,2,Neutral_Colors
523,ANONYMOUS-57.jpg,anonymous,ANONYMOUS,ANONYMOUS,0.3761176470588235,0.4689050980392157,0.43345686274509804,0.42615986928104577,0.4763176470588235,0.29419112401974823,0.33904062375757277,True,1,Cool_Tones
524,ANONYMOUS-570.jpg,anonymous,ANONYMOUS,ANONYMOUS,0.9042105882352941,0.8896396078431373,0.8261250980392157,0.8733250980392158,0.12351019607843138,0.34512166780494213,0.31531777592569293,True,5,Balanced_Natural
525,ANONYMOUS-571.jpg,anonymous,ANONYMOUS,ANONYMOUS,0.8083835294117647,0.8427776470588235,0.7258768627450981,0.7923460130718954,0.26536274509803925,0.34008003910549744,0.3053701898747965,True,5,Balanced_Natural
526,ANONYMOUS-572.jpg,anonymous,ANONYMOUS,ANONYMOUS,0.7710376470588235,0.7213450980392158,0.48048392156862746,0.6576222222222222,0.4439764705882353,0.3908207631389486,0.24354594567432253,True,2,Neutral_Colors
527,ANONYMOUS-573.jpg,anonymous,ANONYMOUS,ANONYMOUS,0.6000721568627452,0.7695549019607844,0.8139921568627452,0.7278730718954249,0.30740666666666666,0.2748061006909815,0.37277185428827936,True,5,Balanced_Natural
528,ANONYMOUS-574.jpg,anonymous,ANONYMOUS,ANONYMOUS,0.9701505882352941,0.1898007843137255,0.1772870588235294,0.44574614379084965,0.8330423529411765,0.7254875719896525,0.13257690033980013,True,3,Vibrant_Bright
529,ANONYMOUS-575.jpg,anonymous,ANONYMOUS,ANONYMOUS,0.5059125490196078,0.5243529411764706,0.48871019607843136,0.50632522875817,0.15768156862745097,0.3330614311536439,0.32173646935757616,True,2,Neutral_Colors
530,ANONYMOUS-576.jpg,anonymous,ANONYMOUS,ANONYMOUS,0.9344431372549019,0.0757078431372549,0.35440666666666665,0.4548525490196078,0.9202039215686274,0.6847951454992465,0.2597225611596516,True,3,Vibrant_Bright
531,ANONYMOUS-577.jpg,anonymous,ANONYMOUS,ANONYMOUS,0.43715372549019604,0.6444631372549019,0.7121411764705883,0.5979193464052287,0.47899411764705885,0.2437081658868405,0.3970105019133278,True,1,Cool_Tones
532,ANONYMOUS-578.jpg,anonymous,ANONYMOUS,ANONYMOUS,0.12341098039215687,0.11063529411764705,0.12267843137254902,0.11890823529411765,0.5004321568627451,0.34595482847781495,0.34390129264474145,True,4,Dark_Moody
533,ANONYMOUS-579.jpg,anonymous,ANONYMOUS,ANONYMOUS,0.64322,0.6929003921568628,0.5700501960784313,0.6353901960784314,0.5849858823529412,0.33744076554801855,0.2990550271532352,True,2,Neutral_Colors
534,ANONYMOUS-58.jpg,anonymous,ANONYMOUS,ANONYMOUS,0.4592392156862745,0.46806901960784314,0.40215254901960784,0.4431535947712419,0.37389607843137257,0.3454324307060364,0.30249274839231344,True,4,Dark_Moody
535,ANONYMOUS-580.jpg,anonymous,ANONYMOUS,ANONYMOUS,0.17811960784313724,0.282038431372549,0.45006274509803923,0.3034069281045752,0.7406270588235294,0.1956881398717929,0.49445393733063675,True,1,Cool_Tones
536,ANONYMOUS-581.jpg,anonymous,ANONYMOUS,ANONYMOUS,0.5573784313725489,0.5290098039215687,0.610556862745098,0.5656483660130719,0.37153176470588234,0.3284597147879874,0.3597974405024315,True,2,Neutral_Colors
537,ANONYMOUS-582.jpg,anonymous,ANONYMOUS,ANONYMOUS,0.18191607843137253,0.2396643137254902,0.26189254901960785,0.2278243137254902,0.6994400000000001,0.26616388346604486,0.3831785430894549,True,1,Cool_Tones
538,ANONYMOUS-583.jpg,anonymous,ANONYMOUS,ANONYMOUS,0.5539713725490196,0.48467450980392157,0.5302062745098038,0.5229507189542484,0.4846501960784314,0.353105942468703,0.3379578720866801,True,2,Neutral_Colors
539,ANONYMOUS-584.jpg,anonymous,ANONYMOUS,ANONYMOUS,0.7474066666666667,0.6469776470588235,0.45725529411764704,0.6172132026143791,0.5392443137254902,0.4036456445709921,0.2469460283927753,True,0,Warm_Tones
540,ANONYMOUS-585.jpg,anonymous,ANONYMOUS,ANONYMOUS,0.7342180392156862,0.7282623529411765,0.5528662745098039,0.6717822222222223,0.39104823529411764,0.36431333975743446,0.27432798998111846,True,2,Neutral_Colors
541,ANONYMOUS-586.jpg,anonymous,ANONYMOUS,ANONYMOUS,0.22816039215686276,0.27940470588235294,0.26074509803921564,0.25610339869281046,0.3930376470588235,0.2969635133802886,0.3393743308311728,True,4,Dark_Moody
542,ANONYMOUS-587.jpg,anonymous,ANONYMOUS,ANONYMOUS,0.05709764705882353,0.07412078431372549,0.08128666666666667,0.07083503267973856,0.20842823529411764,0.268687099267555,0.3825145133090068,True,4,Dark_Moody
543,ANONYMOUS-588.jpg,anonymous,ANONYMOUS,ANONYMOUS,0.7455074509803922,0.7474486274509804,0.7422921568627451,0.7450827450980392,0.031214901960784316,0.33352318802260866,0.3320847380874165,True,5,Balanced_Natural
544,ANONYMOUS-589.jpg,anonymous,ANONYMOUS,ANONYMOUS,0.836741568627451,0.8119764705882353,0.7536560784313725,0.8007913725490196,0.13043803921568625,0.34829763365472033,0.31371290557218245,True,5,Balanced_Natural
545,ANONYMOUS-59.jpg,anonymous,ANONYMOUS,ANONYMOUS,0.9563894117647059,0.8477490196078431,0.863261568627451,0.8891333333333332,0.12776392156862745,0.3585472944505554,0.32363396753148516,True,5,Balanced_Natural
546,ANONYMOUS-590.jpg,anonymous,ANONYMOUS,ANONYMOUS,0.2762541176470588,0.3942278431372549,0.21419411764705884,0.2948920261437909,0.6734737254901961,0.31226548577124547,0.2421155954745069,True,4,Dark_Moody
547,ANONYMOUS-591.jpg,anonymous,ANONYMOUS,ANONYMOUS,0.39834901960784314,0.26236274509803925,0.24820235294117649,0.3029713725490197,0.6679564705882353,0.4382686698391193,0.2730753929846681,True,3,Vibrant_Bright
548,ANONYMOUS-592.jpg,anonymous,ANONYMOUS,ANONYMOUS,0.8298776470588235,0.8217854901960784,0.7955956862745098,0.8157529411764705,0.0866078431372549,0.3391048384319009,0.32509653393774524,True,5,Balanced_Natural
549,ANONYMOUS-593.jpg,anonymous,ANONYMOUS,ANONYMOUS,0.2330764705882353,0.22632549019607842,0.17542627450980391,0.2116094117647059,0.23635843137254903,0.36714829379313396,0.2763361621626146,True,4,Dark_Moody
550,ANONYMOUS-594.jpg,anonymous,ANONYMOUS,ANONYMOUS,0.5563439215686276,0.5784662745098039,0.4993011764705882,0.5447037908496732,0.39052941176470585,0.34045634248567475,0.3055488624027356,True,2,Neutral_Colors
551,ANONYMOUS-595.jpg,anonymous,ANONYMOUS,ANONYMOUS,0.8184356862745098,0.7858105882352941,0.7239301960784315,0.7760588235294118,0.1441901960784314,0.35153492232176115,0.3109428749413694,True,5,Balanced_Natural
552,ANONYMOUS-596.jpg,anonymous,ANONYMOUS,ANONYMOUS,0.5023462745098038,0.5158419607843138,0.5318117647058823,0.5166666666666666,0.3323772549019608,0.324094161558479,0.34310414296886416,True,2,Neutral_Colors
553,ANONYMOUS-597.jpg,anonymous,ANONYMOUS,ANONYMOUS,0.2882372549019608,0.25041411764705884,0.18806117647058823,0.24223751633986926,0.2337913725490196,0.3966311833470215,0.25878308822547363,True,4,Dark_Moody
554,ANONYMOUS-598.jpg,anonymous,ANONYMOUS,ANONYMOUS,0.8306760784313725,0.8794858823529412,0.825673725490196,0.8452785620915032,0.13438666666666665,0.32757475389779495,0.32560209021316094,True,5,Balanced_Natural
555,ANONYMOUS-599.jpg,anonymous,ANONYMOUS,ANONYMOUS,0.7983960784313726,0.7962278431372548,0.7449556862745098,0.7798598692810458,0.1737776470588235,0.3412560677562698,0.3184141994411919,True,5,Balanced_Natural
556,ANONYMOUS-6.jpg,anonymous,ANONYMOUS,ANONYMOUS,0.6883380392156863,0.6427478431372549,0.6720396078431373,0.6677084967320263,0.2912282352941176,0.3436318388202771,0.3354953424720342,True,2,Neutral_Colors
557,ANONYMOUS-60.jpg,anonymous,ANONYMOUS,ANONYMOUS,0.4975282352941176,0.3077392156862745,0.06766196078431372,0.2909764705882353,0.857743137254902,0.5699517723163298,0.0775112882681325,True,3,Vibrant_Bright
558,ANONYMOUS-600.jpg,anonymous,ANONYMOUS,ANONYMOUS,0.3207949019607843,0.324981568627451,0.2781913725490196,0.30798928104575163,0.39469764705882354,0.3471923369965089,0.301083066399128,True,4,Dark_Moody
559,ANONYMOUS-601.jpg,anonymous,ANONYMOUS,ANONYMOUS,0.6039,0.4516149019607843,0.20196627450980392,0.41916039215686274,0.6642333333333333,0.4802453754811728,0.1606116399014645,True,3,Vibrant_Bright
560,ANONYMOUS-602.jpg,anonymous,ANONYMOUS,ANONYMOUS,0.5037466666666667,0.49146823529411765,0.3708486274509804,0.45535450980392156,0.49166470588235295,0.3687575922080218,0.27147226171714595,True,0,Warm_Tones
561,ANONYMOUS-603.jpg,anonymous,ANONYMOUS,ANONYMOUS,0.38871372549019606,0.3500505882352941,0.2553078431372549,0.33135738562091505,0.3944537254901961,0.3910313067068031,0.25683003446446157,True,4,Dark_Moody
562,ANONYMOUS-604.jpg,anonymous,ANONYMOUS,ANONYMOUS,0.31667058823529415,0.33044549019607844,0.35150745098039216,0.3328745098039216,0.5002564705882353,0.31710675925598136,0.3519916050804861,True,4,Dark_Moody
563,ANONYMOUS-605.jpg,anonymous,ANONYMOUS,ANONYMOUS,0.7077643137254901,0.7307435294117647,0.6498533333333334,0.6961203921568627,0.30138196078431373,0.33890879738189794,0.3111784635132639,True,5,Balanced_Natural
564,ANONYMOUS-606.jpg,anonymous,ANONYMOUS,ANONYMOUS,0.4603564705882353,0.6621321568627452,0.6127909803921568,0.5784265359477124,0.39124549019607846,0.2652922348740094,0.3531365345883879,True,2,Neutral_Colors
565,ANONYMOUS-607.jpg,anonymous,ANONYMOUS,ANONYMOUS,0.7840874509803921,0.7730035294117648,0.6323611764705883,0.729817385620915,0.32408784313725486,0.35812022217634765,0.2888215143989173,True,5,Balanced_Natural
566,ANONYMOUS-608.jpg,anonymous,ANONYMOUS,ANONYMOUS,0.29472039215686274,0.35989019607843137,0.18755019607843137,0.2807202614379085,0.5125839215686274,0.34995697696853967,0.22270091040911494,True,4,Dark_Moody
567,ANONYMOUS-609.jpg,anonymous,ANONYMOUS,ANONYMOUS,0.654632156862745,0.6549466666666667,0.6544921568627451,0.6546903267973856,0.1430992156862745,0.33330354661036293,0.33323226612706214,True,2,Neutral_Colors
568,ANONYMOUS-61.jpg,anonymous,ANONYMOUS,ANONYMOUS,0.4066780392156863,0.25262117647058824,0.18301647058823528,0.2807718954248366,0.6156733333333333,0.4828089551619668,0.21727750805662002,True,3,Vibrant_Bright
569,ANONYMOUS-610.jpg,anonymous,ANONYMOUS,ANONYMOUS,0.5753176470588235,0.5614313725490195,0.500796862745098,0.5458486274509803,0.3228713725490196,0.3513289624002503,0.30582138938551695,True,2,Neutral_Colors
570,ANONYMOUS-611.jpg,anonymous,ANONYMOUS,ANONYMOUS,0.6966952941176471,0.7519941176470588,0.7712345098039216,0.7399746405228758,0.23971098039215685,0.31383732276195775,0.34741468160056393,True,5,Balanced_Natural
571,ANONYMOUS-612.jpg,anonymous,ANONYMOUS,ANONYMOUS,0.8263890196078431,0.8522207843137255,0.8815988235294118,0.8534028758169935,0.0805070588235294,0.3227817795649101,0.3443463433918719,True,5,Balanced_Natural
572,ANONYMOUS-613.jpg,anonymous,ANONYMOUS,ANONYMOUS,0.48361529411764703,0.37823098039215686,0.2782290196078432,0.3800250980392157,0.5211015686274509,0.4241955530633476,0.24404421093868664,True,0,Warm_Tones
573,ANONYMOUS-614.jpg,anonymous,ANONYMOUS,ANONYMOUS,0.3769145098039216,0.6198615686274509,0.6035003921568627,0.5334254901960783,0.49083372549019605,0.23553072309727274,0.37712234487374624,True,1,Cool_Tones
574,ANONYMOUS-615.jpg,anonymous,ANONYMOUS,ANONYMOUS,0.935587843137255,0.8053913725490196,0.4621262745098039,0.7343684967320261,0.5106286274509804,0.42466755342996915,0.2097612060816335,True,0,Warm_Tones
575,ANONYMOUS-616.jpg,anonymous,ANONYMOUS,ANONYMOUS,0.3720686274509804,0.3667694117647059,0.3148960784313726,0.35124470588235296,0.41047058823529414,0.3530950247551702,0.29883798419333385,True,4,Dark_Moody
576,ANONYMOUS-617.jpg,anonymous,ANONYMOUS,ANONYMOUS,0.5651337254901961,0.45126784313725493,0.3345345098039215,0.4503120261437908,0.6240843137254902,0.4183272000694479,0.24763145163826805,True,0,Warm_Tones
577,ANONYMOUS-618.jpg,anonymous,ANONYMOUS,ANONYMOUS,0.37834862745098036,0.3515580392156863,0.36526392156862747,0.3650568627450981,0.2516278431372549,0.34546972503243334,0.3335220941562188,True,4,Dark_Moody
578,ANONYMOUS-619.jpg,anonymous,ANONYMOUS,ANONYMOUS,0.29960039215686274,0.46482823529411765,0.18346313725490196,0.31596392156862746,0.68964,0.3160699219492666,0.19354840978433668,True,4,Dark_Moody
579,ANONYMOUS-62.jpg,anonymous,ANONYMOUS,ANONYMOUS,0.37830156862745096,0.27839882352941175,0.35472588235294117,0.33714209150326796,0.6783239215686274,0.37402745423371914,0.3507181300057998,True,4,Dark_Moody
580,ANONYMOUS-620.jpg,anonymous,ANONYMOUS,ANONYMOUS,0.5240976470588236,0.6841349019607843,0.5023639215686274,0.5701988235294118,0.7676556862745098,0.30638280254126554,0.29367746077391077,True,2,Neutral_Colors
581,ANONYMOUS-621.jpg,anonymous,ANONYMOUS,ANONYMOUS,0.5155733333333333,0.4729713725490196,0.3919345098039215,0.46015973856209147,0.5670576470588236,0.37347390239636846,0.28391171807491655,True,0,Warm_Tones
582,ANONYMOUS-622.jpg,anonymous,ANONYMOUS,ANONYMOUS,0.47345294117647063,0.6700552941176471,0.7765270588235293,0.6400117647058824,0.4776513725490196,0.2465854122794309,0.40443353138820876,True,1,Cool_Tones
583,ANONYMOUS-623.jpg,anonymous,ANONYMOUS,ANONYMOUS,0.8212301960784314,0.8132709803921568,0.684936862745098,0.7731460130718953,0.26884980392156865,0.35406414318012375,0.2953028086380352,True,5,Balanced_Natural
584,ANONYMOUS-624.jpg,anonymous,ANONYMOUS,ANONYMOUS,0.34265999999999996,0.3391219607843137,0.3637298039215686,0.3485039215686274,0.5720247058823529,0.32774348775779427,0.34789609099023394,True,4,Dark_Moody
585,ANONYMOUS-625.jpg,anonymous,ANONYMOUS,ANONYMOUS,0.5894317647058824,0.5858913725490196,0.5290403921568628,0.5681211764705884,0.27146705882352945,0.34583667668166956,0.3104033104581524,True,2,Neutral_Colors
586,ANONYMOUS-626.jpg,anonymous,ANONYMOUS,ANONYMOUS,0.7668141176470589,0.6707807843137256,0.544233725490196,0.6606095424836602,0.5091678431372548,0.38692232017609474,0.2746117617538026,True,2,Neutral_Colors
587,ANONYMOUS-627.jpg,anonymous,ANONYMOUS,ANONYMOUS,0.6816262745098038,0.651523137254902,0.5209113725490196,0.6180202614379086,0.37509019607843136,0.3676394607109091,0.28095685750938076,True,2,Neutral_Colors
588,ANONYMOUS-628.jpg,anonymous,ANONYMOUS,ANONYMOUS,0.8382827450980392,0.7053803921568628,0.6168396078431372,0.7201675816993465,0.2952482352941177,0.3880033751387918,0.2855073078409064,True,5,Balanced_Natural
589,ANONYMOUS-629.jpg,anonymous,ANONYMOUS,ANONYMOUS,0.7064858823529412,0.7865411764705883,0.6979882352941176,0.730338431372549,0.2938294117647059,0.32244665831545216,0.3185682539961243,True,5,Balanced_Natural
590,ANONYMOUS-63.jpg,anonymous,ANONYMOUS,ANONYMOUS,0.2763313725490196,0.3644603921568627,0.20144509803921568,0.2807456209150327,0.5860658823529412,0.32809184290097737,0.23917839241119787,True,4,Dark_Moody
591,ANONYMOUS-630.jpg,anonymous,ANONYMOUS,ANONYMOUS,0.7545294117647059,0.7110066666666667,0.5599450980392157,0.6751603921568629,0.30822784313725493,0.37251841587639967,0.27645027171501574,True,2,Neutral_Colors
592,ANONYMOUS-631.jpg,anonymous,ANONYMOUS,ANONYMOUS,0.727198431372549,0.8034023529411765,0.7063411764705883,0.7456473202614379,0.27848117647058823,0.3250858176185144,0.31576181818374655,True,5,Balanced_Natural
593,ANONYMOUS-632.jpg,anonymous,ANONYMOUS,ANONYMOUS,0.632523137254902,0.6304180392156863,0.5391847058823529,0.6007086274509804,0.43580823529411766,0.3509870162022389,0.29919353135577675,True,2,Neutral_Colors
594,ANONYMOUS-633.jpg,anonymous,ANONYMOUS,ANONYMOUS,0.4886537254901961,0.42133764705882354,0.24734274509803922,0.38577803921568626,0.5917949019607843,0.4222231901885622,0.21371748020651432,True,0,Warm_Tones
595,ANONYMOUS-634.jpg,anonymous,ANONYMOUS,ANONYMOUS,0.44105372549019606,0.19034745098039216,0.3224886274509804,0.3179632679738562,0.6660854901960784,0.46237339082939793,0.33807709029711563,True,4,Dark_Moody
596,ANONYMOUS-635.jpg,anonymous,ANONYMOUS,ANONYMOUS,0.6492501960784314,0.40265960784313726,0.3104007843137255,0.45410352941176474,0.6577941176470589,0.47657980867611544,0.22784859718899642,True,0,Warm_Tones
597,ANONYMOUS-636.jpg,anonymous,ANONYMOUS,ANONYMOUS,0.23383333333333334,0.2539113725490196,0.1438070588235294,0.2105172549019608,0.6427313725490196,0.37025146021208666,0.22770394947206216,True,4,Dark_Moody
598,ANONYMOUS-637.jpg,anonymous,ANONYMOUS,ANONYMOUS,0.7664729411764706,0.5734254901960785,0.3792113725490196,0.5730366013071896,0.5578349019607842,0.445854298296551,0.22058576543407057,True,0,Warm_Tones
599,ANONYMOUS-638.jpg,anonymous,ANONYMOUS,ANONYMOUS,0.38674039215686273,0.4113164705882353,0.36386705882352943,0.38730797385620913,0.5116196078431372,0.33284456248236216,0.3131588384663442,True,4,Dark_Moody
600,ANONYMOUS-639.jpg,anonymous,ANONYMOUS,ANONYMOUS,0.7750329411764706,0.6894317647058824,0.5919980392156863,0.6854875816993463,0.3591878431372549,0.37687654014027944,0.2878718580022735,True,2,Neutral_Colors
601,ANONYMOUS-64.jpg,anonymous,ANONYMOUS,ANONYMOUS,0.3129560784313725,0.32142352941176466,0.29990823529411764,0.31142928104575157,0.6383466666666667,0.33496715788716386,0.3210016233171037,True,4,Dark_Moody
602,ANONYMOUS-640.jpg,anonymous,ANONYMOUS,ANONYMOUS,0.5383917647058823,0.4092,0.2942388235294118,0.41394352941176465,0.4904552941176471,0.4335465209666349,0.23693939364800679,True,0,Warm_Tones
603,ANONYMOUS-641.jpg,anonymous,ANONYMOUS,ANONYMOUS,0.640083137254902,0.6934258823529412,0.48047725490196075,0.604662091503268,0.41986392156862745,0.352859772639735,0.2648735532236855,True,2,Neutral_Colors
604,ANONYMOUS-642.jpg,anonymous,ANONYMOUS,ANONYMOUS,0.7945458823529411,0.6967062745098039,0.6338509803921569,0.7083677124183007,0.34556156862745097,0.3738856220849929,0.29826819744040045,True,2,Neutral_Colors
605,ANONYMOUS-643.jpg,anonymous,ANONYMOUS,ANONYMOUS,0.411861568627451,0.5224203921568628,0.38527686274509804,0.4398529411764706,0.6559619607843137,0.31212042173718924,0.29197377479605463,True,4,Dark_Moody
606,ANONYMOUS-644.jpg,anonymous,ANONYMOUS,ANONYMOUS,0.5831772549019607,0.38774,0.17866,0.3831924183006536,0.7629705882352942,0.5072966998246637,0.15541351729485928,True,3,Vibrant_Bright
607,ANONYMOUS-645.jpg,anonymous,ANONYMOUS,ANONYMOUS,0.5644066666666666,0.5069180392156863,0.38095725490196075,0.4840939869281045,0.5374027450980392,0.3886340898483417,0.2623161361724045,True,0,Warm_Tones
608,ANONYMOUS-646.jpg,anonymous,ANONYMOUS,ANONYMOUS,0.2255850980392157,0.23448,0.16518627450980394,0.20841712418300654,0.5957078431372549,0.3607904710853854,0.2641913597806514,True,4,Dark_Moody
609,ANONYMOUS-647.jpg,anonymous,ANONYMOUS,ANONYMOUS,0.7472145098039216,0.7110717647058823,0.5488847058823529,0.6690569934640523,0.3757043137254902,0.37227229011932117,0.2734617218874852,True,2,Neutral_Colors
610,ANONYMOUS-648.jpg,anonymous,ANONYMOUS,ANONYMOUS,0.3938937254901961,0.38279568627450977,0.4650854901960784,0.4139249673202614,0.42344156862745097,0.3172019402762057,0.3745325460589958,True,1,Cool_Tones
611,ANONYMOUS-649.jpg,anonymous,ANONYMOUS,ANONYMOUS,0.8971572549019609,0.7871827450980392,0.710244705882353,0.7981949019607844,0.24576156862745097,0.3746607409783137,0.2966044206050429,True,5,Balanced_Natural
612,ANONYMOUS-65.jpg,anonymous,ANONYMOUS,ANONYMOUS,0.33309098039215684,0.3017403921568627,0.260283137254902,0.29837150326797385,0.28765254901960785,0.37212066682334854,0.29078161913641515,True,4,Dark_Moody
613,ANONYMOUS-650.jpg,anonymous,ANONYMOUS,ANONYMOUS,0.1954556862745098,0.19608156862745096,0.13475686274509804,0.1754313725490196,0.4703364705882353,0.3713803904325505,0.2560480958811933,True,4,Dark_Moody
614,ANONYMOUS-651.jpg,anonymous,ANONYMOUS,ANONYMOUS,0.7669650980392156,0.6664607843137255,0.4732090196078432,0.6355449673202614,0.44258039215686273,0.4022609126632247,0.24819055338315776,True,0,Warm_Tones
615,ANONYMOUS-652.jpg,anonymous,ANONYMOUS,ANONYMOUS,0.5383682352941176,0.3485490196078431,0.27532470588235297,0.3874139869281046,0.8876545098039216,0.46321488144855,0.2368908353693588,True,3,Vibrant_Bright
616,ANONYMOUS-653.jpg,anonymous,ANONYMOUS,ANONYMOUS,0.36525294117647056,0.32232666666666665,0.26804509803921567,0.3185415686274509,0.7118698039215686,0.3822133905860386,0.2804917201256354,True,4,Dark_Moody
617,ANONYMOUS-654.jpg,anonymous,ANONYMOUS,ANONYMOUS,0.5178333333333334,0.5408019607843138,0.43164901960784313,0.49676143790849675,0.5722270588235294,0.3474726138438737,0.28964186631403166,True,0,Warm_Tones
618,ANONYMOUS-655.jpg,anonymous,ANONYMOUS,ANONYMOUS,0.25342000000000003,0.30457333333333336,0.14512235294117648,0.2343718954248366,0.6152654901960783,0.3604238171942063,0.20639867574486492,True,4,Dark_Moody
619,ANONYMOUS-656.jpg,anonymous,ANONYMOUS,ANONYMOUS,0.5323203921568628,0.5055580392156863,0.3764349019607843,0.4714377777777778,0.43860941176470586,0.3763805397504959,0.26616070634989747,True,0,Warm_Tones
620,ANONYMOUS-657.jpg,anonymous,ANONYMOUS,ANONYMOUS,0.5223721568627452,0.4729662745098039,0.420463137254902,0.47193385620915035,0.29785372549019606,0.3689583339075014,0.29697865124126716,True,2,Neutral_Colors
621,ANONYMOUS-658.jpg,anonymous,ANONYMOUS,ANONYMOUS,0.2697686274509804,0.46456588235294116,0.5198207843137256,0.41805176470588234,0.7347505882352942,0.21509968790674075,0.41447847190325027,True,1,Cool_Tones
622,ANONYMOUS-659.jpg,anonymous,ANONYMOUS,ANONYMOUS,0.22795137254901962,0.3303850980392157,0.3199207843137255,0.2927524183006536,0.5316380392156863,0.2595493652086033,0.3642673240224061,True,1,Cool_Tones
623,ANONYMOUS-66.jpg,anonymous,ANONYMOUS,ANONYMOUS,0.4029976470588235,0.4874803921568628,0.39058039215686274,0.42701947712418303,0.6501572549019607,0.3145815386777528,0.3048885809602043,True,4,Dark_Moody
624,ANONYMOUS-660.jpg,anonymous,ANONYMOUS,ANONYMOUS,0.7678678431372549,0.6710749019607843,0.44270470588235294,0.6272158169934641,0.4786478431372549,0.408082520800936,0.23527492909299358,True,0,Warm_Tones
625,ANONYMOUS-661.jpg,anonymous,ANONYMOUS,ANONYMOUS,0.3322521568627451,0.306641568627451,0.2768313725490196,0.30524169934640527,0.4042207843137255,0.36282918830660704,0.3023080516562545,True,4,Dark_Moody
626,ANONYMOUS-662.jpg,anonymous,ANONYMOUS,ANONYMOUS,0.850395294117647,0.8836580392156862,0.7627156862745098,0.8322563398692809,0.18245098039215685,0.3405981678085092,0.3054809535058044,True,5,Balanced_Natural
627,ANONYMOUS-663.jpg,anonymous,ANONYMOUS,ANONYMOUS,0.45113176470588234,0.2979705882352941,0.27867843137254905,0.3425935947712418,0.6604619607843137,0.43893730322056046,0.27114552488262805,True,4,Dark_Moody
628,ANONYMOUS-664.jpg,anonymous,ANONYMOUS,ANONYMOUS,0.44900509803921573,0.5234780392156863,0.35813450980392153,0.4435392156862745,0.5481109803921569,0.33744085807882584,0.26914887341729044,True,4,Dark_Moody
629,ANONYMOUS-665.jpg,anonymous,ANONYMOUS,ANONYMOUS,0.8017556862745098,0.7027180392156862,0.6364047058823529,0.7136261437908495,0.3047886274509804,0.3744982900604041,0.29726321648778914,True,5,Balanced_Natural
630,ANONYMOUS-666.jpg,anonymous,ANONYMOUS,ANONYMOUS,0.6319654901960784,0.5052741176470588,0.4794439215686275,0.5388945098039216,0.26647607843137255,0.39090216965583313,0.2965599737278828,True,2,Neutral_Colors
631,ANONYMOUS-667.jpg,anonymous,ANONYMOUS,ANONYMOUS,0.4210145098039216,0.3171250980392157,0.24196901960784314,0.3267028758169935,0.7762745098039215,0.42955859019452225,0.24687954574749352,True,3,Vibrant_Bright
632,ANONYMOUS-668.jpg,anonymous,ANONYMOUS,ANONYMOUS,0.4328152941176471,0.6214941176470588,0.49862078431372553,0.5176433986928105,0.5018501960784314,0.2787086093773002,0.3210836291864553,True,2,Neutral_Colors
633,ANONYMOUS-669.jpg,anonymous,ANONYMOUS,ANONYMOUS,0.4200172549019608,0.46416156862745095,0.5519141176470589,0.4786976470588235,0.3554650980392157,0.29247199146169794,0.3843161661102214,True,1,Cool_Tones
634,ANONYMOUS-67.jpg,anonymous,ANONYMOUS,ANONYMOUS,0.8936690196078432,0.7709843137254901,0.7728760784313726,0.8125098039215687,0.25738470588235296,0.36662886965207175,0.3170734095054146,True,5,Balanced_Natural
635,ANONYMOUS-670.jpg,anonymous,ANONYMOUS,ANONYMOUS,0.9066505882352941,0.7836156862745098,0.7343282352941177,0.8081981699346406,0.23959607843137257,0.373938904270517,0.3028662852524639,True,5,Balanced_Natural
636,ANONYMOUS-671.jpg,anonymous,ANONYMOUS,ANONYMOUS,0.849376862745098,0.6851290196078431,0.5199329411764706,0.6848129411764706,0.423716862745098,0.413434773322256,0.2530777174496428,True,2,Neutral_Colors
637,ANONYMOUS-672.jpg,anonymous,ANONYMOUS,ANONYMOUS,0.8376239215686274,0.648116862745098,0.5991419607843138,0.6949609150326798,0.36463411764705883,0.4017604931392657,0.287374277915021,True,2,Neutral_Colors
638,ANONYMOUS-673.jpg,anonymous,ANONYMOUS,ANONYMOUS,0.46391490196078433,0.6411823529411764,0.26881058823529413,0.4579692810457516,0.674495294117647,0.3376606128405557,0.19565387440223336,True,0,Warm_Tones
639,ANONYMOUS-674.jpg,anonymous,ANONYMOUS,ANONYMOUS,0.22625411764705883,0.3332019607843137,0.31158862745098037,0.29034823529411763,0.5315835294117647,0.2597499948844449,0.3577178847754573,True,1,Cool_Tones
640,ANONYMOUS-675.jpg,anonymous,ANONYMOUS,ANONYMOUS,0.32495607843137253,0.35217176470588235,0.4261168627450981,0.3677482352941177,0.5849882352941176,0.2945455184631599,0.386239312306499,True,1,Cool_Tones
641,ANONYMOUS-676.jpg,anonymous,ANONYMOUS,ANONYMOUS,0.3943627450980392,0.29279803921568626,0.17045529411764704,0.28587202614379087,0.6428960784313725,0.4598354615551147,0.19875454722685662,True,3,Vibrant_Bright
642,ANONYMOUS-677.jpg,anonymous,ANONYMOUS,ANONYMOUS,0.5741145098039216,0.5576850980392157,0.49271529411764703,0.5415049673202614,0.36408666666666667,0.35340651889647107,0.303299766732318,True,2,Neutral_Colors
643,ANONYMOUS-678.jpg,anonymous,ANONYMOUS,ANONYMOUS,0.6165882352941177,0.5533239215686274,0.7374635294117647,0.6357918954248366,0.314058431372549,0.32326505809318584,0.38663759220638233,True,2,Neutral_Colors
644,ANONYMOUS-679.jpg,anonymous,ANONYMOUS,ANONYMOUS,0.5166290196078431,0.4708427450980392,0.43148156862745096,0.47298444444444443,0.39451882352941176,0.3640913646559754,0.3040841826204773,True,2,Neutral_Colors
645,ANONYMOUS-68.jpg,anonymous,ANONYMOUS,ANONYMOUS,0.8475725490196079,0.8177870588235294,0.668161568627451,0.7778403921568627,0.22400313725490198,0.3632159820745936,0.2863317843578559,True,5,Balanced_Natural
646,ANONYMOUS-680.jpg,anonymous,ANONYMOUS,ANONYMOUS,0.40130039215686275,0.21258235294117647,0.05840862745098039,0.22409712418300654,0.8213168627450981,0.5969134985650938,0.08687980086628393,True,3,Vibrant_Bright
647,ANONYMOUS-681.jpg,anonymous,ANONYMOUS,ANONYMOUS,0.8169670588235295,0.7784356862745099,0.7396682352941176,0.7783569934640523,0.19530549019607843,0.3498680407643478,0.31676464002188753,True,5,Balanced_Natural
648,ANONYMOUS-682.jpg,anonymous,ANONYMOUS,ANONYMOUS,0.739101568627451,0.8268023529411764,0.7078525490196078,0.7579188235294118,0.16547294117647057,0.32505734590780294,0.31131400695804284,True,5,Balanced_Natural
649,ANONYMOUS-683.jpg,anonymous,ANONYMOUS,ANONYMOUS,0.47206431372549024,0.5813678431372549,0.4408529411764706,0.4980950326797386,0.47398,0.3159129395267261,0.2950257930893907,True,2,Neutral_Colors
650,ANONYMOUS-684.jpg,anonymous,ANONYMOUS,ANONYMOUS,0.8768952941176471,0.5474650980392157,0.3207435294117647,0.5817013071895425,0.6513254901960784,0.502488580073128,0.18379612907369322,True,0,Warm_Tones
651,ANONYMOUS-685.jpg,anonymous,ANONYMOUS,ANONYMOUS,0.6940835294117647,0.4726156862745098,0.43257411764705883,0.5330911111111111,0.4655564705882353,0.4339990425314344,0.2704814981588893,True,0,Warm_Tones
652,ANONYMOUS-686.jpg,anonymous,ANONYMOUS,ANONYMOUS,0.3814945098039215,0.4409529411764706,0.5991090196078431,0.4738521568627451,0.616143137254902,0.26836376136524437,0.4214455145172105,True,1,Cool_Tones
653,ANONYMOUS-687.jpg,anonymous,ANONYMOUS,ANONYMOUS,0.7239078431372549,0.7425898039215686,0.5745070588235295,0.6803349019607842,0.2803572549019608,0.3546819301145953,0.2814823384215689,True,2,Neutral_Colors
654,ANONYMOUS-688.jpg,anonymous,ANONYMOUS,ANONYMOUS,0.45743450980392153,0.4163733333333334,0.506901568627451,0.4602364705882353,0.4696678431372549,0.33130373024367066,0.367130981492037,True,1,Cool_Tones
655,ANONYMOUS-689.jpg,anonymous,ANONYMOUS,ANONYMOUS,0.6721658823529412,0.6304282352941176,0.3701788235294118,0.5575909803921569,0.5704180392156863,0.4018270884111235,0.2212963834605548,True,0,Warm_Tones
656,ANONYMOUS-69.jpg,anonymous,ANONYMOUS,ANONYMOUS,0.547713725490196,0.3575317647058823,0.15567254901960784,0.35363934640522876,0.7458666666666667,0.5162634520114829,0.1467336745456968,True,3,Vibrant_Bright
657,ANONYMOUS-690.jpg,anonymous,ANONYMOUS,ANONYMOUS,0.4512133333333333,0.5409698039215687,0.5860996078431372,0.526094248366013,0.49868784313725495,0.28588860192899285,0.3713524958129314,True,1,Cool_Tones
658,ANONYMOUS-691.jpg,anonymous,ANONYMOUS,ANONYMOUS,0.19850823529411765,0.10816,0.0458321568627451,0.11750013071895427,0.6126258823529412,0.5631417058511409,0.13001978965901456,True,3,Vibrant_Bright
659,ANONYMOUS-692.jpg,anonymous,ANONYMOUS,ANONYMOUS,0.8368250980392157,0.623044705882353,0.5953964705882353,0.6850887581699346,0.4647160784313725,0.40716120400389505,0.2896929649844406,True,2,Neutral_Colors
660,ANONYMOUS-693.jpg,anonymous,ANONYMOUS,ANONYMOUS,0.10415803921568628,0.331163137254902,0.3600756862745098,0.2651322875816993,0.823147843137255,0.13095086634531972,0.45269883556363494,True,1,Cool_Tones
661,ANONYMOUS-694.jpg,anonymous,ANONYMOUS,ANONYMOUS,0.7084411764705882,0.6299976470588236,0.5690756862745098,0.6358381699346406,0.32206627450980396,0.37139471361017173,0.29833345173324777,True,2,Neutral_Colors
662,ANONYMOUS-695.jpg,anonymous,ANONYMOUS,ANONYMOUS,0.6146207843137255,0.6534513725490196,0.6657,0.6445907189542484,0.15742,0.3178349963812999,0.3442492712433746,True,2,Neutral_Colors
663,ANONYMOUS-696.jpg,anonymous,ANONYMOUS,ANONYMOUS,0.2720854901960784,0.3079458823529412,0.3652101960784314,0.315080522875817,0.43568941176470594,0.2878472671741423,0.3863666409022803,True,1,Cool_Tones
664,ANONYMOUS-697.jpg,anonymous,ANONYMOUS,ANONYMOUS,0.6660501960784314,0.7323133333333334,0.668201568627451,0.6888550326797386,0.3444509803921568,0.3222980366852956,0.32333907406177287,True,2,Neutral_Colors
665,ANONYMOUS-698.jpg,anonymous,ANONYMOUS,ANONYMOUS,0.8525835294117647,0.6753917647058824,0.2519850980392157,0.5933201307189543,0.7295364705882353,0.47898990010038883,0.1415677323955176,True,0,Warm_Tones
666,ANONYMOUS-699.jpg,anonymous,ANONYMOUS,ANONYMOUS,0.30405372549019605,0.2017321568627451,0.0867721568627451,0.19751934640522872,0.742826274509804,0.5131197152821142,0.14643630612334785,True,3,Vibrant_Bright
667,ANONYMOUS-7.jpg,anonymous,ANONYMOUS,ANONYMOUS,0.7485666666666667,0.7889094117647059,0.7320364705882353,0.7565041830065359,0.1850043137254902,0.32983573373687725,0.32255214819248945,True,5,Balanced_Natural
668,ANONYMOUS-70.jpg,anonymous,ANONYMOUS,ANONYMOUS,0.2593254901960784,0.41028156862745097,0.3756925490196078,0.34843320261437905,0.5567839215686274,0.24808699837185408,0.35941101172303735,True,1,Cool_Tones
669,ANONYMOUS-700.jpg,anonymous,ANONYMOUS,ANONYMOUS,0.8132866666666667,0.6982525490196078,0.4090450980392157,0.6401947712418301,0.5384058823529412,0.4234577140908566,0.21297939493547569,True,0,Warm_Tones
670,ANONYMOUS-701.jpg,anonymous,ANONYMOUS,ANONYMOUS,0.7980203921568628,0.5980917647058823,0.3938792156862745,0.5966637908496731,0.5266321568627451,0.44582334785061145,0.22004519221798416,True,0,Warm_Tones
671,ANONYMOUS-702.jpg,anonymous,ANONYMOUS,ANONYMOUS,0.5904149019607844,0.5712654901960784,0.4963223529411765,0.5526675816993464,0.29875725490196076,0.35609986027255486,0.29934935575904176,True,2,Neutral_Colors
672,ANONYMOUS-703.jpg,anonymous,ANONYMOUS,ANONYMOUS,0.6861792156862745,0.8242784313725491,0.7451949019607843,0.751884183006536,0.3276192156862745,0.3042041699996499,0.33036762329244845,True,5,Balanced_Natural
673,ANONYMOUS-704.jpg,anonymous,ANONYMOUS,ANONYMOUS,0.7726435294117647,0.6079196078431373,0.4506952941176471,0.6104194771241831,0.4444721568627451,0.4219192082645875,0.2461122036542064,True,0,Warm_Tones
674,ANONYMOUS-705.jpg,anonymous,ANONYMOUS,ANONYMOUS,0.8921917647058824,0.8697603921568627,0.877663137254902,0.8798717647058822,0.04889607843137255,0.3380005520855895,0.3324964841332294,True,5,Balanced_Natural
675,ANONYMOUS-706.jpg,anonymous,ANONYMOUS,ANONYMOUS,0.8750435294117647,0.8431792156862745,0.8241329411764705,0.8474518954248366,0.1222850980392157,0.3441859807224871,0.32416102178964085,True,5,Balanced_Natural
676,ANONYMOUS-707.jpg,anonymous,ANONYMOUS,ANONYMOUS,0.8182611764705883,0.7726733333333333,0.6243176470588235,0.738417385620915,0.26090862745098037,0.36937592163480526,0.2818267723148112,True,5,Balanced_Natural
677,ANONYMOUS-708.jpg,anonymous,ANONYMOUS,ANONYMOUS,0.38887490196078434,0.37895098039215686,0.4209392156862745,0.39625503267973855,0.37365450980392156,0.32712482514617935,0.35409759445578365,True,4,Dark_Moody
678,ANONYMOUS-709.jpg,anonymous,ANONYMOUS,ANONYMOUS,0.6521117647058824,0.609486274509804,0.6113698039215687,0.6243226143790851,0.25702745098039215,0.3481701081655923,0.3264174981669816,True,2,Neutral_Colors
679,ANONYMOUS-71.jpg,anonymous,ANONYMOUS,ANONYMOUS,0.11170627450980392,0.11304862745098039,0.1078270588235294,0.11086065359477122,0.34779215686274506,0.33587491748336307,0.32421101360468463,True,4,Dark_Moody
680,ANONYMOUS-710.jpg,anonymous,ANONYMOUS,ANONYMOUS,0.7057129411764705,0.7034874509803921,0.667023137254902,0.6920745098039216,0.16340078431372548,0.3399020342835526,0.32126734262400936,True,5,Balanced_Natural
681,ANONYMOUS-711.jpg,anonymous,ANONYMOUS,ANONYMOUS,0.7009764705882353,0.6820325490196077,0.6702258823529412,0.6844116339869281,0.1702556862745098,0.341400844354427,0.32642419787852617,True,5,Balanced_Natural
682,ANONYMOUS-712.jpg,anonymous,ANONYMOUS,ANONYMOUS,0.6228403921568627,0.69856,0.6655050980392156,0.6623018300653595,0.36245176470588236,0.31347242320165636,0.3349453541588362,True,2,Neutral_Colors
683,ANONYMOUS-713.jpg,anonymous,ANONYMOUS,ANONYMOUS,0.3342262745098039,0.3177917647058824,0.18589529411764708,0.2793044444444444,0.5214294117647058,0.39887881280202936,0.22185477288368033,True,4,Dark_Moody
684,ANONYMOUS-714.jpg,anonymous,ANONYMOUS,ANONYMOUS,0.7097007843137255,0.7136282352941177,0.5975988235294117,0.673642614379085,0.23313450980392159,0.3511755432279339,0.2957050296742312,True,2,Neutral_Colors
685,ANONYMOUS-715.jpg,anonymous,ANONYMOUS,ANONYMOUS,0.3152670588235294,0.34064392156862744,0.36426745098039215,0.34005947712418294,0.39142196078431374,0.30903098918527433,0.3570621400299229,True,4,Dark_Moody
686,ANONYMOUS-716.jpg,anonymous,ANONYMOUS,ANONYMOUS,0.20951882352941179,0.19927019607843136,0.1818678431372549,0.1968856209150327,0.37515372549019604,0.3547211283291269,0.30790725834414406,True,4,Dark_Moody
687,ANONYMOUS-717.jpg,anonymous,ANONYMOUS,ANONYMOUS,0.6315901960784314,0.6465674509803921,0.5955698039215686,0.6245758169934641,0.14437529411764705,0.33707669633129816,0.3178527836357228,True,2,Neutral_Colors
688,ANONYMOUS-718.jpg,anonymous,ANONYMOUS,ANONYMOUS,0.6656647058823529,0.6993588235294118,0.6148525490196078,0.6599586928104575,0.3401223529411765,0.3362151686759005,0.3105508699089271,True,2,Neutral_Colors
689,ANONYMOUS-719.jpg,anonymous,ANONYMOUS,ANONYMOUS,0.5261270588235294,0.45018,0.33928862745098043,0.43853189542483656,0.5124333333333333,0.3999151596477561,0.25789714354767324,True,0,Warm_Tones
690,ANONYMOUS-72.jpg,anonymous,ANONYMOUS,ANONYMOUS,0.6901023529411765,0.748152156862745,0.6955184313725491,0.7112576470588235,0.32873411764705884,0.32341868068774143,0.3259569432125834,True,5,Balanced_Natural
691,ANONYMOUS-720.jpg,anonymous,ANONYMOUS,ANONYMOUS,0.8605996078431373,0.8507815686274509,0.8269341176470588,0.8461050980392156,0.12086901960784313,0.33904348714835525,0.3257805654730323,True,5,Balanced_Natural
692,ANONYMOUS-721.jpg,anonymous,ANONYMOUS,ANONYMOUS,0.20258862745098039,0.28171450980392154,0.24563803921568628,0.24331372549019606,0.3735862745098039,0.2775406518233206,0.3365171203058765,True,4,Dark_Moody
693,ANONYMOUS-722.jpg,anonymous,ANONYMOUS,ANONYMOUS,0.028791372549019607,0.25359333333333334,0.510461568627451,0.264282091503268,0.9466258823529412,0.03631389483784318,0.6438334153864066,True,1,Cool_Tones
694,ANONYMOUS-723.jpg,anonymous,ANONYMOUS,ANONYMOUS,0.4219439215686274,0.45059607843137256,0.29796823529411764,0.3901694117647059,0.5869396078431373,0.36047893416458543,0.2545629084415094,True,4,Dark_Moody
695,ANONYMOUS-724.jpg,anonymous,ANONYMOUS,ANONYMOUS,0.5327286274509804,0.770523137254902,0.6068745098039215,0.6367087581699346,0.5160392156862745,0.27889692721533155,0.31771417428697984,True,2,Neutral_Colors
696,ANONYMOUS-725.jpg,anonymous,ANONYMOUS,ANONYMOUS,0.35476862745098037,0.28658666666666666,0.11032313725490196,0.25055947712418297,0.37018784313725495,0.4719679861442812,0.1467688653572102,True,3,Vibrant_Bright
697,ANONYMOUS-726.jpg,anonymous,ANONYMOUS,ANONYMOUS,0.36965725490196083,0.6617694117647059,0.6636172549019608,0.5650146405228759,0.6413117647058824,0.21808109637582515,0.3915042288601039,True,1,Cool_Tones
698,ANONYMOUS-727.jpg,anonymous,ANONYMOUS,ANONYMOUS,0.7456921568627451,0.6253168627450981,0.4795611764705882,0.6168567320261439,0.440761568627451,0.4029524281167624,0.25914224618152076,True,2,Neutral_Colors
699,ANONYMOUS-728.jpg,anonymous,ANONYMOUS,ANONYMOUS,0.38857254901960786,0.43117372549019606,0.29847960784313726,0.3727419607843137,0.5884282352941177,0.34748990133557206,0.26692222531360094,True,4,Dark_Moody
700,ANONYMOUS-729.jpg,anonymous,ANONYMOUS,ANONYMOUS,0.5980764705882353,0.7094023529411765,0.508287843137255,0.6052555555555555,0.528630980392157,0.32937940330558185,0.27993000011414176,True,2,Neutral_Colors
701,ANONYMOUS-73.jpg,anonymous,ANONYMOUS,ANONYMOUS,0.845898431372549,0.8443980392156862,0.8484239215686274,0.8462401307189542,0.0782235294117647,0.33319860697824955,0.33419339522239505,True,5,Balanced_Natural
702,ANONYMOUS-730.jpg,anonymous,ANONYMOUS,ANONYMOUS,0.6430007843137255,0.8200517647058824,0.733427843137255,0.7321601307189542,0.29504,0.29274128458803955,0.333910337577254,True,5,Balanced_Natural
703,ANONYMOUS-731.jpg,anonymous,ANONYMOUS,ANONYMOUS,0.2772780392156863,0.3281686274509804,0.21027686274509805,0.2719078431372549,0.49990745098039213,0.3399162697922508,0.2577792565545784,True,4,Dark_Moody
704,ANONYMOUS-732.jpg,anonymous,ANONYMOUS,ANONYMOUS,0.28209333333333336,0.36812784313725494,0.3002078431372549,0.3168096732026144,0.5321752941176471,0.2968060009823005,0.31586527881466075,True,4,Dark_Moody
705,ANONYMOUS-733.jpg,anonymous,ANONYMOUS,ANONYMOUS,0.8645615686274509,0.730750588235294,0.7456749019607843,0.7803290196078431,0.21300196078431372,0.3693148136184594,0.31852998957009865,True,5,Balanced_Natural
706,ANONYMOUS-734.jpg,anonymous,ANONYMOUS,ANONYMOUS,0.6526972549019608,0.6248149019607843,0.32022,0.5325773856209151,0.5724533333333333,0.4085145583281098,0.20042145249634374,True,0,Warm_Tones
707,ANONYMOUS-735.jpg,anonymous,ANONYMOUS,ANONYMOUS,0.6905196078431373,0.6652490196078431,0.37894980392156863,0.578239477124183,0.5602784313725491,0.3980583807127719,0.21845019838264856,True,0,Warm_Tones
708,ANONYMOUS-736.jpg,anonymous,ANONYMOUS,ANONYMOUS,0.5028643137254902,0.5245356862745097,0.555607843137255,0.5276692810457516,0.2705870588235294,0.31766361628713236,0.3509821474124772,True,2,Neutral_Colors
709,ANONYMOUS-737.jpg,anonymous,ANONYMOUS,ANONYMOUS,0.7465101960784313,0.6059921568627451,0.4462301960784314,0.5995775163398692,0.4415172549019608,0.4150198880124928,0.24808020972402905,True,0,Warm_Tones
710,ANONYMOUS-738.jpg,anonymous,ANONYMOUS,ANONYMOUS,0.2881858823529411,0.45135294117647057,0.39430117647058827,0.37794666666666665,0.6202760784313726,0.2541678086724163,0.34775702807588393,True,1,Cool_Tones
711,ANONYMOUS-739.jpg,anonymous,ANONYMOUS,ANONYMOUS,0.6392901960784314,0.6571341176470588,0.5330517647058823,0.6098253594771241,0.34795607843137255,0.3494387569078322,0.2913683756906814,True,2,Neutral_Colors
712,ANONYMOUS-74.jpg,anonymous,ANONYMOUS,ANONYMOUS,0.48831607843137254,0.5880380392156863,0.4115956862745098,0.4959832679738562,0.5868078431372549,0.328180257804486,0.27661914976606006,True,0,Warm_Tones
713,ANONYMOUS-740.jpg,anonymous,ANONYMOUS,ANONYMOUS,0.3461349019607843,0.4490929411764706,0.39170666666666665,0.39564483660130717,0.5690592156862745,0.29162064754298644,0.33001512165675756,True,1,Cool_Tones
714,ANONYMOUS-741.jpg,anonymous,ANONYMOUS,ANONYMOUS,0.7351039215686275,0.705276862745098,0.6749913725490196,0.7051240522875818,0.18028392156862746,0.347505554366985,0.3190885590843375,True,5,Balanced_Natural
715,ANONYMOUS-742.jpg,anonymous,ANONYMOUS,ANONYMOUS,0.5607329411764705,0.5188207843137255,0.4157454901960784,0.49843307189542485,0.5073007843137255,0.3749968971408994,0.27803479584550866,True,0,Warm_Tones
716,ANONYMOUS-743.jpg,anonymous,ANONYMOUS,ANONYMOUS,0.6786741176470589,0.5479647058823529,0.40156000000000003,0.5427329411764705,0.41759098039215686,0.4168248318415319,0.24662820508698227,True,0,Warm_Tones
717,ANONYMOUS-744.jpg,anonymous,ANONYMOUS,ANONYMOUS,0.8520337254901961,0.8189592156862745,0.7863419607843137,0.8191116339869281,0.14395607843137254,0.3467306707277308,0.31999775047313117,True,5,Balanced_Natural
718,ANONYMOUS-745.jpg,anonymous,ANONYMOUS,ANONYMOUS,0.21001333333333336,0.17961764705882355,0.15244,0.18069032679738564,0.20738549019607844,0.38742702248030075,0.2812172654445608,True,4,Dark_Moody
719,ANONYMOUS-746.jpg,anonymous,ANONYMOUS,ANONYMOUS,0.5271160784313725,0.5111498039215686,0.5071776470588235,0.5151478431372549,0.5309176470588235,0.34107732008473074,0.3281758985240759,True,2,Neutral_Colors
720,ANONYMOUS-747.jpg,anonymous,ANONYMOUS,ANONYMOUS,0.8444611764705883,0.7360266666666667,0.5376560784313726,0.7060479738562092,0.4008380392156863,0.39867960302036765,0.25383347142895324,True,2,Neutral_Colors
721,ANONYMOUS-748.jpg,anonymous,ANONYMOUS,ANONYMOUS,0.5423905882352941,0.46405098039215686,0.40004784313725494,0.46882980392156864,0.43209372549019603,0.38563404606133317,0.28442984025416845,True,0,Warm_Tones
722,ANONYMOUS-749.jpg,anonymous,ANONYMOUS,ANONYMOUS,0.5644223529411764,0.48115019607843135,0.33149921568627455,0.4590239215686274,0.4712650980392157,0.4098711174944534,0.2407274504169551,True,0,Warm_Tones
723,ANONYMOUS-75.jpg,anonymous,ANONYMOUS,ANONYMOUS,0.416641568627451,0.1049078431372549,0.06842313725490197,0.1966575163398693,0.6966698039215686,0.7062038108654322,0.11597661855960241,True,3,Vibrant_Bright
724,ANONYMOUS-750.jpg,anonymous,ANONYMOUS,ANONYMOUS,0.48270392156862746,0.4294447058823529,0.2321992156862745,0.38144928104575165,0.6027039215686275,0.42181536204055153,0.2029094686281989,True,0,Warm_Tones
725,ANONYMOUS-751.jpg,anonymous,ANONYMOUS,ANONYMOUS,0.6307525490196079,0.5497458823529412,0.3725921568627451,0.5176968627450981,0.6010517647058824,0.40612707827250727,0.23990353156577476,True,0,Warm_Tones
726,ANONYMOUS-752.jpg,anonymous,ANONYMOUS,ANONYMOUS,0.7537039215686274,0.6773117647058823,0.7192462745098039,0.7167539869281044,0.23486823529411763,0.35051709270651815,0.33449224007814243,True,5,Balanced_Natural
727,ANONYMOUS-753.jpg,anonymous,ANONYMOUS,ANONYMOUS,0.2469564705882353,0.26042549019607847,0.16676980392156862,0.2247172549019608,0.49636549019607845,0.3663212309096987,0.24737687457875593,True,4,Dark_Moody
728,ANONYMOUS-754.jpg,anonymous,ANONYMOUS,ANONYMOUS,0.5776568627450981,0.4872337254901961,0.3869513725490196,0.48394732026143794,0.4975866666666667,0.39787833694701846,0.26652426123275824,True,0,Warm_Tones
729,ANONYMOUS-755.jpg,anonymous,ANONYMOUS,ANONYMOUS,0.5599811764705882,0.5656823529411764,0.5618196078431373,0.5624943790849674,0.14881098039215687,0.33184381654782963,0.3329332676021902,True,2,Neutral_Colors
730,ANONYMOUS-756.jpg,anonymous,ANONYMOUS,ANONYMOUS,0.5408050980392157,0.5095411764705882,0.3693952941176471,0.4732471895424837,0.42147254901960785,0.3809177170492563,0.26018469987468457,True,0,Warm_Tones
731,ANONYMOUS-757.jpg,anonymous,ANONYMOUS,ANONYMOUS,0.7291647058823529,0.6116149019607844,0.5314372549019608,0.6240722875816994,0.41239882352941176,0.38946573494028697,0.2838543876099722,True,2,Neutral_Colors
732,ANONYMOUS-758.jpg,anonymous,ANONYMOUS,ANONYMOUS,0.8385231372549019,0.9021835294117647,0.8017258823529412,0.8474775163398692,0.22374745098039214,0.3298112304953835,0.3153379889366611,True,5,Balanced_Natural
733,ANONYMOUS-759.jpg,anonymous,ANONYMOUS,ANONYMOUS,0.8036364705882353,0.776836862745098,0.6534592156862745,0.7446441830065359,0.2502286274509804,0.35974054418087864,0.29251506427890567,True,5,Balanced_Natural
734,ANONYMOUS-76.jpg,anonymous,ANONYMOUS,ANONYMOUS,0.6104200000000001,0.5215082352941176,0.4692133333333333,0.5337138562091504,0.3046733333333333,0.3812402542787124,0.29304906541555353,True,2,Neutral_Colors
735,ANONYMOUS-760.jpg,anonymous,ANONYMOUS,ANONYMOUS,0.5646243137254902,0.697781568627451,0.6593627450980392,0.6405895424836601,0.4359494117647059,0.29380436950416544,0.3431018659466549,True,2,Neutral_Colors
736,ANONYMOUS-761.jpg,anonymous,ANONYMOUS,ANONYMOUS,0.28998,0.3514349019607843,0.3480921568627451,0.3298356862745098,0.5734423529411765,0.2930547128082719,0.3517830438658655,True,1,Cool_Tones
737,ANONYMOUS-762.jpg,anonymous,ANONYMOUS,ANONYMOUS,0.393396862745098,0.43345333333333336,0.41247176470588237,0.4131073202614379,0.31150235294117645,0.3174288504234071,0.3328202395643884,True,4,Dark_Moody
738,ANONYMOUS-763.jpg,anonymous,ANONYMOUS,ANONYMOUS,0.41724941176470587,0.3921176470588235,0.3062274509803921,0.37186483660130715,0.5187223529411765,0.37401496160381836,0.2744968479070116,True,4,Dark_Moody
739,ANONYMOUS-764.jpg,anonymous,ANONYMOUS,ANONYMOUS,0.5848729411764705,0.6001737254901961,0.45748784313725493,0.5475115032679738,0.3594294117647059,0.3560793283831593,0.27852538980534297,True,2,Neutral_Colors
740,ANONYMOUS-765.jpg,anonymous,ANONYMOUS,ANONYMOUS,0.40918235294117644,0.25957411764705884,0.2849992156862745,0.31791856209150327,0.7320470588235294,0.4290217398522182,0.29881752839869075,True,4,Dark_Moody
741,ANONYMOUS-766.jpg,anonymous,ANONYMOUS,ANONYMOUS,0.40350901960784313,0.48185529411764705,0.44084627450980396,0.4420701960784314,0.3803450980392157,0.30425689474238954,0.33241021147795147,True,4,Dark_Moody
742,ANONYMOUS-767.jpg,anonymous,ANONYMOUS,ANONYMOUS,0.6177196078431372,0.428758431372549,0.41350509803921565,0.486661045751634,0.5593984313725491,0.42310021874935494,0.2832257471075666,True,0,Warm_Tones
743,ANONYMOUS-768.jpg,anonymous,ANONYMOUS,ANONYMOUS,0.7252678431372549,0.6380341176470589,0.5311690196078431,0.6314903267973856,0.3598678431372549,0.38283376615954173,0.2803783983640079,True,2,Neutral_Colors
744,ANONYMOUS-769.jpg,anonymous,ANONYMOUS,ANONYMOUS,0.5881819607843137,0.6511243137254902,0.48206901960784315,0.5737917647058823,0.39438392156862745,0.3416928435660882,0.28004859905134505,True,2,Neutral_Colors
745,ANONYMOUS-77.jpg,anonymous,ANONYMOUS,ANONYMOUS,0.9117235294117647,0.8882698039215686,0.8360070588235294,0.8786667973856209,0.12368509803921568,0.3458736904026301,0.3171497030733664,True,5,Balanced_Natural
746,ANONYMOUS-770.jpg,anonymous,ANONYMOUS,ANONYMOUS,0.6890160784313725,0.6925117647058823,0.49664509803921564,0.6260576470588235,0.34591764705882355,0.36685424247755205,0.26442976720682315,True,2,Neutral_Colors
747,ANONYMOUS-771.jpg,anonymous,ANONYMOUS,ANONYMOUS,0.20369803921568627,0.20748392156862744,0.19351725490196078,0.20156640522875816,0.18559803921568627,0.3368578907889247,0.32002180565181043,True,4,Dark_Moody
748,ANONYMOUS-772.jpg,anonymous,ANONYMOUS,ANONYMOUS,0.521336862745098,0.45055764705882356,0.33011450980392154,0.4340030065359477,0.458398431372549,0.40040925560781887,0.2535422192091501,True,0,Warm_Tones
749,ANONYMOUS-773.jpg,anonymous,ANONYMOUS,ANONYMOUS,0.2989564705882353,0.20586980392156862,0.1510443137254902,0.21862352941176474,0.5790133333333334,0.45581555284719016,0.230295558513053,True,3,Vibrant_Bright
750,ANONYMOUS-774.jpg,anonymous,ANONYMOUS,ANONYMOUS,0.2591356862745098,0.41129019607843137,0.6096529411764706,0.4266929411764706,0.7109556862745098,0.20243713049083595,0.476261659601467,True,1,Cool_Tones
751,ANONYMOUS-775.jpg,anonymous,ANONYMOUS,ANONYMOUS,0.24532666666666667,0.22236666666666666,0.14343450980392158,0.20370928104575162,0.48201764705882355,0.4014319883958875,0.23470420585550283,True,4,Dark_Moody
752,ANONYMOUS-776.jpg,anonymous,ANONYMOUS,ANONYMOUS,0.5126678431372549,0.33075333333333334,0.3490564705882353,0.3974925490196079,0.624547843137255,0.42991783911747106,0.2927150699504448,True,0,Warm_Tones
753,ANONYMOUS-777.jpg,anonymous,ANONYMOUS,ANONYMOUS,0.3421486274509804,0.35435176470588237,0.31074549019607844,0.3357486274509804,0.5427776470588235,0.339686956043703,0.30850975628752825,True,4,Dark_Moody
754,ANONYMOUS-778.jpg,anonymous,ANONYMOUS,ANONYMOUS,0.17437333333333335,0.3851627450980392,0.5331333333333333,0.3642231372549019,0.7903074509803921,0.15958456590008102,0.48791779075659425,True,1,Cool_Tones
755,ANONYMOUS-779.jpg,anonymous,ANONYMOUS,ANONYMOUS,0.23646392156862744,0.2933705882352941,0.16978196078431373,0.23320549019607842,0.4932356862745098,0.33799030400114166,0.24267827480288878,True,4,Dark_Moody
756,ANONYMOUS-78.jpg,anonymous,ANONYMOUS,ANONYMOUS,0.6631843137254901,0.5786537254901961,0.47201960784313723,0.5712858823529411,0.36895568627450975,0.38695391528559836,0.2754133829258187,True,2,Neutral_Colors
757,ANONYMOUS-780.jpg,anonymous,ANONYMOUS,ANONYMOUS,0.7551623529411764,0.6708137254901961,0.4133019607843137,0.613092679738562,0.4708635294117647,0.4105751964982955,0.22470867767870387,True,0,Warm_Tones
758,ANONYMOUS-781.jpg,anonymous,ANONYMOUS,ANONYMOUS,0.3952721568627451,0.4276878431372549,0.21617803921568626,0.3463793464052287,0.5130541176470589,0.3803842815501242,0.20803572097421302,True,4,Dark_Moody
759,ANONYMOUS-782.jpg,anonymous,ANONYMOUS,ANONYMOUS,0.7554517647058824,0.7427023529411765,0.5085392156862746,0.6688977777777777,0.36881411764705885,0.37646578861415153,0.25342136429993134,True,2,Neutral_Colors
760,ANONYMOUS-783.jpg,anonymous,ANONYMOUS,ANONYMOUS,0.39512470588235293,0.4010270588235294,0.40523607843137255,0.400462614379085,0.6968066666666667,0.3288899411205962,0.3373063440252671,True,1,Cool_Tones
761,ANONYMOUS-784.jpg,anonymous,ANONYMOUS,ANONYMOUS,0.5378266666666667,0.5861364705882353,0.5030905882352941,0.5423512418300653,0.4454431372549019,0.3305522907378738,0.3092032372074786,True,2,Neutral_Colors
762,ANONYMOUS-785.jpg,anonymous,ANONYMOUS,ANONYMOUS,0.524173725490196,0.4820572549019608,0.3068164705882353,0.4376824836601307,0.4655686274509804,0.3992036433223923,0.2336672880266907,True,0,Warm_Tones
763,ANONYMOUS-786.jpg,anonymous,ANONYMOUS,ANONYMOUS,0.4123733333333333,0.26096980392156865,0.14523882352941175,0.27286065359477124,0.6739301960784314,0.5037648632928099,0.17742712771623445,True,3,Vibrant_Bright
764,ANONYMOUS-787.jpg,anonymous,ANONYMOUS,ANONYMOUS,0.09226117647058824,0.09469921568627451,0.09182235294117647,0.09292758169934641,0.6214580392156863,0.33094173563865054,0.329367671378708,True,4,Dark_Moody
765,ANONYMOUS-788.jpg,anonymous,ANONYMOUS,ANONYMOUS,0.9339964705882352,0.9388337254901961,0.8745635294117647,0.915797908496732,0.07380980392156863,0.3399571462821344,0.31832467366178085,True,5,Balanced_Natural
766,ANONYMOUS-789.jpg,anonymous,ANONYMOUS,ANONYMOUS,0.8580992156862746,0.7305807843137255,0.7224329411764706,0.7703709803921569,0.2338494117647059,0.3712924751989769,0.3125907936883098,True,5,Balanced_Natural
767,ANONYMOUS-79.jpg,anonymous,ANONYMOUS,ANONYMOUS,0.5055286274509804,0.4571913725490196,0.3944423529411765,0.4523874509803922,0.4567458823529412,0.3724891527283168,0.29063734449236406,True,4,Dark_Moody
768,ANONYMOUS-790.jpg,anonymous,ANONYMOUS,ANONYMOUS,0.8550219607843137,0.8397219607843137,0.7984321568627452,0.8310586928104575,0.1426913725490196,0.3429447383345375,0.32024687045698863,True,5,Balanced_Natural
769,ANONYMOUS-791.jpg,anonymous,ANONYMOUS,ANONYMOUS,0.6358717647058824,0.6802619607843138,0.6158117647058824,0.6439818300653596,0.3150227450980392,0.3291352881317877,0.31875197777521364,True,2,Neutral_Colors
770,ANONYMOUS-792.jpg,anonymous,ANONYMOUS,ANONYMOUS,0.9274725490196079,0.9121450980392157,0.9037439215686275,0.9144538562091503,0.0665686274509804,0.33807873579161557,0.32942926753600243,True,5,Balanced_Natural
771,ANONYMOUS-793.jpg,anonymous,ANONYMOUS,ANONYMOUS,0.7845717647058823,0.6658686274509804,0.6415905882352941,0.697343660130719,0.3854478431372549,0.3750285712930699,0.30668297341947237,True,2,Neutral_Colors
772,ANONYMOUS-794.jpg,anonymous,ANONYMOUS,ANONYMOUS,0.8456741176470588,0.8065945098039216,0.7722513725490197,0.8081733333333334,0.1694498039215686,0.34880049199287555,0.31851708958141406,True,5,Balanced_Natural
773,ANONYMOUS-795.jpg,anonymous,ANONYMOUS,ANONYMOUS,0.2073129411764706,0.17493882352941176,0.10758705882352941,0.16327960784313725,0.6149776470588235,0.4232259837159254,0.21963722354858617,True,3,Vibrant_Bright
774,ANONYMOUS-796.jpg,anonymous,ANONYMOUS,ANONYMOUS,0.6623317647058823,0.684735294117647,0.4989278431372549,0.615331633986928,0.45620313725490197,0.3587937351336291,0.27027570462496836,True,2,Neutral_Colors
775,ANONYMOUS-797.jpg,anonymous,ANONYMOUS,ANONYMOUS,0.43590039215686277,0.2956807843137255,0.1934913725490196,0.3083575163398693,0.5770949019607843,0.47120620043544603,0.20916323113343968,True,3,Vibrant_Bright
776,ANONYMOUS-798.jpg,anonymous,ANONYMOUS,ANONYMOUS,0.4651356862745098,0.41170666666666667,0.34011725490196076,0.4056532026143791,0.3254235294117647,0.3822109633432477,0.2794809073604796,True,4,Dark_Moody
777,ANONYMOUS-799.jpg,anonymous,ANONYMOUS,ANONYMOUS,0.2903133333333333,0.14034666666666668,0.0510435294117647,0.1605678431372549,0.6093031372549019,0.6026792683221197,0.10596439579693533,True,3,Vibrant_Bright
778,ANONYMOUS-8.jpg,anonymous,ANONYMOUS,ANONYMOUS,0.4885345098039216,0.5326105882352941,0.22855019607843136,0.41656509803921565,0.6703866666666667,0.3909225882348106,0.18288459136369623,True,0,Warm_Tones
779,ANONYMOUS-80.jpg,anonymous,ANONYMOUS,ANONYMOUS,0.6707196078431372,0.7505466666666667,0.6281882352941176,0.6831515032679739,0.2881576470588235,0.3272672203102897,0.3065146973374496,True,2,Neutral_Colors
780,ANONYMOUS-800.jpg,anonymous,ANONYMOUS,ANONYMOUS,0.29307058823529414,0.3531521568627451,0.3823078431372549,0.3428435294117647,0.4890203921568627,0.28494077536124174,0.37170257822922154,True,1,Cool_Tones
781,ANONYMOUS-801.jpg,anonymous,ANONYMOUS,ANONYMOUS,0.3612937254901961,0.2876035294117647,0.2869698039215686,0.3119556862745098,0.4666533333333333,0.38605198893567855,0.30663489496833085,True,4,Dark_Moody
782,ANONYMOUS-802.jpg,anonymous,ANONYMOUS,ANONYMOUS,0.6507721568627451,0.6808470588235295,0.6569364705882353,0.6628518954248367,0.18904666666666667,0.3272585394997935,0.3303584328888217,True,2,Neutral_Colors
783,ANONYMOUS-803.jpg,anonymous,ANONYMOUS,ANONYMOUS,0.7830772549019608,0.5625596078431372,0.3585878431372549,0.5680749019607843,0.5780788235294118,0.4594915169974667,0.2104110047745103,True,0,Warm_Tones
784,ANONYMOUS-804.jpg,anonymous,ANONYMOUS,ANONYMOUS,0.4005662745098039,0.32089294117647055,0.2826792156862745,0.33471281045751633,0.49275607843137254,0.398914993271675,0.28151390818293326,True,4,Dark_Moody
785,ANONYMOUS-805.jpg,anonymous,ANONYMOUS,ANONYMOUS,0.6165043137254902,0.5273345098039216,0.3377521568627451,0.493863660130719,0.6053160784313726,0.4161093755126226,0.22796570265812777,True,0,Warm_Tones
786,ANONYMOUS-806.jpg,anonymous,ANONYMOUS,ANONYMOUS,0.5515003921568628,0.33972823529411766,0.20660784313725492,0.3659454901960784,0.643681568627451,0.5023515838472536,0.18819529180995417,True,3,Vibrant_Bright
787,ANONYMOUS-807.jpg,anonymous,ANONYMOUS,ANONYMOUS,0.44263803921568623,0.3598164705882353,0.32275490196078427,0.3750698039215686,0.511181568627451,0.39338245948282863,0.28683959780873053,True,4,Dark_Moody
788,ANONYMOUS-808.jpg,anonymous,ANONYMOUS,ANONYMOUS,0.28305529411764707,0.2918776470588235,0.24699803921568625,0.2739769934640523,0.5433980392156862,0.34437800313183686,0.3005090994243095,True,4,Dark_Moody
789,ANONYMOUS-809.jpg,anonymous,ANONYMOUS,ANONYMOUS,0.7724392156862745,0.6924847058823529,0.6226058823529411,0.6958432679738561,0.20490235294117648,0.37002530177528153,0.298249913813647,True,5,Balanced_Natural
790,ANONYMOUS-81.jpg,anonymous,ANONYMOUS,ANONYMOUS,0.8130807843137254,0.7519325490196078,0.6535490196078432,0.7395207843137256,0.2420113725490196,0.3664897751221818,0.2945820856282626,True,5,Balanced_Natural
791,ANONYMOUS-810.jpg,anonymous,ANONYMOUS,ANONYMOUS,0.44056549019607844,0.7151270588235294,0.7049835294117648,0.6202253594771242,0.5304560784313725,0.23677697506087048,0.3788854807660096,True,1,Cool_Tones
792,ANONYMOUS-811.jpg,anonymous,ANONYMOUS,ANONYMOUS,0.541523137254902,0.38835294117647057,0.44461372549019607,0.45816326797385615,0.3335078431372549,0.3939809096647856,0.3234752274963687,True,2,Neutral_Colors
793,ANONYMOUS-812.jpg,anonymous,ANONYMOUS,ANONYMOUS,0.7090725490196078,0.51258,0.34364392156862744,0.5217654901960783,0.5863035294117647,0.4529953969408384,0.21953905121911868,True,0,Warm_Tones
794,ANONYMOUS-813.jpg,anonymous,ANONYMOUS,ANONYMOUS,0.7286333333333334,0.4699749019607843,0.13402274509803921,0.4442103267973856,0.8410388235294117,0.5467626051709465,0.10056996010151283,True,3,Vibrant_Bright
795,ANONYMOUS-814.jpg,anonymous,ANONYMOUS,ANONYMOUS,0.32335058823529417,0.24387058823529412,0.355738431372549,0.3076532026143791,0.34481843137254903,0.3503406163681576,0.38543186821794334,True,4,Dark_Moody
796,ANONYMOUS-815.jpg,anonymous,ANONYMOUS,ANONYMOUS,0.5482309803921569,0.6042,0.6021235294117647,0.5848515032679739,0.27994980392156865,0.31246146236400574,0.3431772469136952,True,2,Neutral_Colors
797,ANONYMOUS-816.jpg,anonymous,ANONYMOUS,ANONYMOUS,0.3610568627450981,0.29748549019607845,0.15623176470588235,0.2715913725490196,0.6689615686274509,0.44313682993630554,0.1917483257920969,True,3,Vibrant_Bright
798,ANONYMOUS-817.jpg,anonymous,ANONYMOUS,ANONYMOUS,0.5403874509803922,0.5842960784313725,0.456616862745098,0.5271001307189542,0.47215960784313726,0.3417358978248383,0.2887601724819087,True,2,Neutral_Colors
799,ANONYMOUS-818.jpg,anonymous,ANONYMOUS,ANONYMOUS,0.6144772549019608,0.5953917647058824,0.5145074509803922,0.5747921568627451,0.17052196078431373,0.35634729946474236,0.2983728677485439,True,2,Neutral_Colors
800,ANONYMOUS-819.jpg,anonymous,ANONYMOUS,ANONYMOUS,0.8908941176470588,0.8413760784313726,0.8200243137254902,0.8507648366013072,0.12941254901960783,0.3490560220103593,0.3212889379680365,True,5,Balanced_Natural
801,ANONYMOUS-82.jpg,anonymous,ANONYMOUS,ANONYMOUS,0.2599372549019608,0.4830827450980392,0.18670196078431373,0.3099073202614379,0.7741509803921569,0.2795857108688355,0.2008146175359723,True,4,Dark_Moody
802,ANONYMOUS-820.jpg,anonymous,ANONYMOUS,ANONYMOUS,0.2940349019607843,0.26654235294117645,0.25584,0.27213908496732025,0.5884952941176471,0.36015228737884275,0.31336878917623223,True,4,Dark_Moody
803,ANONYMOUS-821.jpg,anonymous,ANONYMOUS,ANONYMOUS,0.5751262745098039,0.4820694117647059,0.36234823529411764,0.4731813071895425,0.5827007843137254,0.40514834421321244,0.2552566176586473,True,0,Warm_Tones
804,ANONYMOUS-822.jpg,anonymous,ANONYMOUS,ANONYMOUS,0.5807956862745098,0.5032866666666667,0.3748098039215686,0.486297385620915,0.39782823529411765,0.39810707421746583,0.2569138131592671,True,0,Warm_Tones
805,ANONYMOUS-823.jpg,anonymous,ANONYMOUS,ANONYMOUS,0.9200270588235294,0.8363098039215686,0.8355847058823529,0.8639738562091503,0.16808078431372547,0.35495931474169323,0.32238027323664825,True,5,Balanced_Natural
806,ANONYMOUS-824.jpg,anonymous,ANONYMOUS,ANONYMOUS,0.30117921568627454,0.2844168627450981,0.3177850980392157,0.30112705882352947,0.7294427450980392,0.3333906994523044,0.35177260113849707,True,4,Dark_Moody
807,ANONYMOUS-825.jpg,anonymous,ANONYMOUS,ANONYMOUS,0.3896992156862745,0.396481568627451,0.2794396078431372,0.35520679738562094,0.5979035294117646,0.3657013818927817,0.2622316048644065,True,4,Dark_Moody
808,ANONYMOUS-826.jpg,anonymous,ANONYMOUS,ANONYMOUS,0.5215419607843137,0.27434039215686273,0.15237960784313725,0.3160873202614379,0.7212094117647059,0.5499971868066463,0.1606934090487972,True,3,Vibrant_Bright
809,ANONYMOUS-827.jpg,anonymous,ANONYMOUS,ANONYMOUS,0.34993254901960785,0.44186745098039215,0.5282662745098039,0.440022091503268,0.6319729411764705,0.2650869056272548,0.4001813276569342,True,1,Cool_Tones
810,ANONYMOUS-828.jpg,anonymous,ANONYMOUS,ANONYMOUS,0.7299964705882354,0.5271207843137254,0.28544392156862747,0.5141870588235294,0.6376262745098039,0.47323633479622923,0.18504532648513955,True,0,Warm_Tones
811,ANONYMOUS-829.jpg,anonymous,ANONYMOUS,ANONYMOUS,0.9081321568627451,0.8744082352941176,0.8416019607843137,0.8747141176470588,0.13142588235294117,0.3460680438227195,0.32071493344334046,True,5,Balanced_Natural
812,ANONYMOUS-83.jpg,anonymous,ANONYMOUS,ANONYMOUS,0.5809458823529412,0.7488878431372549,0.7920792156862745,0.7073043137254902,0.39204,0.27378390380471435,0.3732852686980865,True,5,Balanced_Natural
813,ANONYMOUS-830.jpg,anonymous,ANONYMOUS,ANONYMOUS,0.6924866666666667,0.6991027450980392,0.6089501960784314,0.6668465359477125,0.3647580392156863,0.3461497676936756,0.30439281946641655,True,2,Neutral_Colors
814,ANONYMOUS-831.jpg,anonymous,ANONYMOUS,ANONYMOUS,0.5097180392156864,0.5070658823529411,0.430561568627451,0.4824484967320261,0.4570090196078431,0.3521741633177503,0.2974834094972801,True,2,Neutral_Colors
815,ANONYMOUS-832.jpg,anonymous,ANONYMOUS,ANONYMOUS,0.32212980392156865,0.45930196078431373,0.4200650980392157,0.40049895424836607,0.5567576470588235,0.2681068472195107,0.3496178487404717,True,1,Cool_Tones
816,ANONYMOUS-833.jpg,anonymous,ANONYMOUS,ANONYMOUS,0.5897796078431372,0.5482517647058824,0.4855109803921569,0.5411807843137255,0.2963031372549019,0.36326692895185403,0.2990440504792284,True,2,Neutral_Colors
817,ANONYMOUS-834.jpg,anonymous,ANONYMOUS,ANONYMOUS,0.2872674509803922,0.4086819607843137,0.3993835294117647,0.36511098039215684,0.6022576470588236,0.2622647214527521,0.36462261817870534,True,1,Cool_Tones
818,ANONYMOUS-835.jpg,anonymous,ANONYMOUS,ANONYMOUS,0.4548607843137255,0.5354270588235294,0.371858431372549,0.4540487581699346,0.5607388235294118,0.3339292254410716,0.272994292417,True,4,Dark_Moody
819,ANONYMOUS-836.jpg,anonymous,ANONYMOUS,ANONYMOUS,0.6625682352941177,0.7386509803921568,0.6391709803921568,0.6801300653594771,0.3045952941176471,0.3247260802573317,0.31325903661054,True,2,Neutral_Colors
820,ANONYMOUS-837.jpg,anonymous,ANONYMOUS,ANONYMOUS,0.8217258823529412,0.7849686274509804,0.7040321568627451,0.7702422222222222,0.24652941176470589,0.35561346938746763,0.3046798491309643,True,5,Balanced_Natural
821,ANONYMOUS-838.jpg,anonymous,ANONYMOUS,ANONYMOUS,0.5463498039215686,0.5598556862745099,0.43998745098039216,0.5153976470588235,0.4093541176470588,0.35335140655502834,0.2845616188649749,True,2,Neutral_Colors
822,ANONYMOUS-839.jpg,anonymous,ANONYMOUS,ANONYMOUS,0.8441125490196079,0.8369827450980392,0.7973603921568627,0.8261518954248367,0.08070470588235294,0.34057990752641915,0.3217164925950004,True,5,Balanced_Natural
823,ANONYMOUS-84.jpg,anonymous,ANONYMOUS,ANONYMOUS,0.6680384313725489,0.7510619607843138,0.7027164705882353,0.7072722875816994,0.30394039215686275,0.31484249572122813,0.3311860470809201,True,5,Balanced_Natural
824,ANONYMOUS-840.jpg,anonymous,ANONYMOUS,ANONYMOUS,0.5388047058823529,0.5669333333333334,0.5665427450980393,0.5574269281045753,0.5349623529411764,0.32219731802165663,0.3387842589761499,True,2,Neutral_Colors
825,ANONYMOUS-841.jpg,anonymous,ANONYMOUS,ANONYMOUS,0.47403411764705883,0.37130078431372554,0.31384117647058823,0.3863920261437908,0.5084666666666666,0.4089402097982594,0.27074480880460994,True,4,Dark_Moody
826,ANONYMOUS-842.jpg,anonymous,ANONYMOUS,ANONYMOUS,0.5332090196078432,0.45600705882352943,0.32106196078431376,0.4367593464052288,0.536995294117647,0.40694310421619373,0.2450332724367603,True,0,Warm_Tones
827,ANONYMOUS-843.jpg,anonymous,ANONYMOUS,ANONYMOUS,0.6254823529411764,0.563423137254902,0.5930874509803922,0.5939976470588236,0.35695019607843137,0.3510013914683871,0.33282237233019796,True,2,Neutral_Colors
828,ANONYMOUS-844.jpg,anonymous,ANONYMOUS,ANONYMOUS,0.3017494117647059,0.5384505882352941,0.5612305882352941,0.46714352941176474,0.654175294117647,0.2153151208363112,0.400469486307216,True,1,Cool_Tones
829,ANONYMOUS-845.jpg,anonymous,ANONYMOUS,ANONYMOUS,0.7987572549019608,0.7428588235294118,0.6079105882352941,0.7165088888888889,0.31727098039215684,0.37159663831664763,0.2828112415868544,True,5,Balanced_Natural
830,ANONYMOUS-846.jpg,anonymous,ANONYMOUS,ANONYMOUS,0.8460043137254902,0.7802972549019608,0.7013258823529411,0.7758758169934641,0.20866313725490196,0.36346192338779626,0.3013049106087117,True,5,Balanced_Natural
831,ANONYMOUS-847.jpg,anonymous,ANONYMOUS,ANONYMOUS,0.31824196078431377,0.601061568627451,0.4883905882352941,0.4692313725490196,0.6237596078431372,0.2260730727803123,0.3469434411704373,True,1,Cool_Tones
832,ANONYMOUS-848.jpg,anonymous,ANONYMOUS,ANONYMOUS,0.6093427450980392,0.5669639215686274,0.561946274509804,0.5794176470588236,0.355023137254902,0.35054874933039354,0.323282036760102,True,2,Neutral_Colors
833,ANONYMOUS-849.jpg,anonymous,ANONYMOUS,ANONYMOUS,0.879776862745098,0.7494050980392156,0.6208623529411764,0.75001477124183,0.33404901960784317,0.39100406439744817,0.27593326638972876,True,5,Balanced_Natural
834,ANONYMOUS-85.jpg,anonymous,ANONYMOUS,ANONYMOUS,0.09302274509803922,0.19448549019607844,0.2277435294117647,0.17175058823529413,0.5041639215686274,0.1805380804722875,0.4420035078157527,True,1,Cool_Tones
835,ANONYMOUS-850.jpg,anonymous,ANONYMOUS,ANONYMOUS,0.48428745098039216,0.37547568627450983,0.21089215686274512,0.3568850980392157,0.6460192156862745,0.4523276551411906,0.19697465752680818,True,3,Vibrant_Bright
836,ANONYMOUS-851.jpg,anonymous,ANONYMOUS,ANONYMOUS,0.40098392156862744,0.34383568627450983,0.40747921568627454,0.3840996078431373,0.5062898039215686,0.34798575282294364,0.3536225619111829,True,4,Dark_Moody
837,ANONYMOUS-852.jpg,anonymous,ANONYMOUS,ANONYMOUS,0.33076039215686276,0.3948772549019608,0.4261611764705882,0.38393294117647053,0.28090745098039216,0.28716829556660955,0.36999586886957536,True,1,Cool_Tones
838,ANONYMOUS-853.jpg,anonymous,ANONYMOUS,ANONYMOUS,0.7754792156862744,0.7888615686274509,0.7290745098039215,0.7644717647058824,0.20122901960784315,0.3381327749677591,0.31789889680033884,True,5,Balanced_Natural
839,ANONYMOUS-854.jpg,anonymous,ANONYMOUS,ANONYMOUS,0.7586933333333333,0.7877513725490196,0.6705749019607843,0.7390065359477124,0.3046145098039216,0.34221302709109225,0.30246669768810286,True,5,Balanced_Natural
840,ANONYMOUS-855.jpg,anonymous,ANONYMOUS,ANONYMOUS,0.549083137254902,0.5121725490196078,0.46306039215686273,0.5081053594771242,0.43624745098039214,0.36021582715582146,0.3037821977520477,True,2,Neutral_Colors
841,ANONYMOUS-856.jpg,anonymous,ANONYMOUS,ANONYMOUS,0.15264549019607843,0.15120549019607843,0.1411321568627451,0.14832771241830064,0.1743156862745098,0.3430358015405793,0.31716222005886885,True,4,Dark_Moody
842,ANONYMOUS-857.jpg,anonymous,ANONYMOUS,ANONYMOUS,0.31527098039215684,0.4089329411764706,0.3092972549019608,0.34450039215686273,0.4493172549019608,0.3050511044580553,0.2992710242354898,True,4,Dark_Moody
843,ANONYMOUS-858.jpg,anonymous,ANONYMOUS,ANONYMOUS,0.4433705882352941,0.39386117647058827,0.33295019607843135,0.39006065359477127,0.5636239215686274,0.378889971135903,0.2845283235497395,True,4,Dark_Moody
844,ANONYMOUS-859.jpg,anonymous,ANONYMOUS,ANONYMOUS,0.6974701960784313,0.5166317647058823,0.379221568627451,0.5311078431372549,0.5184058823529412,0.4377452196357816,0.2380064836932215,True,0,Warm_Tones
845,ANONYMOUS-86.jpg,anonymous,ANONYMOUS,ANONYMOUS,0.9606376470588236,0.9456160784313726,0.9071309803921569,0.9377949019607844,0.07928549019607843,0.34145252286249955,0.32243391956370815,True,5,Balanced_Natural
846,ANONYMOUS-860.jpg,anonymous,ANONYMOUS,ANONYMOUS,0.20155176470588235,0.18545176470588234,0.16380509803921567,0.18360287581699344,0.13766588235294117,0.36591910282799034,0.29738967853061643,True,4,Dark_Moody
847,ANONYMOUS-861.jpg,anonymous,ANONYMOUS,ANONYMOUS,0.8778717647058824,0.8427094117647058,0.79184,0.837473725490196,0.12907686274509805,0.349412520287137,0.31516996124925334,True,5,Balanced_Natural
848,ANONYMOUS-862.jpg,anonymous,ANONYMOUS,ANONYMOUS,0.372056862745098,0.34214666666666665,0.23568117647058823,0.31662823529411765,0.5578247058823529,0.39168592646574546,0.24811529956823905,True,4,Dark_Moody
849,ANONYMOUS-863.jpg,anonymous,ANONYMOUS,ANONYMOUS,0.08453058823529411,0.6253772549019608,0.5856482352941177,0.43185202614379087,0.8862890196078431,0.06524651799798863,0.4520435610627095,True,1,Cool_Tones
850,ANONYMOUS-864.jpg,anonymous,ANONYMOUS,ANONYMOUS,0.7786360784313725,0.5176788235294119,0.4336505882352941,0.5766551633986928,0.5180960784313725,0.4500873761682633,0.2506699353385412,True,0,Warm_Tones
851,ANONYMOUS-865.jpg,anonymous,ANONYMOUS,ANONYMOUS,0.27132117647058823,0.21558862745098037,0.06292588235294118,0.18327856209150326,0.6417090196078431,0.49345775435422523,0.11444467770840049,True,3,Vibrant_Bright
852,ANONYMOUS-866.jpg,anonymous,ANONYMOUS,ANONYMOUS,0.6917925490196078,0.6609733333333334,0.560224705882353,0.6376635294117646,0.24227176470588235,0.36162864137723477,0.2928526760534017,True,2,Neutral_Colors
853,ANONYMOUS-867.jpg,anonymous,ANONYMOUS,ANONYMOUS,0.4092325490196078,0.3337349019607843,0.40968823529411763,0.38421856209150324,0.527403137254902,0.355034203933076,0.35542953957805684,True,4,Dark_Moody
854,ANONYMOUS-868.jpg,anonymous,ANONYMOUS,ANONYMOUS,0.8936788235294117,0.8327643137254901,0.8088066666666667,0.8450832679738562,0.12290156862745098,0.35250114984563036,0.31902432115023527,True,5,Balanced_Natural
855,ANONYMOUS-869.jpg,anonymous,ANONYMOUS,ANONYMOUS,0.7304650980392157,0.6239956862745097,0.5138462745098039,0.6227690196078431,0.40300823529411767,0.3909767956036053,0.2750329487062065,True,2,Neutral_Colors
856,ANONYMOUS-87.jpg,anonymous,ANONYMOUS,ANONYMOUS,0.821573725490196,0.8053176470588235,0.6638572549019608,0.7635828758169935,0.2455286274509804,0.35864841606648995,0.2897991325401478,True,5,Balanced_Natural
857,ANONYMOUS-870.jpg,anonymous,ANONYMOUS,ANONYMOUS,0.7446286274509805,0.6690658823529412,0.4123627450980392,0.608685751633987,0.5072713725490196,0.4077792290865106,0.2258212431016767,True,0,Warm_Tones
858,ANONYMOUS-871.jpg,anonymous,ANONYMOUS,ANONYMOUS,0.2776592156862745,0.24606666666666666,0.20124980392156863,0.24165856209150327,0.41754117647058825,0.38299054430715834,0.27759486302345193,True,4,Dark_Moody
859,ANONYMOUS-872.jpg,anonymous,ANONYMOUS,ANONYMOUS,0.7025619607843138,0.530818431372549,0.5754654901960784,0.6029486274509804,0.34018352941176466,0.38840322397572086,0.318139415674319,True,2,Neutral_Colors
860,ANONYMOUS-873.jpg,anonymous,ANONYMOUS,ANONYMOUS,0.9396270588235294,0.9089752941176471,0.8866098039215686,0.9117373856209149,0.09077450980392157,0.34352973788019864,0.3241465118347482,True,5,Balanced_Natural
861,ANONYMOUS-874.jpg,anonymous,ANONYMOUS,ANONYMOUS,0.8295145098039215,0.8206725490196078,0.7386160784313726,0.7962677124183006,0.13969058823529412,0.34725095158163927,0.3091990954436953,True,5,Balanced_Natural
862,ANONYMOUS-875.jpg,anonymous,ANONYMOUS,ANONYMOUS,0.6552858823529412,0.6754709803921569,0.6789117647058823,0.6698895424836602,0.17264235294117647,0.3260664705293332,0.3378225731395456,True,5,Balanced_Natural
863,ANONYMOUS-876.jpg,anonymous,ANONYMOUS,ANONYMOUS,0.5307113725490196,0.6956125490196079,0.5423392156862745,0.5895543790849673,0.521563137254902,0.300063398906659,0.3066377636446144,True,2,Neutral_Colors
864,ANONYMOUS-877.jpg,anonymous,ANONYMOUS,ANONYMOUS,0.5568788235294118,0.44664039215686274,0.30441999999999997,0.43597973856209143,0.4752650980392157,0.42576779645636803,0.23274764117584018,True,0,Warm_Tones
865,ANONYMOUS-878.jpg,anonymous,ANONYMOUS,ANONYMOUS,0.5527988235294117,0.6166917647058824,0.5598478431372549,0.5764461437908496,0.37854627450980394,0.3196589480936453,0.32373508229839687,True,2,Neutral_Colors
866,ANONYMOUS-879.jpg,anonymous,ANONYMOUS,ANONYMOUS,0.33402039215686274,0.4789396078431372,0.30656392156862744,0.37317464052287574,0.6867901960784313,0.2983590500949712,0.273833941221321,True,4,Dark_Moody
867,ANONYMOUS-88.jpg,anonymous,ANONYMOUS,ANONYMOUS,0.5802819607843137,0.38784862745098037,0.26003764705882354,0.4093894117647059,0.6154690196078432,0.4724771994841166,0.21172786256655474,True,3,Vibrant_Bright
868,ANONYMOUS-880.jpg,anonymous,ANONYMOUS,ANONYMOUS,0.6868956862745098,0.38037803921568625,0.5319909803921569,0.5330882352941176,0.5912149019607844,0.4295069191742176,0.33264702571649585,True,0,Warm_Tones
869,ANONYMOUS-881.jpg,anonymous,ANONYMOUS,ANONYMOUS,0.7662631372549019,0.7613094117647059,0.5825345098039216,0.7033690196078431,0.29477333333333333,0.36313928760696956,0.2760685678479936,True,5,Balanced_Natural
870,ANONYMOUS-882.jpg,anonymous,ANONYMOUS,ANONYMOUS,0.27639882352941175,0.36166901960784315,0.35389450980392156,0.3306541176470588,0.617826274509804,0.2786381399170522,0.35676167749002274,True,1,Cool_Tones
871,ANONYMOUS-883.jpg,anonymous,ANONYMOUS,ANONYMOUS,0.42324235294117646,0.5345180392156863,0.3733298039215686,0.4436967320261438,0.5510211764705882,0.3179664580369127,0.28046899042037615,True,4,Dark_Moody
872,ANONYMOUS-884.jpg,anonymous,ANONYMOUS,ANONYMOUS,0.5048929411764707,0.4768949019607843,0.46482235294117646,0.4822033986928105,0.42971450980392156,0.3490177198580846,0.3213180944549907,True,2,Neutral_Colors
873,ANONYMOUS-885.jpg,anonymous,ANONYMOUS,ANONYMOUS,0.5291458823529411,0.8122701960784313,0.9259737254901961,0.7557966013071895,0.43796823529411766,0.23337215685878068,0.4083873516152033,True,5,Balanced_Natural
874,ANONYMOUS-886.jpg,anonymous,ANONYMOUS,ANONYMOUS,0.44610274509803927,0.3754709803921568,0.25997176470588235,0.3605151633986928,0.5167360784313725,0.4124674705542832,0.24037040207004964,True,4,Dark_Moody
875,ANONYMOUS-887.jpg,anonymous,ANONYMOUS,ANONYMOUS,0.9665498039215686,0.9676411764705882,0.9674058823529412,0.967198954248366,0.009938039215686274,0.3331094967815941,0.33340453367914774,True,5,Balanced_Natural
876,ANONYMOUS-888.jpg,anonymous,ANONYMOUS,ANONYMOUS,0.6386635294117646,0.6804678431372548,0.6346250980392156,0.6512521568627451,0.2512509803921569,0.3268898719652632,0.3248228644511048,True,2,Neutral_Colors
877,ANONYMOUS-889.jpg,anonymous,ANONYMOUS,ANONYMOUS,0.24879725490196078,0.4038776470588235,0.3928658823529412,0.34851359477124183,0.5786674509803922,0.2379601261610666,0.3757534019654807,True,1,Cool_Tones
878,ANONYMOUS-89.jpg,anonymous,ANONYMOUS,ANONYMOUS,0.2535635294117647,0.3543905882352941,0.20957843137254903,0.27251084967320266,0.5218713725490196,0.31015672655371745,0.2563545332468337,True,4,Dark_Moody
879,ANONYMOUS-890.jpg,anonymous,ANONYMOUS,ANONYMOUS,0.6425325490196079,0.5567262745098039,0.4510235294117647,0.5500941176470588,0.5412725490196078,0.38934680391368565,0.27330065991875835,True,0,Warm_Tones
880,ANONYMOUS-891.jpg,anonymous,ANONYMOUS,ANONYMOUS,0.46102745098039216,0.3747878431372549,0.39906862745098043,0.4116279738562092,0.6679925490196078,0.3733363675659481,0.32316260445067113,True,4,Dark_Moody
881,ANONYMOUS-892.jpg,anonymous,ANONYMOUS,ANONYMOUS,0.6060211764705883,0.6580807843137255,0.6382023529411764,0.6341014379084967,0.39530156862745097,0.31857198321322644,0.33548891880626447,True,2,Neutral_Colors
882,ANONYMOUS-893.jpg,anonymous,ANONYMOUS,ANONYMOUS,0.398381568627451,0.5969066666666666,0.40132196078431376,0.4655367320261438,0.6317662745098039,0.28524872902785936,0.2873541053595966,True,1,Cool_Tones
883,ANONYMOUS-894.jpg,anonymous,ANONYMOUS,ANONYMOUS,0.7587317647058823,0.5699823529411764,0.5674749019607843,0.6320630065359477,0.4468407843137255,0.400134879342313,0.29927111528524214,True,2,Neutral_Colors
884,ANONYMOUS-895.jpg,anonymous,ANONYMOUS,ANONYMOUS,0.607892156862745,0.5293176470588236,0.3390372549019608,0.49208235294117647,0.47371176470588233,0.41178185009583973,0.22966143994265484,True,0,Warm_Tones
885,ANONYMOUS-896.jpg,anonymous,ANONYMOUS,ANONYMOUS,0.5950960784313726,0.4177650980392157,0.3180086274509804,0.44362326797385626,0.5201670588235293,0.44714789495558205,0.23894778254503013,True,0,Warm_Tones
886,ANONYMOUS-897.jpg,anonymous,ANONYMOUS,ANONYMOUS,0.1999407843137255,0.1831529411764706,0.1553549019607843,0.1794828758169935,0.2897368627450981,0.37132681335530826,0.28852262874845713,True,4,Dark_Moody
887,ANONYMOUS-898.jpg,anonymous,ANONYMOUS,ANONYMOUS,0.39467686274509806,0.4520976470588235,0.29323490196078433,0.380003137254902,0.5902827450980392,0.34620461240713474,0.2572212489768971,True,4,Dark_Moody
888,ANONYMOUS-899.jpg,anonymous,ANONYMOUS,ANONYMOUS,0.7351639215686274,0.6288949019607843,0.4127313725490196,0.5922633986928104,0.5165611764705882,0.413759322531096,0.23229030707714107,True,0,Warm_Tones
889,ANONYMOUS-9.jpg,anonymous,ANONYMOUS,ANONYMOUS,0.8890894117647059,0.8743133333333334,0.8313392156862746,0.8649139869281046,0.1212,0.342650283747551,0.3203936683712923,True,5,Balanced_Natural
890,ANONYMOUS-90.jpg,anonymous,ANONYMOUS,ANONYMOUS,0.47785921568627454,0.3735411764705882,0.2711223529411765,0.3741742483660131,0.5984168627450981,0.4257007638128307,0.24152928089507553,True,0,Warm_Tones
891,ANONYMOUS-900.jpg,anonymous,ANONYMOUS,ANONYMOUS,0.502578431372549,0.5092549019607844,0.3743572549019608,0.46206352941176476,0.5954517647058823,0.3625605837158208,0.27006169859863327,True,0,Warm_Tones
892,ANONYMOUS-901.jpg,anonymous,ANONYMOUS,ANONYMOUS,0.49379372549019607,0.5472752941176471,0.49778235294117645,0.5129504575163398,0.29674117647058823,0.3208844034026834,0.32347635278141,True,2,Neutral_Colors
893,ANONYMOUS-902.jpg,anonymous,ANONYMOUS,ANONYMOUS,0.4083560784313725,0.41225450980392153,0.22748901960784315,0.34936653594771244,0.5377517647058824,0.3896153435801543,0.21704883854231105,True,4,Dark_Moody
894,ANONYMOUS-903.jpg,anonymous,ANONYMOUS,ANONYMOUS,0.789904705882353,0.5288352941176471,0.47614352941176474,0.5982945098039215,0.33816117647058824,0.4400866423096462,0.26527808424969307,True,0,Warm_Tones
895,ANONYMOUS-904.jpg,anonymous,ANONYMOUS,ANONYMOUS,0.8718274509803922,0.881723137254902,0.7564792156862745,0.8366766013071896,0.18010549019607844,0.34733735124616194,0.301382442998063,True,5,Balanced_Natural
896,ANONYMOUS-905.jpg,anonymous,ANONYMOUS,ANONYMOUS,0.6887988235294118,0.6251674509803922,0.5994713725490196,0.6378125490196078,0.4298337254901961,0.3599795711182981,0.31329531964376095,True,2,Neutral_Colors
897,ANONYMOUS-906.jpg,anonymous,ANONYMOUS,ANONYMOUS,0.5893913725490196,0.5114654901960785,0.3455972549019608,0.48215137254901963,0.4638466666666667,0.4074729767680449,0.23892705047367258,True,0,Warm_Tones
898,ANONYMOUS-907.jpg,anonymous,ANONYMOUS,ANONYMOUS,0.49901843137254903,0.33632980392156864,0.23871882352941176,0.3580223529411765,0.7557196078431372,0.46460596912186763,0.22225670111714357,True,3,Vibrant_Bright
899,ANONYMOUS-908.jpg,anonymous,ANONYMOUS,ANONYMOUS,0.834256862745098,0.7095807843137254,0.6572992156862745,0.7337122875816992,0.3083427450980392,0.3790116361474397,0.29861792248966135,True,5,Balanced_Natural
900,ANONYMOUS-91.jpg,anonymous,ANONYMOUS,ANONYMOUS,0.36809333333333333,0.27078901960784313,0.2175356862745098,0.2854726797385621,0.4135070588235294,0.4298051730265542,0.25400613054297616,True,4,Dark_Moody
901,ANONYMOUS-92.jpg,anonymous,ANONYMOUS,ANONYMOUS,0.8294517647058823,0.7805992156862744,0.7163050980392157,0.7754520261437908,0.19090078431372548,0.3565453353640659,0.30790849121159397,True,5,Balanced_Natural
902,ANONYMOUS-93.jpg,anonymous,ANONYMOUS,ANONYMOUS,0.4081494117647059,0.39820196078431375,0.2542921568627451,0.35354784313725496,0.6354458823529412,0.38481263085481265,0.23975248050708933,True,4,Dark_Moody
903,ANONYMOUS-94.jpg,anonymous,ANONYMOUS,ANONYMOUS,0.71334,0.5562623529411765,0.3884694117647059,0.5526905882352942,0.49410470588235295,0.4302223733386851,0.23428972481410648,True,0,Warm_Tones
904,ANONYMOUS-95.jpg,anonymous,ANONYMOUS,ANONYMOUS,0.3032623529411765,0.2515717647058824,0.15774196078431374,0.2375253594771242,0.5786756862745098,0.4255853326194007,0.22136827798553116,True,3,Vibrant_Bright
905,ANONYMOUS-96.jpg,anonymous,ANONYMOUS,ANONYMOUS,0.2604066666666667,0.14673176470588237,0.0720886274509804,0.15974235294117647,0.6039843137254901,0.5433877709622146,0.1504265581359172,True,3,Vibrant_Bright
906,ANONYMOUS-97.jpg,anonymous,ANONYMOUS,ANONYMOUS,0.7508219607843137,0.6717192156862745,0.4967576470588235,0.639766274509804,0.3988772549019608,0.3911957639862764,0.2588223272721054,True,2,Neutral_Colors
907,ANONYMOUS-98.jpg,anonymous,ANONYMOUS,ANONYMOUS,0.8615101960784314,0.8441756862745098,0.7844372549019608,0.8300410457516341,0.11753686274509804,0.34597078241575335,0.3150193370547059,True,5,Balanced_Natural
908,ANONYMOUS-99.jpg,anonymous,ANONYMOUS,ANONYMOUS,0.6507478431372549,0.7148588235294118,0.6372913725490196,0.6676326797385621,0.2870121568627451,0.32490296834536436,0.31818447164395064,True,2,Neutral_Colors
909,AT-0.jpg,countries,AT,AT,0.6167933333333333,0.6290235294117648,0.5762721568627451,0.6073630065359478,0.24860078431372548,0.33850870522087695,0.3162698607979712,True,2,Neutral_Colors
910,AT-1.jpg,countries,AT,AT,0.4502337254901961,0.49377921568627453,0.3812745098039215,0.44176248366013066,0.5070180392156863,0.339725080345439,0.2876917168650122,True,4,Dark_Moody
911,AT-10.jpg,countries,AT,AT,0.755198431372549,0.7726623529411765,0.7170494117647059,0.7483033986928106,0.22949019607843138,0.33640459038726456,0.31941103639970175,True,5,Balanced_Natural
912,AT-11.jpg,countries,AT,AT,0.5003682352941177,0.36454156862745096,0.19974117647058823,0.354883660130719,0.6453701960784314,0.46998290944784665,0.18761170800341256,True,3,Vibrant_Bright
913,AT-12.jpg,countries,AT,AT,0.34026392156862745,0.18817647058823528,0.10992196078431372,0.21278745098039217,0.611486274509804,0.533025462694413,0.17219340721528345,True,3,Vibrant_Bright
914,AT-13.jpg,countries,AT,AT,0.39932823529411765,0.48547686274509805,0.5207745098039216,0.46852653594771243,0.4446247058823529,0.28410198110721424,0.37050490516018847,True,1,Cool_Tones
915,AT-14.jpg,countries,AT,AT,0.6667705882352941,0.6655329411764707,0.6572498039215686,0.6631844444444445,0.1774070588235294,0.33513565177090454,0.33035026634351883,True,2,Neutral_Colors
916,AT-15.jpg,countries,AT,AT,0.7912721568627451,0.7635964705882352,0.5625125490196078,0.7057937254901961,0.35542862745098036,0.3737030403182561,0.26566415608411603,True,2,Neutral_Colors
917,AT-2.jpg,countries,AT,AT,0.8387309803921569,0.8426549019607843,0.795583137254902,0.825656339869281,0.13506941176470588,0.33861168030000854,0.32119207376634284,True,5,Balanced_Natural
918,AT-3.jpg,countries,AT,AT,0.47566,0.42446235294117646,0.2915607843137255,0.3972277124183006,0.4249878431372549,0.399149392972289,0.2446628055193794,True,4,Dark_Moody
919,AT-4.jpg,countries,AT,AT,0.4041192156862745,0.4171870588235294,0.3734180392156863,0.3982414379084967,0.43141450980392154,0.338252827694859,0.31255555978073624,True,4,Dark_Moody
920,AT-5.jpg,countries,AT,AT,0.2053470588235294,0.29935529411764705,0.3693843137254902,0.29136222222222224,0.8239619607843137,0.23492730380994897,0.42259412620948794,True,1,Cool_Tones
921,AT-6.jpg,countries,AT,AT,0.8942450980392157,0.852609411764706,0.8687666666666667,0.8718737254901961,0.0790207843137255,0.34188618910009116,0.33214532071254427,True,5,Balanced_Natural
922,AT-7.jpg,countries,AT,AT,0.6408752941176471,0.6427792156862745,0.6205886274509804,0.6347477124183006,0.06996509803921569,0.3365510133808329,0.3258976174901614,True,2,Neutral_Colors
923,AT-8.jpg,countries,AT,AT,0.37641568627450983,0.503603137254902,0.46284470588235294,0.44762117647058824,0.3846113725490196,0.28030801173920117,0.34466969358785565,True,1,Cool_Tones
924,AT-9.jpg,countries,AT,AT,0.17640901960784314,0.36338078431372545,0.5115098039215686,0.3504332026143791,0.6889678431372549,0.1678007396664274,0.4865495179071466,True,1,Cool_Tones
925,AU-0.jpg,countries,AU,AU,0.6099082352941176,0.5854996078431373,0.48725450980392154,0.5608874509803922,0.3452501960784313,0.36246598835592464,0.2895733772012299,True,2,Neutral_Colors
926,AU-1.jpg,countries,AU,AU,0.6157062745098039,0.4693364705882353,0.29719254901960784,0.46074509803921565,0.5368572549019608,0.44544212674059547,0.21500849766741312,True,0,Warm_Tones
927,AU-10.jpg,countries,AU,AU,0.7878298039215686,0.7431270588235294,0.21792196078431372,0.5829596078431373,0.7581474509803922,0.45047680996836625,0.1246065955203976,True,0,Warm_Tones
928,AU-11.jpg,countries,AU,AU,0.780633725490196,0.40649921568627456,0.36386117647058824,0.5169980392156863,0.5774760784313726,0.5033115298740969,0.234598531182087,True,0,Warm_Tones
929,AU-12.jpg,countries,AU,AU,0.4608913725490196,0.44374588235294116,0.3746760784313726,0.42643777777777775,0.36837254901960786,0.3602643701709637,0.29287257139934536,True,4,Dark_Moody
930,AU-13.jpg,countries,AU,AU,0.687256862745098,0.6094501960784313,0.41533411764705885,0.5706803921568627,0.439255294117647,0.40142519395281073,0.24259572769596083,True,0,Warm_Tones
931,AU-14.jpg,countries,AU,AU,0.612258431372549,0.5747325490196079,0.5012905882352942,0.5627605228758171,0.3914035294117647,0.36265163352975094,0.296923392772358,True,2,Neutral_Colors
932,AU-15.jpg,countries,AU,AU,0.37255058823529413,0.5321596078431373,0.44336901960784314,0.4493597385620915,0.4039960784313726,0.27635639474587037,0.32888919698456887,True,1,Cool_Tones
933,AU-16.jpg,countries,AU,AU,0.47667333333333334,0.46344705882352943,0.4347113725490196,0.45827725490196086,0.34155490196078436,0.34671368443514505,0.3161921825757602,True,2,Neutral_Colors
934,AU-17.jpg,countries,AU,AU,0.7633780392156863,0.7553811764705882,0.7468352941176472,0.7551981699346405,0.2171070588235294,0.33694365826217304,0.32964193779775053,True,5,Balanced_Natural
935,AU-2.jpg,countries,AU,AU,0.8264980392156863,0.8287717647058824,0.8277247058823529,0.8276648366013072,0.07992745098039215,0.3328632838651221,0.3333573108022725,True,5,Balanced_Natural
936,AU-3.jpg,countries,AU,AU,0.46959529411764706,0.3946223529411764,0.29421607843137254,0.3861445751633987,0.5108172549019607,0.4053705260941104,0.2539772608308802,True,4,Dark_Moody
937,AU-4.jpg,countries,AU,AU,0.6406054901960784,0.6944905882352941,0.6469733333333333,0.6606898039215686,0.2558521568627451,0.32320016806351753,0.3264128910321155,True,2,Neutral_Colors
938,AU-5.jpg,countries,AU,AU,0.6520925490196079,0.37380588235294115,0.19949490196078432,0.40846444444444446,0.7290270588235295,0.532149146834862,0.16280057491217195,True,3,Vibrant_Bright
939,AU-6.jpg,countries,AU,AU,0.7854372549019607,0.7797745098039216,0.7130643137254902,0.7594253594771242,0.20046705882352941,0.3447505408089985,0.31298401782475266,True,5,Balanced_Natural
940,AU-7.jpg,countries,AU,AU,0.7855807843137256,0.47282823529411766,0.4763003921568627,0.5782364705882354,0.658218431372549,0.4528599004110208,0.27457055017749415,True,0,Warm_Tones
941,AU-8.jpg,countries,AU,AU,0.674516862745098,0.645246274509804,0.5383003921568628,0.6193545098039216,0.31033607843137256,0.36302122561838035,0.28971027843003955,True,2,Neutral_Colors
942,AU-9.jpg,countries,AU,AU,0.3256643137254902,0.23294,0.14217294117647059,0.2335924183006536,0.31222470588235296,0.46471806373479835,0.2028786426832845,True,3,Vibrant_Bright
943,BE-0.jpg,countries,BE,BE,0.19719764705882353,0.12428980392156863,0.07173921568627452,0.13107555555555556,0.6329325490196078,0.501484671031515,0.1824368470672406,True,3,Vibrant_Bright
944,BE-1.jpg,countries,BE,BE,0.5198333333333334,0.4281133333333333,0.3076011764705882,0.4185159477124183,0.48112352941176467,0.4140287621423151,0.24499339723174887,True,0,Warm_Tones
945,BE-10.jpg,countries,BE,BE,0.16970235294117647,0.1839580392156863,0.17426431372549017,0.17597490196078427,0.4925529411764706,0.3214512024140652,0.33009249556096554,True,4,Dark_Moody
946,BE-11.jpg,countries,BE,BE,0.55784,0.467676862745098,0.3842137254901961,0.4699101960784314,0.473503137254902,0.3957065335382785,0.2725438861529349,True,0,Warm_Tones
947,BE-12.jpg,countries,BE,BE,0.6214901960784314,0.5530513725490196,0.3516458823529412,0.5087291503267973,0.4824980392156863,0.4072172055025045,0.2304079041661278,True,0,Warm_Tones
948,BE-13.jpg,countries,BE,BE,0.5698827450980392,0.5713274509803922,0.5373870588235294,0.5595324183006536,0.08702901960784314,0.3394991883458877,0.32014036548305347,True,2,Neutral_Colors
949,BE-14.jpg,countries,BE,BE,0.5008874509803921,0.5462411764705883,0.23733372549019607,0.42815411764705885,0.6144239215686275,0.38995853780760287,0.18477267175178416,True,0,Warm_Tones
950,BE-15.jpg,countries,BE,BE,0.4976564705882353,0.5246352941176471,0.4985556862745098,0.5069491503267974,0.1537380392156863,0.327222919724466,0.3278141789559133,True,2,Neutral_Colors
951,BE-16.jpg,countries,BE,BE,0.45069333333333333,0.39622352941176475,0.2721368627450981,0.373017908496732,0.542678431372549,0.40274467643743656,0.24318458833717,True,4,Dark_Moody
952,BE-17.jpg,countries,BE,BE,0.37048588235294116,0.24608980392156862,0.14789607843137256,0.25482392156862743,0.6220850980392156,0.4846292758323172,0.1934615401089835,True,3,Vibrant_Bright
953,BE-18.jpg,countries,BE,BE,0.09605058823529411,0.09311450980392157,0.08819372549019608,0.09245294117647058,0.0758756862745098,0.3463031776305869,0.31797584945046614,True,4,Dark_Moody
954,BE-19.jpg,countries,BE,BE,0.44021960784313724,0.4398364705882353,0.34670235294117646,0.40891947712418303,0.41821686274509806,0.3588475430350688,0.28261641530913,True,4,Dark_Moody
955,BE-2.jpg,countries,BE,BE,0.3775450980392157,0.35703411764705884,0.2067007843137255,0.31376,0.567593725490196,0.4010971198177969,0.2195951945420395,True,4,Dark_Moody
956,BE-3.jpg,countries,BE,BE,0.7655043137254902,0.7062282352941176,0.5406988235294118,0.6708104575163398,0.3327580392156863,0.380387596705113,0.26867925148935223,True,2,Neutral_Colors
957,BE-4.jpg,countries,BE,BE,0.5160486274509803,0.5136552941176471,0.4827545098039216,0.5041528104575164,0.18212627450980393,0.3411983268752332,0.31918509666459244,True,2,Neutral_Colors
958,BE-5.jpg,countries,BE,BE,0.8761286274509804,0.8663219607843138,0.7154949019607844,0.8193151633986928,0.2237435294117647,0.35644739661565567,0.291094580298901,True,5,Balanced_Natural
959,BE-6.jpg,countries,BE,BE,0.32750549019607844,0.29002588235294113,0.1736850980392157,0.26373882352941175,0.5396964705882353,0.4139260094352979,0.21951625753421303,True,3,Vibrant_Bright
960,BE-7.jpg,countries,BE,BE,0.9026478431372549,0.892935294117647,0.8925203921568627,0.8960345098039215,0.06052901960784314,0.3357934311188339,0.33202592473298354,True,5,Balanced_Natural
961,BE-8.jpg,countries,BE,BE,0.591706274509804,0.4472321568627451,0.15456117647058823,0.39783320261437916,0.7527450980392156,0.4957737521216012,0.12950238605232642,True,3,Vibrant_Bright
962,BE-9.jpg,countries,BE,BE,0.4169250980392157,0.3608650980392157,0.28871254901960786,0.3555009150326797,0.5247121568627451,0.39092698919767,0.27070936257525074,True,4,Dark_Moody
963,BG-0.jpg,countries,BG,BG,0.7373407843137254,0.534053725490196,0.40255450980392155,0.5579830065359477,0.5179694117647059,0.4404795696865923,0.2404817975976536,True,0,Warm_Tones
964,BG-1.jpg,countries,BG,BG,0.369543137254902,0.341203137254902,0.19774196078431372,0.3028294117647059,0.5814109803921569,0.4067666659091065,0.2176602133544224,True,3,Vibrant_Bright
965,BH-0.jpg,countries,BH,BH,0.6388635294117647,0.6217925490196078,0.5061396078431372,0.5889318954248366,0.23517294117647058,0.36159425381246363,0.286473034376349,True,2,Neutral_Colors
966,BM-0.jpg,countries,BM,BM,0.15138352941176472,0.496366274509804,0.5438498039215687,0.3971998692810457,0.8186423529411765,0.12704217202924833,0.45640275805663344,True,1,Cool_Tones
967,BR-0.jpg,countries,BR,BR,0.6935388235294118,0.6215615686274509,0.5722611764705883,0.629120522875817,0.29703450980392154,0.36746454287994856,0.3032068061447009,True,2,Neutral_Colors
968,BR-1.jpg,countries,BR,BR,0.14049254901960784,0.21635254901960785,0.20091411764705883,0.1859197385620915,0.5924937254901961,0.25188700281669285,0.3602159350857461,True,1,Cool_Tones
969,BR-2.jpg,countries,BR,BR,0.9206129411764706,0.885998431372549,0.8661458823529412,0.8909190849673202,0.10096196078431373,0.3444430260342567,0.32406443072971153,True,5,Balanced_Natural
970,BY-0.jpg,countries,BY,BY,0.7552898039215685,0.6651498039215686,0.38611058823529415,0.6021833986928105,0.5457674509803921,0.4180838082868135,0.21372800786019416,True,0,Warm_Tones
971,BY-1.jpg,countries,BY,BY,0.48361176470588235,0.5634941176470588,0.49296235294117646,0.5133560784313725,0.4774376470588235,0.31401949576216537,0.3200910333404797,True,2,Neutral_Colors
972,BY-10.jpg,countries,BY,BY,0.530238431372549,0.4725623529411765,0.22733725490196077,0.4100460130718954,0.6260894117647059,0.431039430884674,0.18480614601655662,True,0,Warm_Tones
973,BY-11.jpg,countries,BY,BY,0.25882941176470586,0.36152980392156864,0.3934768627450981,0.3379453594771242,0.5386635294117647,0.25529684923851037,0.3881066012636792,True,1,Cool_Tones
974,BY-12.jpg,countries,BY,BY,0.5483678431372548,0.45107725490196077,0.32569803921568624,0.4417143790849673,0.5856427450980392,0.4138175068813454,0.2457831039349312,True,0,Warm_Tones
975,BY-13.jpg,countries,BY,BY,0.4164011764705882,0.5343396078431373,0.4999505882352941,0.4835637908496732,0.4767411764705882,0.28703616586811403,0.34462894938699384,True,1,Cool_Tones
976,BY-14.jpg,countries,BY,BY,0.1744086274509804,0.17584901960784316,0.1537121568627451,0.1679899346405229,0.13856470588235295,0.3460689113215436,0.3050021066035143,True,4,Dark_Moody
977,BY-15.jpg,countries,BY,BY,0.6190807843137255,0.6036439215686275,0.4958517647058823,0.5728588235294118,0.2727203921568627,0.36022861634618447,0.2885245345012943,True,2,Neutral_Colors
978,BY-16.jpg,countries,BY,BY,0.3266047058823529,0.3833403921568628,0.22454078431372548,0.31149529411764704,0.5382149019607843,0.34950164849826043,0.24028243579872952,True,4,Dark_Moody
979,BY-17.jpg,countries,BY,BY,0.3852701960784314,0.6944662745098039,0.7305047058823528,0.603413725490196,0.5357384313725491,0.21282798571713152,0.4035397668761706,True,1,Cool_Tones
980,BY-18.jpg,countries,BY,BY,0.5497247058823529,0.7282945098039216,0.5713105882352941,0.6164432679738563,0.3968705882352941,0.29725601537412505,0.3089282820703633,True,2,Neutral_Colors
981,BY-19.jpg,countries,BY,BY,0.45713686274509807,0.7493215686274509,0.8536298039215686,0.6866960784313726,0.5083741176470589,0.2219014860683124,0.41436545043627504,True,1,Cool_Tones
982,BY-2.jpg,countries,BY,BY,0.5088611764705883,0.4396247058823529,0.13358392156862745,0.36068993464052285,0.7441184313725491,0.47026606265173004,0.12345210783296393,True,3,Vibrant_Bright
983,BY-20.jpg,countries,BY,BY,0.42922,0.36793333333333333,0.18531058823529412,0.32748797385620915,0.7871243137254902,0.43688073800609273,0.18861802000973502,True,3,Vibrant_Bright
984,BY-21.jpg,countries,BY,BY,0.27457254901960787,0.2146878431372549,0.11394745098039215,0.20106928104575164,0.6270070588235294,0.4551865446659761,0.18890215598922244,True,3,Vibrant_Bright
985,BY-22.jpg,countries,BY,BY,0.6363658823529412,0.7401772549019608,0.6151674509803922,0.6639035294117647,0.33120313725490197,0.3195070441482831,0.30886372033686155,True,2,Neutral_Colors
986,BY-23.jpg,countries,BY,BY,0.782426274509804,0.6841839215686275,0.4356160784313725,0.6340754248366013,0.47043137254901957,0.4113211312835539,0.22900317131854236,True,0,Warm_Tones
987,BY-24.jpg,countries,BY,BY,0.33175176470588236,0.3717168627450981,0.32624392156862747,0.3432375163398693,0.6040250980392157,0.3221786923380233,0.3168297842436325,True,4,Dark_Moody
988,BY-25.jpg,countries,BY,BY,0.343421568627451,0.21873254901960784,0.06576117647058824,0.20930509803921568,0.8410180392156863,0.5469225306695213,0.10472920847355358,True,3,Vibrant_Bright
989,BY-26.jpg,countries,BY,BY,0.41553960784313726,0.466555294117647,0.38409294117647064,0.42206261437908493,0.38169686274509806,0.32818138470842045,0.3033457001759689,True,4,Dark_Moody
990,BY-27.jpg,countries,BY,BY,0.5584286274509804,0.5962286274509804,0.37028941176470587,0.5083155555555555,0.5408576470588236,0.36619527322641265,0.24282106190182212,True,0,Warm_Tones
991,BY-28.jpg,countries,BY,BY,0.5108196078431372,0.42672,0.20594039215686274,0.38115999999999994,0.6148403921568627,0.4467233017803858,0.1800995313056035,True,3,Vibrant_Bright
992,BY-29.jpg,countries,BY,BY,0.5862129411764706,0.44171960784313724,0.3626070588235294,0.46351320261437906,0.47216980392156865,0.4215719683913033,0.2607669684569428,True,0,Warm_Tones
993,BY-3.jpg,countries,BY,BY,0.42982705882352945,0.5291717647058823,0.41701058823529413,0.45866980392156864,0.5732549019607843,0.31237195238391025,0.3030577273761224,True,4,Dark_Moody
994,BY-30.jpg,countries,BY,BY,0.8722376470588236,0.8687419607843138,0.7775133333333333,0.8394976470588236,0.15320274509803922,0.346333033722278,0.3087215421174019,True,5,Balanced_Natural
995,BY-31.jpg,countries,BY,BY,0.2765725490196078,0.346581568627451,0.3192113725490196,0.31412183006535943,0.3889772549019608,0.2934872492782095,0.3387337897409757,True,4,Dark_Moody
996,BY-32.jpg,countries,BY,BY,0.5883121568627451,0.5646772549019609,0.5719145098039216,0.5749679738562091,0.2130156862745098,0.34106932475311996,0.33156291842672864,True,2,Neutral_Colors
997,BY-4.jpg,countries,BY,BY,0.2788529411764706,0.2511564705882353,0.20079333333333332,0.24360091503267975,0.49048470588235293,0.3815702136817344,0.27475684775862275,True,4,Dark_Moody
998,BY-5.jpg,countries,BY,BY,0.40634156862745097,0.4745505882352941,0.1540929411764706,0.3449950326797386,0.702298431372549,0.39260582281952033,0.14888406855744263,True,3,Vibrant_Bright
999,BY-6.jpg,countries,BY,BY,0.2943305882352941,0.3158976470588235,0.3200968627450981,0.3101083660130719,0.4776764705882353,0.3163735692846137,0.3440695294045219,True,4,Dark_Moody
1000,BY-7.jpg,countries,BY,BY,0.739184705882353,0.6013196078431372,0.3472886274509804,0.5625976470588235,0.5594223529411765,0.4379590943235091,0.20576482648640398,True,0,Warm_Tones
1001,BY-8.jpg,countries,BY,BY,0.4262882352941177,0.3215101960784314,0.2346086274509804,0.3274690196078432,0.5270149019607844,0.43392176139578276,0.23880975460638323,True,4,Dark_Moody
1002,BY-9.jpg,countries,BY,BY,0.6150564705882353,0.6049607843137255,0.40730078431372546,0.5424393464052287,0.41846352941176473,0.37795690689188527,0.2502894481650205,True,0,Warm_Tones
1003,CA-0.jpg,countries,CA,CA,0.5353541176470588,0.4371392156862745,0.25877176470588237,0.41042169934640516,0.6481466666666666,0.4347996899286087,0.21016721334078395,True,0,Warm_Tones
1004,CA-1.jpg,countries,CA,CA,0.7071098039215686,0.6884917647058824,0.633135294117647,0.6762456209150326,0.1125043137254902,0.34854665893836767,0.31208334292186357,True,5,Balanced_Natural
1005,CA-10.jpg,countries,CA,CA,0.4325007843137255,0.40441921568627454,0.26863607843137255,0.36851869281045757,0.6957654901960784,0.39120620070325296,0.2429870729175998,True,0,Warm_Tones
1006,CA-11.jpg,countries,CA,CA,0.5683066666666667,0.5727407843137255,0.4779301960784314,0.5396592156862746,0.4777368627450981,0.3510278950862642,0.295204755755538,True,2,Neutral_Colors
1007,CA-12.jpg,countries,CA,CA,0.6143749019607844,0.6187596078431373,0.6016254901960785,0.6115866666666667,0.26086196078431373,0.3348528238614099,0.3279040104929625,True,2,Neutral_Colors
1008,CA-13.jpg,countries,CA,CA,0.5218662745098038,0.4674701960784314,0.4092474509803921,0.4661946405228758,0.26123960784313727,0.3731387822517693,0.29261537477566085,True,2,Neutral_Colors
1009,CA-14.jpg,countries,CA,CA,0.27679176470588235,0.19667254901960785,0.20227176470588237,0.2252453594771242,0.4544870588235294,0.40961458759731667,0.29933500937291685,True,4,Dark_Moody
1010,CA-15.jpg,countries,CA,CA,0.9468952941176471,0.8144466666666667,0.8260482352941176,0.8624633986928104,0.15629568627450982,0.3659652608978514,0.319259119589691,True,5,Balanced_Natural
1011,CA-16.jpg,countries,CA,CA,0.9215878431372548,0.6112098039215687,0.6075945098039216,0.7134640522875816,0.3733474509803921,0.4305694214085701,0.2838705159637568,True,2,Neutral_Colors
1012,CA-17.jpg,countries,CA,CA,0.5791862745098039,0.5834443137254902,0.5286737254901961,0.5637681045751634,0.2762149019607843,0.3424492726472978,0.3125832581496893,True,2,Neutral_Colors
1013,CA-18.jpg,countries,CA,CA,0.4526956862745098,0.6596117647058823,0.7040760784313725,0.6054611764705883,0.48039019607843136,0.24922899250915503,0.38762501388369963,True,1,Cool_Tones
1014,CA-19.jpg,countries,CA,CA,0.31364549019607846,0.37930431372549017,0.2592274509803921,0.3173924183006536,0.433658431372549,0.32939787122987,0.27224676644929574,True,4,Dark_Moody
1015,CA-2.jpg,countries,CA,CA,0.494815294117647,0.5019729411764705,0.49801647058823534,0.4982682352941176,0.06505098039215687,0.33102315048066255,0.33316468396423904,True,2,Neutral_Colors
1016,CA-20.jpg,countries,CA,CA,0.5658356862745098,0.6012152941176471,0.5625427450980391,0.5765312418300653,0.4565474509803922,0.3271492899090233,0.3252454096948088,True,2,Neutral_Colors
1017,CA-21.jpg,countries,CA,CA,0.1811086274509804,0.26749098039215685,0.32372392156862745,0.25744117647058823,0.6263627450980392,0.2344980905745936,0.41915530226029385,True,1,Cool_Tones
1018,CA-22.jpg,countries,CA,CA,0.46868941176470585,0.6010396078431373,0.6865117647058823,0.5854135947712418,0.43623333333333336,0.2668706643646179,0.39089820709062895,True,1,Cool_Tones
1019,CA-23.jpg,countries,CA,CA,0.5849894117647059,0.5704443137254902,0.4808521568627451,0.5454286274509804,0.3863964705882353,0.35751029851409993,0.2938678798006932,True,2,Neutral_Colors
1020,CA-24.jpg,countries,CA,CA,0.4883501960784314,0.5678666666666667,0.6003152941176471,0.552177385620915,0.2470129411764706,0.29480254835544745,0.3623925616161918,True,2,Neutral_Colors
1021,CA-25.jpg,countries,CA,CA,0.6179603921568628,0.5392839215686275,0.36169254901960785,0.5063122875816994,0.4755270588235294,0.4068371770258296,0.2381220179513726,True,0,Warm_Tones
1022,CA-26.jpg,countries,CA,CA,0.4581258823529412,0.3342482352941176,0.2137450980392157,0.33537307189542487,0.5954364705882352,0.45533910879670936,0.2124448894940653,True,3,Vibrant_Bright
1023,CA-27.jpg,countries,CA,CA,0.26552901960784314,0.20655137254901962,0.10862313725490196,0.19356784313725492,0.6664886274509804,0.4572532263125545,0.18705405546764675,True,3,Vibrant_Bright
1024,CA-28.jpg,countries,CA,CA,0.43719137254901963,0.5715168627450979,0.5501309803921569,0.5196130718954248,0.2662717647058823,0.28045938778693075,0.3529104361411176,True,2,Neutral_Colors
1025,CA-29.jpg,countries,CA,CA,0.6439360784313726,0.6343619607843137,0.5248725490196079,0.601056862745098,0.30352823529411765,0.3571130349616767,0.2910829742682912,True,2,Neutral_Colors
1026,CA-3.jpg,countries,CA,CA,0.7274694117647059,0.6920737254901961,0.5546415686274511,0.658061568627451,0.2805729411764706,0.3684908717539148,0.28094700867037053,True,2,Neutral_Colors
1027,CA-30.jpg,countries,CA,CA,0.4338435294117647,0.18221607843137255,0.1808172549019608,0.26562562091503267,0.7857149019607843,0.5444291398900871,0.22690711256437532,True,3,Vibrant_Bright
1028,CA-31.jpg,countries,CA,CA,0.48797294117647055,0.3345737254901961,0.1308294117647059,0.3177920261437908,0.7058349019607842,0.5118362421502214,0.13722735182595797,True,3,Vibrant_Bright
1029,CA-32.jpg,countries,CA,CA,0.41541960784313725,0.376978431372549,0.3270364705882353,0.3731448366013072,0.3402721568627451,0.3710974006139054,0.2921440920214497,True,4,Dark_Moody
1030,CA-33.jpg,countries,CA,CA,0.3676623529411765,0.6428811764705882,0.5976525490196078,0.5360653594771242,0.4997886274509804,0.22861772221336987,0.3716289234914885,True,1,Cool_Tones
1031,CA-34.jpg,countries,CA,CA,0.2842972549019608,0.3977721568627451,0.34818196078431374,0.3434171241830066,0.5789850980392157,0.27594913875185845,0.3379579315336614,True,1,Cool_Tones
1032,CA-4.jpg,countries,CA,CA,0.595936862745098,0.5938098039215687,0.33411098039215686,0.5079525490196078,0.5272,0.3910709591702004,0.21925326278590168,True,0,Warm_Tones
1033,CA-5.jpg,countries,CA,CA,0.33220901960784316,0.48285529411764705,0.3017505882352941,0.37227163398692814,0.7193243137254901,0.2974608608496589,0.270188298452335,True,4,Dark_Moody
1034,CA-6.jpg,countries,CA,CA,0.4464050980392157,0.4644937254901961,0.4352654901960784,0.4487214379084967,0.4230054901960784,0.3316123907574152,0.3233373239958831,True,4,Dark_Moody
1035,CA-7.jpg,countries,CA,CA,0.48718392156862744,0.30518862745098035,0.18610941176470588,0.32616065359477125,0.6828713725490196,0.49789719503967633,0.19020199556211775,True,3,Vibrant_Bright
1036,CA-8.jpg,countries,CA,CA,0.7082258823529411,0.7377698039215687,0.7320356862745098,0.7260104575163399,0.15849450980392157,0.3251677483214275,0.33609954356086336,True,5,Balanced_Natural
1037,CA-9.jpg,countries,CA,CA,0.4183670588235294,0.27471686274509804,0.21948862745098038,0.30419084967320265,0.6898745098039216,0.45844749639411275,0.2405160961401746,True,3,Vibrant_Bright
1038,CH-0.jpg,countries,CH,CH,0.49520156862745096,0.4229074509803921,0.25587137254901965,0.39132679738562093,0.6271000000000001,0.421813814031291,0.21795181274460196,True,0,Warm_Tones
1039,CH-1.jpg,countries,CH,CH,0.29858431372549016,0.4302533333333334,0.4765043137254902,0.4017806535947712,0.4716517647058823,0.24771730821840293,0.39532674867527334,True,1,Cool_Tones
1040,CH-10.jpg,countries,CH,CH,0.5045792156862745,0.5937105882352941,0.4397407843137255,0.512676862745098,0.40280901960784316,0.32806817463691906,0.2859114127937223,True,2,Neutral_Colors
1041,CH-11.jpg,countries,CH,CH,0.3469341176470588,0.32643529411764705,0.2564117647058824,0.3099270588235294,0.27737137254901956,0.37313483354134114,0.27577616692891455,True,4,Dark_Moody
1042,CH-12.jpg,countries,CH,CH,0.7309541176470589,0.7321909803921568,0.7175698039215687,0.7269049673202614,0.05673254901960784,0.3351899791209958,0.3290524012212539,True,5,Balanced_Natural
1043,CH-13.jpg,countries,CH,CH,0.7136156862745099,0.6453219607843137,0.5414094117647059,0.6334490196078432,0.3115411764705882,0.37551841251454554,0.28490013145269955,True,2,Neutral_Colors
1044,CH-14.jpg,countries,CH,CH,0.11329333333333334,0.34843137254901957,0.441298431372549,0.30100771241830065,0.726796862745098,0.12545991702695025,0.4886895191019474,True,1,Cool_Tones
1045,CH-15.jpg,countries,CH,CH,0.3895192156862745,0.5550827450980392,0.38718862745098037,0.44393019607843137,0.5368113725490196,0.2924776062014414,0.290727641525375,True,4,Dark_Moody
1046,CH-2.jpg,countries,CH,CH,0.8348039215686275,0.8201996078431373,0.7680603921568627,0.8076879738562092,0.1296313725490196,0.344523959774135,0.31697887469710917,True,5,Balanced_Natural
1047,CH-3.jpg,countries,CH,CH,0.7523094117647059,0.6409949019607843,0.5849894117647059,0.6594312418300653,0.32567254901960785,0.3802817659427835,0.2957038727481584,True,2,Neutral_Colors
1048,CH-4.jpg,countries,CH,CH,0.33506392156862747,0.45532549019607843,0.3084827450980392,0.36629071895424836,0.7324976470588236,0.30491592180231836,0.2807264361418652,True,4,Dark_Moody
1049,CH-5.jpg,countries,CH,CH,0.49282705882352945,0.5203062745098039,0.5633615686274509,0.5254983006535948,0.30787333333333333,0.3126091594723274,0.35735048085235344,True,2,Neutral_Colors
1050,CH-6.jpg,countries,CH,CH,0.2871349019607843,0.2913266666666667,0.26604039215686276,0.2815006535947713,0.4039850980392157,0.34000461252866887,0.3150260028807756,True,4,Dark_Moody
1051,CH-7.jpg,countries,CH,CH,0.673789411764706,0.6468494117647059,0.5797423529411765,0.6334603921568628,0.22363647058823527,0.3545546891078906,0.3050661914846416,True,2,Neutral_Colors
1052,CH-8.jpg,countries,CH,CH,0.8634019607843136,0.8454952941176471,0.8241027450980392,0.8443333333333333,0.12632823529411766,0.340861279085288,0.3253463954803173,True,5,Balanced_Natural
1053,CH-9.jpg,countries,CH,CH,0.13067529411764706,0.4016556862745098,0.5868447058823529,0.3730585620915033,0.7633717647058823,0.11676020035105988,0.5243539407846569,True,1,Cool_Tones
1054,CN-0.jpg,countries,CN,CN,0.7249478431372549,0.5723070588235294,0.45588980392156864,0.584381568627451,0.4503333333333333,0.41351260234949544,0.26004102362508463,True,0,Warm_Tones
1055,CN-1.jpg,countries,CN,CN,0.4875698039215686,0.5640172549019608,0.4339133333333334,0.4951667973856209,0.249121568627451,0.32821901513915464,0.2920989072270852,True,2,Neutral_Colors
1056,CN-10.jpg,countries,CN,CN,0.5964066666666666,0.6200109803921569,0.45766549019607844,0.5580277124183006,0.3027960784313725,0.35625847793088294,0.2733826096378528,True,2,Neutral_Colors
1057,CN-11.jpg,countries,CN,CN,0.7536384313725489,0.8922678431372549,0.7866454901960784,0.8108505882352941,0.1854956862745098,0.30981380642884865,0.3233827038038334,True,5,Balanced_Natural
1058,CN-12.jpg,countries,CN,CN,0.5734141176470587,0.7076945098039216,0.5735576470588236,0.6182220915032679,0.5129996078431373,0.30917357820885394,0.3092509664357006,True,2,Neutral_Colors
1059,CN-13.jpg,countries,CN,CN,0.7876160784313725,0.49019568627450977,0.41772470588235294,0.5651788235294117,0.5395992156862746,0.4645229563450012,0.24636713321200218,True,0,Warm_Tones
1060,CN-14.jpg,countries,CN,CN,0.7543913725490196,0.3222745098039216,0.14215960784313728,0.4062751633986928,0.8277145098039216,0.6189489468904282,0.11663646055171265,True,3,Vibrant_Bright
1061,CN-15.jpg,countries,CN,CN,0.7745690196078431,0.7691282352941177,0.5920345098039215,0.7119105882352942,0.3204090196078431,0.3626713193747866,0.27720439541294956,True,5,Balanced_Natural
1062,CN-16.jpg,countries,CN,CN,0.29685960784313725,0.15119137254901963,0.11700588235294118,0.18835228758169933,0.6669388235294118,0.5253614318380928,0.20706885093947172,True,3,Vibrant_Bright
1063,CN-17.jpg,countries,CN,CN,0.5394431372549019,0.5532011764705883,0.43600980392156863,0.5095513725490196,0.3381607843137255,0.3528874047700342,0.2852244426412447,True,2,Neutral_Colors
1064,CN-18.jpg,countries,CN,CN,0.6668678431372549,0.3764498039215686,0.09960980392156864,0.38097581699346406,0.8135603921568627,0.5834729571787478,0.08715314054534594,True,3,Vibrant_Bright
1065,CN-19.jpg,countries,CN,CN,0.36982980392156867,0.2732643137254902,0.10741333333333333,0.2501691503267974,0.7499160784313725,0.49277233779107815,0.14312075126271911,True,3,Vibrant_Bright
1066,CN-2.jpg,countries,CN,CN,0.6246529411764705,0.7774741176470588,0.6878839215686275,0.6966703267973856,0.3020933333333333,0.29887529212117936,0.3291291763024044,True,5,Balanced_Natural
1067,CN-20.jpg,countries,CN,CN,0.7793796078431373,0.7215960784313725,0.5848133333333333,0.6952630065359476,0.300823137254902,0.3736615865050842,0.28037977353218235,True,2,Neutral_Colors
1068,CN-21.jpg,countries,CN,CN,0.6835823529411765,0.6613356862745098,0.5637494117647059,0.6362224836601308,0.2895329411764706,0.3581462000852232,0.29536267101556307,True,2,Neutral_Colors
1069,CN-22.jpg,countries,CN,CN,0.8202356862745098,0.7487752941176471,0.5915792156862745,0.7201967320261438,0.3201203921568628,0.3796348368739417,0.2738043257604756,True,5,Balanced_Natural
1070,CN-23.jpg,countries,CN,CN,0.8664796078431373,0.6890564705882353,0.4502749019607843,0.6686036601307189,0.5234215686274509,0.43198446131213736,0.22448509948213138,True,0,Warm_Tones
1071,CN-24.jpg,countries,CN,CN,0.694818431372549,0.771016862745098,0.6326976470588235,0.6995109803921569,0.3079819607843137,0.3310970662609455,0.3014950745586337,True,5,Balanced_Natural
1072,CN-25.jpg,countries,CN,CN,0.4814764705882353,0.6578062745098039,0.6612007843137255,0.6001611764705882,0.4325145098039216,0.26741494454580966,0.3672349156644773,True,2,Neutral_Colors
1073,CN-26.jpg,countries,CN,CN,0.3733678431372549,0.3088556862745098,0.19924196078431372,0.29382183006535945,0.563143137254902,0.42357576526159363,0.22603464000088447,True,3,Vibrant_Bright
1074,CN-27.jpg,countries,CN,CN,0.6023662745098038,0.6135050980392157,0.4689349019607843,0.5616020915032679,0.3825286274509804,0.35752829633588973,0.2783314798407559,True,2,Neutral_Colors
1075,CN-28.jpg,countries,CN,CN,0.5964207843137255,0.6084933333333333,0.5082545098039215,0.5710562091503267,0.3439611764705882,0.34813878016337363,0.2966749478042941,True,2,Neutral_Colors
1076,CN-29.jpg,countries,CN,CN,0.8201160784313726,0.7128984313725489,0.6559200000000001,0.7296448366013072,0.3711329411764706,0.3746643401590375,0.2996525009815184,True,5,Balanced_Natural
1077,CN-3.jpg,countries,CN,CN,0.23756392156862746,0.48993764705882353,0.5872219607843138,0.43824117647058825,0.682933725490196,0.18069482713228036,0.44665018994286904,True,1,Cool_Tones
1078,CN-30.jpg,countries,CN,CN,0.8389603921568627,0.7925882352941177,0.6595701960784314,0.7637062745098039,0.2772454901960784,0.3661791860647714,0.287881144104624,True,5,Balanced_Natural
1079,CN-31.jpg,countries,CN,CN,0.36821450980392156,0.30339372549019605,0.2111392156862745,0.2942491503267974,0.5304454901960785,0.41712280479787606,0.23918389825751663,True,4,Dark_Moody
1080,CN-32.jpg,countries,CN,CN,0.9547250980392157,0.9416568627450981,0.9352654901960785,0.9438824836601308,0.04152666666666666,0.33716229770989553,0.33029011418146365,True,5,Balanced_Natural
1081,CN-33.jpg,countries,CN,CN,0.34290117647058826,0.44321490196078434,0.22275333333333333,0.33628980392156865,0.6039792156862746,0.3398862455196689,0.22079479260740284,True,4,Dark_Moody
1082,CN-34.jpg,countries,CN,CN,0.26403176470588235,0.3208435294117647,0.12645411764705883,0.23710980392156863,0.6280607843137255,0.371180200282536,0.17777127978170482,True,3,Vibrant_Bright
1083,CN-35.jpg,countries,CN,CN,0.40308470588235296,0.38390274509803923,0.33860235294117647,0.3751966013071895,0.4414933333333333,0.358109451923383,0.3008218899456915,True,4,Dark_Moody
1084,CN-36.jpg,countries,CN,CN,0.6307203921568627,0.6323498039215686,0.5318454901960784,0.5983052287581699,0.3213309803921569,0.35139257269147817,0.29630650506679806,True,2,Neutral_Colors
1085,CN-4.jpg,countries,CN,CN,0.5100945098039216,0.7496623529411766,0.7918243137254902,0.6838603921568628,0.4075407843137255,0.24863469553116108,0.3859578830459984,True,2,Neutral_Colors
1086,CN-5.jpg,countries,CN,CN,0.39317411764705884,0.3762772549019608,0.2882949019607843,0.35258209150326797,0.3745635294117647,0.37170893948109596,0.27255556115177887,True,4,Dark_Moody
1087,CN-6.jpg,countries,CN,CN,0.7934313725490195,0.7561239215686274,0.657150588235294,0.7355686274509803,0.23849725490196078,0.3595544922137593,0.29779695413583673,True,5,Balanced_Natural
1088,CN-7.jpg,countries,CN,CN,0.7527501960784314,0.8223262745098039,0.8626988235294117,0.8125917647058823,0.2049662745098039,0.308785591973643,0.35388760880606784,True,5,Balanced_Natural
1089,CN-8.jpg,countries,CN,CN,0.932303137254902,0.7543756862745098,0.6905780392156863,0.7924189542483661,0.2720737254901961,0.39217585600004734,0.29049353460472016,True,5,Balanced_Natural
1090,CN-9.jpg,countries,CN,CN,0.331441568627451,0.29953843137254904,0.2351364705882353,0.28870549019607844,0.5106164705882353,0.38267507570577924,0.2714833478979926,True,4,Dark_Moody
1091,CZ-0.jpg,countries,CZ,CZ,0.5356964705882353,0.4961992156862745,0.48246392156862744,0.5047865359477125,0.4095780392156863,0.3537443247095639,0.31859249314189947,True,2,Neutral_Colors
1092,CZ-1.jpg,countries,CZ,CZ,0.1591050980392157,0.13073803921568627,0.09570117647058823,0.12851477124183006,0.5183654901960785,0.41267548164908874,0.24822290159835236,True,4,Dark_Moody
1093,CZ-10.jpg,countries,CZ,CZ,0.35552352941176474,0.4094745098039216,0.375101568627451,0.3800332026143791,0.607181568627451,0.3118352248617344,0.3290074279822329,True,4,Dark_Moody
1094,CZ-11.jpg,countries,CZ,CZ,0.2697756862745098,0.2931662745098039,0.20118156862745099,0.2547078431372549,0.34811843137254905,0.3530519907300809,0.2632837461484501,True,4,Dark_Moody
1095,CZ-12.jpg,countries,CZ,CZ,0.32821960784313725,0.3911764705882353,0.25161803921568626,0.3236713725490196,0.6498996078431373,0.3380169905474503,0.2591288586993385,True,4,Dark_Moody
1096,CZ-13.jpg,countries,CZ,CZ,0.6929011764705882,0.6686345098039216,0.522123137254902,0.6278862745098039,0.38648235294117644,0.3678483597809608,0.27718547199069116,True,2,Neutral_Colors
1097,CZ-14.jpg,countries,CZ,CZ,0.48789215686274506,0.427338431372549,0.3219862745098039,0.41240562091503263,0.4321737254901961,0.3943461952450526,0.26025026327650286,True,4,Dark_Moody
1098,CZ-15.jpg,countries,CZ,CZ,0.5340988235294117,0.5725309803921568,0.47839333333333334,0.5283410457516339,0.37001529411764705,0.3369657350798555,0.3018208506034875,True,2,Neutral_Colors
1099,CZ-16.jpg,countries,CZ,CZ,0.3364964705882353,0.3471729411764706,0.30272235294117644,0.32879725490196077,0.3877623529411765,0.3411384213554832,0.30689839156660953,True,4,Dark_Moody
1100,CZ-17.jpg,countries,CZ,CZ,0.09573921568627451,0.10293450980392158,0.08543176470588235,0.09470183006535948,0.24600745098039217,0.33698355718730433,0.3007033195437419,True,4,Dark_Moody
1101,CZ-18.jpg,countries,CZ,CZ,0.4176364705882353,0.3465250980392157,0.12138862745098039,0.29518339869281046,0.6679101960784314,0.4716118869667769,0.13707691660125007,True,3,Vibrant_Bright
1102,CZ-19.jpg,countries,CZ,CZ,0.14037019607843138,0.17013450980392159,0.06108509803921569,0.12386326797385622,0.6573694117647059,0.3777547630270721,0.16438807794637694,True,3,Vibrant_Bright
1103,CZ-2.jpg,countries,CZ,CZ,0.5702407843137255,0.6288917647058824,0.5488741176470587,0.5826688888888888,0.351264705882353,0.3262232741811347,0.3139998342763135,True,2,Neutral_Colors
1104,CZ-20.jpg,countries,CZ,CZ,0.6607450980392158,0.6136372549019607,0.29375294117647055,0.5227117647058823,0.6808498039215687,0.42135693212240927,0.18732615416044457,True,0,Warm_Tones
1105,CZ-3.jpg,countries,CZ,CZ,0.48830117647058824,0.49066901960784315,0.4106549019607843,0.4632083660130719,0.5132003921568628,0.35139033237760064,0.2955146730046484,True,4,Dark_Moody
1106,CZ-4.jpg,countries,CZ,CZ,0.46045411764705885,0.4688094117647059,0.4499250980392157,0.4597295424836602,0.1093313725490196,0.3338584546187971,0.32622424725653404,True,2,Neutral_Colors
1107,CZ-5.jpg,countries,CZ,CZ,0.6043796078431373,0.6309078431372549,0.34756352941176466,0.5276169934640523,0.5436545098039216,0.38182951743434673,0.2195805632600306,True,0,Warm_Tones
1108,CZ-6.jpg,countries,CZ,CZ,0.41568313725490197,0.5373800000000001,0.21198941176470587,0.38835084967320266,0.7160278431372549,0.3567931599407591,0.18195679670097128,True,0,Warm_Tones
1109,CZ-7.jpg,countries,CZ,CZ,0.4261627450980392,0.4616,0.32670823529411763,0.4048236601307189,0.37274549019607844,0.35090372769277883,0.26901257548043433,True,4,Dark_Moody
1110,CZ-8.jpg,countries,CZ,CZ,0.5123105882352941,0.6296588235294117,0.5694682352941177,0.5704792156862745,0.25033176470588236,0.29934499207185755,0.33274241894254986,True,2,Neutral_Colors
1111,CZ-9.jpg,countries,CZ,CZ,0.09728823529411765,0.16794941176470587,0.21324039215686275,0.1594926797385621,0.6170333333333333,0.2033281028435241,0.4456629751355511,True,1,Cool_Tones
1112,DE-0.jpg,countries,DE,DE,0.5286827450980393,0.5566713725490197,0.41964196078431376,0.5016653594771242,0.42041843137254903,0.35128489794084805,0.27883240891184846,True,2,Neutral_Colors
1113,DE-1.jpg,countries,DE,DE,0.9188949019607843,0.9030058823529412,0.5967439215686274,0.8062149019607844,0.3728180392156863,0.3799212508578471,0.2467264718091183,True,5,Balanced_Natural
1114,DE-10.jpg,countries,DE,DE,0.5650372549019608,0.5540388235294118,0.4186341176470588,0.5125700653594771,0.4131827450980392,0.3674534310102929,0.2722449564747178,True,2,Neutral_Colors
1115,DE-100.jpg,countries,DE,DE,0.44650901960784317,0.48294627450980393,0.20516039215686274,0.3782052287581699,0.5877478431372549,0.39353292174288945,0.18081912124040994,True,0,Warm_Tones
1116,DE-101.jpg,countries,DE,DE,0.2588607843137255,0.323558431372549,0.38736,0.3232597385620915,0.6970647058823529,0.2669272688044477,0.3994307099015016,True,1,Cool_Tones
1117,DE-102.jpg,countries,DE,DE,0.26349803921568626,0.21774509803921568,0.2044529411764706,0.2285653594771242,0.38655098039215685,0.38427761690114626,0.29816802143037435,True,4,Dark_Moody
1118,DE-103.jpg,countries,DE,DE,0.04647647058823529,0.052368235294117646,0.04972313725490196,0.04952261437908497,0.256818431372549,0.3128278420078841,0.3346807863945294,True,4,Dark_Moody
1119,DE-104.jpg,countries,DE,DE,0.38968509803921564,0.3752121568627451,0.15868117647058824,0.307859477124183,0.6758788235294118,0.42192916472825426,0.17181107664423526,True,3,Vibrant_Bright
1120,DE-105.jpg,countries,DE,DE,0.7066133333333333,0.8039788235294117,0.7941207843137255,0.7682376470588235,0.2190380392156863,0.306594810188302,0.34456370924209206,True,5,Balanced_Natural
1121,DE-106.jpg,countries,DE,DE,0.3219729411764706,0.4217627450980392,0.32184627450980396,0.3551939869281046,0.5492113725490196,0.30215661569840135,0.3020377449287586,True,4,Dark_Moody
1122,DE-107.jpg,countries,DE,DE,0.5064121568627451,0.5384333333333333,0.20715176470588237,0.41733241830065354,0.6538027450980392,0.40448311719284336,0.16545691169681676,True,0,Warm_Tones
1123,DE-108.jpg,countries,DE,DE,0.24636941176470586,0.21644,0.20064235294117647,0.2211505882352941,0.2779454901960784,0.3713443139752757,0.30242145879085147,True,4,Dark_Moody
1124,DE-109.jpg,countries,DE,DE,0.5619788235294118,0.6457349019607843,0.5513576470588236,0.5863571241830066,0.5102207843137255,0.31947453231561185,0.31343659059340895,True,2,Neutral_Colors
1125,DE-11.jpg,countries,DE,DE,0.6221141176470589,0.6791541176470589,0.6686517647058824,0.65664,0.32327960784313725,0.31580663267565495,0.33943075113463045,True,2,Neutral_Colors
1126,DE-110.jpg,countries,DE,DE,0.3805949019607843,0.36668039215686277,0.25927803921568626,0.33551777777777775,0.35605647058823525,0.3781165997273051,0.25758971039054984,True,4,Dark_Moody
1127,DE-111.jpg,countries,DE,DE,0.34186,0.45443764705882356,0.44105529411764705,0.41245098039215683,0.5982505882352941,0.27628311400936834,0.3564503893674058,True,1,Cool_Tones
1128,DE-112.jpg,countries,DE,DE,0.7836133333333334,0.5651188235294118,0.5635549019607843,0.637429019607843,0.3882011764705882,0.40977787301324525,0.29470188832716576,True,2,Neutral_Colors
1129,DE-113.jpg,countries,DE,DE,0.6675831372549019,0.5965623529411764,0.33038392156862745,0.5315098039215687,0.5977054901960784,0.4186706834371828,0.2071982566973956,True,0,Warm_Tones
1130,DE-114.jpg,countries,DE,DE,0.2809901960784314,0.40700156862745096,0.2529521568627451,0.3136479738562092,0.6288047058823529,0.2986255514403533,0.268827803907007,True,4,Dark_Moody
1131,DE-115.jpg,countries,DE,DE,0.592095294117647,0.6070890196078432,0.5471772549019608,0.5821205228758171,0.388538431372549,0.33904488377977704,0.313323971053739,True,2,Neutral_Colors
1132,DE-116.jpg,countries,DE,DE,0.4743964705882353,0.424396862745098,0.3050952941176471,0.40129620915032677,0.46823843137254906,0.3940531256114271,0.2534246389045078,True,4,Dark_Moody
1133,DE-117.jpg,countries,DE,DE,0.6472674509803922,0.5731262745098039,0.4623262745098039,0.5609066666666666,0.3729478431372549,0.38465524051841765,0.2747492154134904,True,2,Neutral_Colors
1134,DE-118.jpg,countries,DE,DE,0.6592145098039216,0.6525145098039216,0.6356819607843137,0.6491369934640523,0.1443098039215686,0.3385079872370783,0.3264239756070024,True,2,Neutral_Colors
1135,DE-119.jpg,countries,DE,DE,0.4265066666666667,0.5188415686274509,0.45553019607843137,0.46695947712418295,0.4758792156862745,0.3044563701308581,0.3251744481908151,True,1,Cool_Tones
1136,DE-12.jpg,countries,DE,DE,0.2653478431372549,0.24552,0.14099450980392159,0.21728745098039215,0.5140278431372549,0.40706053184308955,0.21629457948166753,True,4,Dark_Moody
1137,DE-120.jpg,countries,DE,DE,0.24595725490196077,0.34215058823529415,0.3502611764705882,0.31278967320261436,0.5625670588235294,0.26211116058966744,0.3732655233560923,True,1,Cool_Tones
1138,DE-121.jpg,countries,DE,DE,0.2894376470588235,0.2208505882352941,0.13146392156862743,0.213917385620915,0.6443564705882353,0.45101086603727764,0.20485122692858726,True,3,Vibrant_Bright
1139,DE-122.jpg,countries,DE,DE,0.4031709803921569,0.5564368627450981,0.5172533333333333,0.49228705882352947,0.48823372549019606,0.272991608029164,0.3502380530656338,True,1,Cool_Tones
1140,DE-123.jpg,countries,DE,DE,0.5646580392156862,0.516112156862745,0.5166172549019609,0.5324624836601307,0.20218196078431372,0.353488244433675,0.32341366596515,True,2,Neutral_Colors
1141,DE-124.jpg,countries,DE,DE,0.34094588235294115,0.55544,0.4184678431372549,0.43828457516339864,0.4549537254901961,0.25930308173462424,0.318261656610957,True,1,Cool_Tones
1142,DE-125.jpg,countries,DE,DE,0.7237984313725491,0.43889254901960784,0.2720211764705882,0.478237385620915,0.7921894117647058,0.504489993634172,0.1895996946632948,True,3,Vibrant_Bright
1143,DE-126.jpg,countries,DE,DE,0.48303333333333337,0.44510666666666665,0.3991650980392157,0.44243503267973855,0.43876352941176466,0.36392007393539605,0.3007332661462859,True,4,Dark_Moody
1144,DE-127.jpg,countries,DE,DE,0.48757529411764705,0.6646988235294118,0.47868078431372546,0.5436516339869281,0.4153929411764706,0.29895062983092885,0.29349707354946936,True,2,Neutral_Colors
1145,DE-128.jpg,countries,DE,DE,0.798607843137255,0.773724705882353,0.5913313725490196,0.7212213071895425,0.3354819607843137,0.36909959355364286,0.2733008085745146,True,5,Balanced_Natural
1146,DE-129.jpg,countries,DE,DE,0.6353117647058824,0.759218431372549,0.6339392156862745,0.6761564705882352,0.36717686274509803,0.3131974521399013,0.31252080977349195,True,2,Neutral_Colors
1147,DE-13.jpg,countries,DE,DE,0.33853372549019606,0.2338164705882353,0.2306427450980392,0.2676643137254902,0.6466666666666667,0.42158938957149356,0.2872284998316716,True,4,Dark_Moody
1148,DE-130.jpg,countries,DE,DE,0.22730313725490195,0.3358788235294118,0.31837882352941177,0.2938535947712418,0.6887345098039215,0.25784141429389656,0.36115315930721975,True,1,Cool_Tones
1149,DE-131.jpg,countries,DE,DE,0.8765709803921569,0.6962423529411764,0.38027960784313725,0.6510309803921569,0.56618,0.448811479013725,0.19470625545746717,True,0,Warm_Tones
1150,DE-132.jpg,countries,DE,DE,0.5706788235294118,0.639310980392157,0.6917266666666666,0.6339054901960784,0.36137019607843135,0.30008601822061964,0.36373787240472855,True,2,Neutral_Colors
1151,DE-133.jpg,countries,DE,DE,0.7025188235294118,0.6995611764705882,0.5951729411764706,0.6657509803921569,0.23978823529411766,0.3517423643763583,0.29799562734916296,True,2,Neutral_Colors
1152,DE-134.jpg,countries,DE,DE,0.838398431372549,0.7472098039215687,0.7051007843137255,0.7635696732026144,0.23104470588235296,0.3659993732057269,0.30780883580997076,True,5,Balanced_Natural
1153,DE-135.jpg,countries,DE,DE,0.39971411764705883,0.5275764705882353,0.521776862745098,0.48302248366013073,0.5121466666666666,0.27584212283182713,0.36007744312705237,True,1,Cool_Tones
1154,DE-136.jpg,countries,DE,DE,0.7087129411764705,0.6933258823529412,0.6389835294117647,0.6803407843137256,0.18708588235294116,0.347234116726393,0.313070170652859,True,5,Balanced_Natural
1155,DE-137.jpg,countries,DE,DE,0.3800592156862745,0.33365607843137257,0.2118913725490196,0.3085355555555555,0.4828749019607843,0.41060508612137814,0.22892136720527698,True,4,Dark_Moody
1156,DE-138.jpg,countries,DE,DE,0.41525686274509804,0.4372858823529412,0.27548980392156863,0.3760108496732026,0.5649898039215686,0.3681245678428665,0.24422128593693096,True,4,Dark_Moody
1157,DE-139.jpg,countries,DE,DE,0.5436035294117647,0.5028764705882353,0.39626980392156863,0.4809166013071895,0.45858941176470586,0.37678269035386125,0.274662681070397,True,0,Warm_Tones
1158,DE-14.jpg,countries,DE,DE,0.37400627450980395,0.3833149019607843,0.3046223529411765,0.35398117647058824,0.47173098039215683,0.35219002890572315,0.28685335674728113,True,4,Dark_Moody
1159,DE-140.jpg,countries,DE,DE,0.9073019607843137,0.8433545098039216,0.633066274509804,0.7945742483660131,0.3117972549019608,0.38062378773971456,0.26557870886324825,True,5,Balanced_Natural
1160,DE-141.jpg,countries,DE,DE,0.3641662745098039,0.25486784313725486,0.2048756862745098,0.27463660130718953,0.57604,0.4419972074361466,0.248662458726555,True,3,Vibrant_Bright
1161,DE-142.jpg,countries,DE,DE,0.42760745098039216,0.42273803921568626,0.4433756862745098,0.4312403921568628,0.756346274509804,0.3305249448123018,0.34271321489138096,True,1,Cool_Tones
1162,DE-143.jpg,countries,DE,DE,0.7968956862745098,0.6677333333333333,0.4520227450980392,0.6388839215686274,0.45001254901960785,0.41577467809971125,0.23583966455572553,True,0,Warm_Tones
1163,DE-144.jpg,countries,DE,DE,0.6749384313725489,0.6589592156862746,0.6333145098039216,0.655737385620915,0.24784196078431373,0.34309369527038003,0.321934868925904,True,2,Neutral_Colors
1164,DE-145.jpg,countries,DE,DE,0.7905066666666666,0.7140588235294117,0.5501474509803922,0.6849043137254901,0.3618486274509804,0.3847283316791266,0.2677489259966735,True,2,Neutral_Colors
1165,DE-146.jpg,countries,DE,DE,0.5001913725490196,0.526596862745098,0.5197670588235295,0.515518431372549,0.4336556862745098,0.32342267426766547,0.3360802712455229,True,2,Neutral_Colors
1166,DE-147.jpg,countries,DE,DE,0.5799270588235295,0.5945078431372549,0.5228196078431372,0.565751503267974,0.44981529411764704,0.34168518262198866,0.30803824457964896,True,2,Neutral_Colors
1167,DE-148.jpg,countries,DE,DE,0.8244815686274509,0.7367254901960785,0.6642458823529411,0.7418176470588236,0.20745254901960783,0.37047792963605186,0.2984765804686985,True,5,Balanced_Natural
1168,DE-149.jpg,countries,DE,DE,0.3147086274509804,0.317878431372549,0.3712619607843137,0.334616339869281,0.5576105882352941,0.3135016399899282,0.3698380769363817,True,1,Cool_Tones
1169,DE-15.jpg,countries,DE,DE,0.4988839215686275,0.4985592156862745,0.48494588235294117,0.49412967320261436,0.09135960784313726,0.3365402592906043,0.32713784897258724,True,2,Neutral_Colors
1170,DE-150.jpg,countries,DE,DE,0.5827815686274509,0.5551576470588235,0.5232301960784314,0.553723137254902,0.1671529411764706,0.35082587824830475,0.31497683342589156,True,2,Neutral_Colors
1171,DE-151.jpg,countries,DE,DE,0.6019235294117647,0.6478145098039215,0.6361309803921569,0.6286230065359477,0.18554666666666667,0.31917551217921775,0.33731432907790593,True,2,Neutral_Colors
1172,DE-152.jpg,countries,DE,DE,0.41509411764705884,0.37904039215686275,0.34080313725490197,0.3783125490196079,0.18979098039215686,0.36574145987782597,0.3002833132329119,True,4,Dark_Moody
1173,DE-153.jpg,countries,DE,DE,0.7232019607843138,0.7182917647058824,0.5581074509803922,0.6665337254901962,0.32477372549019606,0.3616729213911971,0.2791092436023867,True,2,Neutral_Colors
1174,DE-154.jpg,countries,DE,DE,0.6624670588235294,0.6870454901960784,0.6860501960784314,0.6785209150326798,0.12886039215686274,0.3254464815552228,0.33703203730688813,True,5,Balanced_Natural
1175,DE-155.jpg,countries,DE,DE,0.3695541176470588,0.44002588235294116,0.16561882352941176,0.3250662745098039,0.7548286274509804,0.37895219905760485,0.16983065371157416,True,3,Vibrant_Bright
1176,DE-156.jpg,countries,DE,DE,0.31346823529411766,0.40839725490196077,0.3878062745098039,0.3698905882352941,0.5642407843137256,0.28248709463208477,0.349478050506711,True,1,Cool_Tones
1177,DE-157.jpg,countries,DE,DE,0.823201568627451,0.653204705882353,0.3081505882352941,0.5948522875816994,0.6422372549019608,0.4612916094304503,0.17267615394733188,True,0,Warm_Tones
1178,DE-158.jpg,countries,DE,DE,0.3648090196078432,0.42975490196078436,0.4582866666666667,0.41761686274509807,0.30252392156862745,0.2911829485898608,0.3657948562863595,True,1,Cool_Tones
1179,DE-159.jpg,countries,DE,DE,0.6506023529411765,0.7344517647058824,0.4728145098039216,0.6192895424836602,0.47924470588235296,0.3501873023425281,0.2544928356747124,True,2,Neutral_Colors
1180,DE-16.jpg,countries,DE,DE,0.38698470588235295,0.4870027450980392,0.3855819607843137,0.4198564705882353,0.5843262745098039,0.3072354687501533,0.3061217992919497,True,4,Dark_Moody
1181,DE-160.jpg,countries,DE,DE,0.44347607843137254,0.41393568627450983,0.38498901960784315,0.41413359477124184,0.22687960784313727,0.35695061294228475,0.3098748122134277,True,4,Dark_Moody
1182,DE-161.jpg,countries,DE,DE,0.559221568627451,0.5657419607843137,0.45703607843137256,0.5273332026143791,0.45580549019607847,0.3534901098362286,0.28889753655308953,True,2,Neutral_Colors
1183,DE-162.jpg,countries,DE,DE,0.5645996078431373,0.5067086274509804,0.3912749019607843,0.4875277124183007,0.4046933333333333,0.3860288057703294,0.2675230039723808,True,0,Warm_Tones
1184,DE-163.jpg,countries,DE,DE,0.6888850980392156,0.6760874509803921,0.6968866666666667,0.6872864052287581,0.1140643137254902,0.3341085359707207,0.3379892881994977,True,5,Balanced_Natural
1185,DE-164.jpg,countries,DE,DE,0.7114074509803922,0.6559254901960784,0.608787843137255,0.6587069281045751,0.2777772549019608,0.3600018261159204,0.30807202671908046,True,2,Neutral_Colors
1186,DE-165.jpg,countries,DE,DE,0.4431690196078431,0.4408137254901961,0.39674745098039216,0.4269100653594771,0.11788078431372549,0.3460281290600371,0.30978198406911883,True,2,Neutral_Colors
1187,DE-166.jpg,countries,DE,DE,0.7122129411764705,0.6785694117647059,0.6723956862745099,0.6877260130718955,0.16877098039215685,0.3452017142667448,0.3259027323824111,True,5,Balanced_Natural
1188,DE-167.jpg,countries,DE,DE,0.6328294117647059,0.5195176470588235,0.5804086274509804,0.5775852287581699,0.3113003921568628,0.36521539162276284,0.33496256690192333,True,2,Neutral_Colors
1189,DE-168.jpg,countries,DE,DE,0.3272066666666667,0.27843960784313726,0.15172039215686273,0.25245555555555554,0.5176717647058824,0.4320314704042907,0.2003259431771307,True,3,Vibrant_Bright
1190,DE-169.jpg,countries,DE,DE,0.8995839215686274,0.8984509803921569,0.8960407843137255,0.8980252287581699,0.053426666666666664,0.33391177250140286,0.3325966142236325,True,5,Balanced_Natural
1191,DE-17.jpg,countries,DE,DE,0.6705909803921568,0.6620964705882353,0.6196227450980393,0.6507700653594771,0.26285019607843135,0.34348570132628425,0.31737908707518714,True,2,Neutral_Colors
1192,DE-170.jpg,countries,DE,DE,0.2252580392156863,0.24960509803921568,0.2067764705882353,0.22721320261437908,0.4373113725490196,0.3304645243018207,0.3033511621945795,True,4,Dark_Moody
1193,DE-171.jpg,countries,DE,DE,0.8419858823529411,0.8186176470588236,0.7124003921568628,0.7910013071895424,0.23630039215686274,0.3548184307162596,0.3002102463765413,True,5,Balanced_Natural
1194,DE-172.jpg,countries,DE,DE,0.39648196078431375,0.5781317647058823,0.5874470588235294,0.5206869281045752,0.40071098039215686,0.25381964066069496,0.37607158994778034,True,1,Cool_Tones
1195,DE-173.jpg,countries,DE,DE,0.8429282352941176,0.8168352941176471,0.389761568627451,0.6831750326797387,0.5580972549019607,0.4112795812166276,0.1901715567322301,True,0,Warm_Tones
1196,DE-174.jpg,countries,DE,DE,0.4266611764705882,0.6380403921568627,0.26700392156862746,0.44390183006535944,0.725964705882353,0.32038679664898784,0.20049757475411437,True,0,Warm_Tones
1197,DE-175.jpg,countries,DE,DE,0.5727164705882353,0.6152988235294117,0.5854654901960784,0.5911602614379085,0.37870941176470585,0.3229333820363181,0.33012207702073065,True,2,Neutral_Colors
1198,DE-176.jpg,countries,DE,DE,0.5367733333333333,0.5402254901960784,0.3777501960784314,0.484916339869281,0.4770886274509804,0.3689797739119683,0.2596667406681057,True,0,Warm_Tones
1199,DE-177.jpg,countries,DE,DE,0.8548843137254901,0.860543137254902,0.5564662745098039,0.7572979084967321,0.39231490196078433,0.3762869397661177,0.2449348855236845,True,5,Balanced_Natural
1200,DE-178.jpg,countries,DE,DE,0.7368227450980392,0.6804741176470589,0.5632596078431373,0.6601854901960785,0.27221960784313726,0.3720279547753791,0.28439447792234296,True,2,Neutral_Colors
1201,DE-179.jpg,countries,DE,DE,0.6469164705882352,0.6324941176470589,0.6199317647058824,0.6331141176470588,0.24932980392156862,0.3406000655892313,0.3263926786833481,True,2,Neutral_Colors
1202,DE-18.jpg,countries,DE,DE,0.49990705882352937,0.44970235294117644,0.29413372549019606,0.41458104575163396,0.4710392156862745,0.4019372183147625,0.23649054229062402,True,0,Warm_Tones
1203,DE-180.jpg,countries,DE,DE,0.6417172549019607,0.6191219607843138,0.5756321568627452,0.6121571241830065,0.32236000000000004,0.34942929961492347,0.31344449579917666,True,2,Neutral_Colors
1204,DE-181.jpg,countries,DE,DE,0.4754713725490196,0.433244705882353,0.3153207843137255,0.4080122875816994,0.47422313725490195,0.38844498770871355,0.2576070511467422,True,4,Dark_Moody
1205,DE-182.jpg,countries,DE,DE,0.8337713725490197,0.7023639215686275,0.6329576470588235,0.7230309803921569,0.33721843137254903,0.384386935356428,0.29180739249841836,True,5,Balanced_Natural
1206,DE-183.jpg,countries,DE,DE,0.6132039215686275,0.5968282352941177,0.5204956862745098,0.5768426143790849,0.23012313725490194,0.354344814303677,0.3007726154571972,True,2,Neutral_Colors
1207,DE-184.jpg,countries,DE,DE,0.7772560784313726,0.7802498039215686,0.698512156862745,0.7520060130718954,0.2502447058823529,0.3445254959823338,0.3096215699959631,True,5,Balanced_Natural
1208,DE-185.jpg,countries,DE,DE,0.4347949019607843,0.33189843137254904,0.15840117647058824,0.3083648366013072,0.6588294117647059,0.47000001335315217,0.17122683527472976,True,3,Vibrant_Bright
1209,DE-186.jpg,countries,DE,DE,0.367963137254902,0.44674823529411767,0.21951843137254903,0.34474326797385624,0.6585290196078432,0.35578435283465665,0.21225284582530798,True,4,Dark_Moody
1210,DE-187.jpg,countries,DE,DE,0.38620039215686275,0.34707921568627453,0.19095921568627452,0.30807960784313726,0.6725603921568628,0.4178573378087866,0.20661219179785503,True,3,Vibrant_Bright
1211,DE-188.jpg,countries,DE,DE,0.752223137254902,0.7390541176470589,0.6681603921568627,0.7198125490196078,0.16476666666666667,0.3483419815049792,0.30941392711800525,True,5,Balanced_Natural
1212,DE-189.jpg,countries,DE,DE,0.5127933333333333,0.6328635294117647,0.48874666666666666,0.5448011764705882,0.45147490196078427,0.3137493344550947,0.2990365346347703,True,2,Neutral_Colors
1213,DE-19.jpg,countries,DE,DE,0.6909533333333333,0.6493250980392157,0.56694,0.635739477124183,0.3996835294117647,0.3622830818350472,0.297259974743439,True,2,Neutral_Colors
1214,DE-190.jpg,countries,DE,DE,0.2840639215686275,0.2437870588235294,0.17150235294117647,0.23311777777777778,0.5081235294117646,0.40618025517149975,0.24522955641633704,True,4,Dark_Moody
1215,DE-191.jpg,countries,DE,DE,0.6899384313725491,0.7424082352941176,0.6956733333333334,0.7093400000000001,0.31360313725490196,0.3242159881751867,0.326910934306256,True,5,Balanced_Natural
1216,DE-192.jpg,countries,DE,DE,0.4372227450980392,0.41901176470588236,0.3123792156862745,0.38953790849673203,0.3903262745098039,0.37413763112957393,0.26730727319497155,True,4,Dark_Moody
1217,DE-193.jpg,countries,DE,DE,0.6945956862745098,0.6233470588235294,0.5573317647058823,0.6250915032679738,0.5245650980392157,0.37039660713488265,0.2971999377116362,True,2,Neutral_Colors
1218,DE-194.jpg,countries,DE,DE,0.4230941176470588,0.469481568627451,0.2458913725490196,0.37948901960784315,0.6037231372549019,0.3716345964807093,0.21598442805950913,True,0,Warm_Tones
1219,DE-195.jpg,countries,DE,DE,0.32184156862745095,0.35938509803921564,0.36085215686274513,0.3473596078431373,0.4518921568627451,0.3088454083463667,0.34628072506056,True,4,Dark_Moody
1220,DE-196.jpg,countries,DE,DE,0.40682980392156864,0.4279627450980392,0.31804941176470586,0.3842806535947712,0.5101129411764705,0.3528926469263343,0.2758826853124274,True,4,Dark_Moody
1221,DE-197.jpg,countries,DE,DE,0.7596105882352941,0.8529956862745098,0.8600674509803922,0.8242245751633988,0.20016392156862745,0.3072019867411816,0.3478287872295406,True,5,Balanced_Natural
1222,DE-198.jpg,countries,DE,DE,0.5413309803921569,0.5257529411764706,0.5037913725490196,0.5236250980392158,0.14457176470588234,0.3446044621204368,0.3207072220998768,True,2,Neutral_Colors
1223,DE-199.jpg,countries,DE,DE,0.14607137254901958,0.2422443137254902,0.13174470588235296,0.17335346405228758,0.683718431372549,0.2808733252495717,0.2533252955693655,True,4,Dark_Moody
1224,DE-2.jpg,countries,DE,DE,0.3300592156862745,0.2942945098039216,0.21835882352941177,0.28090418300653597,0.5305647058823529,0.3916624054167127,0.2591139347212882,True,4,Dark_Moody
1225,DE-20.jpg,countries,DE,DE,0.381901568627451,0.3525125490196078,0.26281921568627453,0.33241111111111116,0.3801635294117647,0.3829607102985667,0.2635481018867259,True,4,Dark_Moody
1226,DE-200.jpg,countries,DE,DE,0.9585450980392157,0.7177407843137255,0.8198435294117647,0.8320431372549019,0.2625972549019608,0.3840124272038923,0.32844579175338623,True,5,Balanced_Natural
1227,DE-201.jpg,countries,DE,DE,0.5491474509803922,0.4583862745098039,0.2646878431372549,0.42407385620915033,0.607815294117647,0.4316441670837871,0.20805152310952624,True,0,Warm_Tones
1228,DE-202.jpg,countries,DE,DE,0.3662066666666667,0.2459705882352941,0.20721450980392156,0.2731305882352941,0.6620105882352941,0.44692445728162494,0.25288789299756675,True,3,Vibrant_Bright
1229,DE-203.jpg,countries,DE,DE,0.5830509803921569,0.6674564705882353,0.5458878431372549,0.5987984313725491,0.3493039215686275,0.3245670135823452,0.3038794084160499,True,2,Neutral_Colors
1230,DE-204.jpg,countries,DE,DE,0.19426039215686275,0.23936078431372548,0.2172486274509804,0.21695660130718952,0.45619098039215683,0.2984622923419247,0.3337814911070421,True,4,Dark_Moody
1231,DE-205.jpg,countries,DE,DE,0.4339309803921569,0.45274235294117643,0.3957454901960784,0.42747294117647056,0.3409423529411764,0.338368896386765,0.3085927735481564,True,4,Dark_Moody
1232,DE-206.jpg,countries,DE,DE,0.34691215686274507,0.5413450980392157,0.37928980392156864,0.4225156862745098,0.7575870588235294,0.27368757693079543,0.2992311031375057,True,1,Cool_Tones
1233,DE-207.jpg,countries,DE,DE,0.505187843137255,0.48660901960784314,0.3744380392156863,0.45541163398692813,0.27559607843137257,0.36976618928855787,0.27406543678020984,True,2,Neutral_Colors
1234,DE-208.jpg,countries,DE,DE,0.586181568627451,0.5586498039215687,0.5407349019607843,0.5618554248366013,0.3831541176470588,0.3477651574588882,0.32080291907544345,True,2,Neutral_Colors
1235,DE-209.jpg,countries,DE,DE,0.44586549019607846,0.4331278431372549,0.45008588235294117,0.4430264052287582,0.21898352941176472,0.3354692101603924,0.33864463336438877,True,2,Neutral_Colors
1236,DE-21.jpg,countries,DE,DE,0.8793458823529412,0.873861568627451,0.8349956862745098,0.8627343790849674,0.08059058823529411,0.3397513626129938,0.3226158533075068,True,5,Balanced_Natural
1237,DE-210.jpg,countries,DE,DE,0.42451803921568626,0.29623803921568626,0.24575058823529414,0.3221688888888889,0.5101149019607842,0.4392288378630067,0.2542665689169848,True,4,Dark_Moody
1238,DE-211.jpg,countries,DE,DE,0.6620101960784314,0.7268701960784314,0.6177827450980392,0.6688877124183007,0.3715792156862745,0.32990582917580574,0.30786554343028233,True,2,Neutral_Colors
1239,DE-212.jpg,countries,DE,DE,0.4570254901960784,0.3115772549019608,0.24855490196078434,0.33905254901960785,0.637361568627451,0.4493158383086017,0.24436198097464548,True,3,Vibrant_Bright
1240,DE-213.jpg,countries,DE,DE,0.580058431372549,0.5481215686274509,0.36211372549019605,0.49676457516339867,0.6345945098039215,0.3892239712394828,0.24298128369949615,True,0,Warm_Tones
1241,DE-214.jpg,countries,DE,DE,0.39556313725490194,0.616252156862745,0.44639803921568627,0.4860711111111111,0.8259898039215686,0.2712654293766842,0.3061264925268322,True,1,Cool_Tones
1242,DE-215.jpg,countries,DE,DE,0.3523219607843137,0.4098309803921569,0.43587607843137255,0.39934300653594773,0.44967490196078436,0.2940844177674621,0.3638273426354124,True,1,Cool_Tones
1243,DE-216.jpg,countries,DE,DE,0.7553560784313725,0.6290517647058823,0.20751019607843138,0.5306393464052287,0.7747682352941176,0.47449402879403013,0.13035222958365297,True,0,Warm_Tones
1244,DE-217.jpg,countries,DE,DE,0.515381568627451,0.31767764705882356,0.1477529411764706,0.32693738562091507,0.7638576470588235,0.5254635554400229,0.1506433107494979,True,3,Vibrant_Bright
1245,DE-218.jpg,countries,DE,DE,0.6955596078431373,0.6536141176470589,0.5989172549019607,0.649363660130719,0.24238352941176472,0.35704659474195827,0.30743787302147657,True,2,Neutral_Colors
1246,DE-219.jpg,countries,DE,DE,0.7440082352941177,0.6706266666666667,0.4715949019607843,0.6287432679738563,0.44372,0.3944417797372873,0.2500197223904491,True,2,Neutral_Colors
1247,DE-22.jpg,countries,DE,DE,0.5188054901960785,0.5019509803921569,0.35049529411764707,0.45708392156862754,0.47953098039215686,0.37834417078266097,0.2556022515606918,True,0,Warm_Tones
1248,DE-220.jpg,countries,DE,DE,0.39489529411764707,0.4552745098039216,0.22965019607843137,0.35994,0.5353188235294118,0.36570440296831336,0.21267431924219976,True,4,Dark_Moody
1249,DE-221.jpg,countries,DE,DE,0.0797721568627451,0.31181176470588234,0.29393098039215687,0.2285049673202614,0.7246505882352942,0.11636806182697211,0.42877339468191,True,1,Cool_Tones
1250,DE-222.jpg,countries,DE,DE,0.8664498039215687,0.8026125490196079,0.5607227450980392,0.7432616993464052,0.37827764705882355,0.3885797856052156,0.25146929814977154,True,5,Balanced_Natural
1251,DE-223.jpg,countries,DE,DE,0.6377705882352941,0.6746019607843138,0.6526541176470587,0.6550088888888889,0.2776137254901961,0.3245606151271971,0.33213482370666814,True,2,Neutral_Colors
1252,DE-224.jpg,countries,DE,DE,0.48004431372549017,0.5192905882352941,0.47315450980392154,0.4908298039215686,0.308778431372549,0.3260084479261099,0.3213294334710605,True,2,Neutral_Colors
1253,DE-225.jpg,countries,DE,DE,0.25345215686274514,0.39372117647058824,0.41898705882352943,0.3553867973856209,0.7250513725490196,0.23772400569674268,0.3929865233404405,True,1,Cool_Tones
1254,DE-226.jpg,countries,DE,DE,0.38342,0.40682627450980396,0.323476862745098,0.37124104575163397,0.5906788235294117,0.34426837595982296,0.29044612747857035,True,4,Dark_Moody
1255,DE-227.jpg,countries,DE,DE,0.6135560784313725,0.6554101960784314,0.37258,0.547182091503268,0.49887647058823525,0.3737669258502418,0.22696879083866725,True,0,Warm_Tones
1256,DE-228.jpg,countries,DE,DE,0.5719701960784314,0.6375866666666666,0.42110156862745096,0.5435528104575164,0.4123619607843137,0.3507600576025835,0.2582400472629676,True,2,Neutral_Colors
1257,DE-229.jpg,countries,DE,DE,0.5464447058823529,0.543964705882353,0.483841568627451,0.5247503267973856,0.3029749019607843,0.34711387547133965,0.30734696519608173,True,2,Neutral_Colors
1258,DE-23.jpg,countries,DE,DE,0.4247549019607843,0.5280160784313725,0.4620580392156863,0.47160967320261443,0.4959113725490196,0.3002162069465533,0.3265820153743682,True,1,Cool_Tones
1259,DE-230.jpg,countries,DE,DE,0.42115725490196076,0.39082941176470587,0.38224862745098037,0.398078431372549,0.5303635294117648,0.3526582276693657,0.3200778852006018,True,4,Dark_Moody
1260,DE-231.jpg,countries,DE,DE,0.5454070588235295,0.5034607843137254,0.42229764705882356,0.49038849673202617,0.4047349019607843,0.37073102361843296,0.2870495282981462,True,2,Neutral_Colors
1261,DE-232.jpg,countries,DE,DE,0.3321466666666667,0.5082211764705882,0.5783423529411765,0.47290339869281045,0.5692521568627451,0.23411859128537144,0.4076533367325338,True,1,Cool_Tones
1262,DE-233.jpg,countries,DE,DE,0.41756705882352946,0.4508043137254902,0.3167145098039216,0.39502862745098044,0.4546807843137255,0.3523514309722737,0.2672500341705732,True,4,Dark_Moody
1263,DE-234.jpg,countries,DE,DE,0.7868733333333334,0.6886976470588235,0.3539843137254902,0.6098517647058824,0.5244325490196079,0.4300897085611811,0.1934809630420302,True,0,Warm_Tones
1264,DE-235.jpg,countries,DE,DE,0.350978431372549,0.5188905882352942,0.21272627450980391,0.3608650980392157,0.6995760784313725,0.3242006584352928,0.1964964000575885,True,4,Dark_Moody
1265,DE-236.jpg,countries,DE,DE,0.47184627450980393,0.5191623529411765,0.4760407843137255,0.48901647058823533,0.21262627450980393,0.32162921650539805,0.32448836147429927,True,2,Neutral_Colors
1266,DE-237.jpg,countries,DE,DE,0.36919215686274515,0.44302117647058825,0.390158431372549,0.4007905882352942,0.537661568627451,0.30705299363051924,0.32449040998361883,True,4,Dark_Moody
1267,DE-238.jpg,countries,DE,DE,0.336258431372549,0.5039070588235294,0.39189450980392154,0.41068666666666664,0.5051686274509805,0.27292352519278595,0.31808044390977525,True,1,Cool_Tones
1268,DE-239.jpg,countries,DE,DE,0.6332101960784314,0.7120035294117647,0.611855294117647,0.652356339869281,0.3770886274509804,0.32355009771459986,0.31263842784748724,True,2,Neutral_Colors
1269,DE-24.jpg,countries,DE,DE,0.695315294117647,0.6561117647058824,0.4927345098039216,0.6147205228758169,0.3851380392156863,0.37703579171718427,0.2671860486630783,True,2,Neutral_Colors
1270,DE-240.jpg,countries,DE,DE,0.6068109803921569,0.5169427450980393,0.3848764705882353,0.5028767320261438,0.4945717647058823,0.40222619151023425,0.2551163409511162,True,0,Warm_Tones
1271,DE-241.jpg,countries,DE,DE,0.6907286274509804,0.6902807843137255,0.5438423529411764,0.6416172549019609,0.3004537254901961,0.3588475129714785,0.2825371181178502,True,2,Neutral_Colors
1272,DE-242.jpg,countries,DE,DE,0.42265137254901963,0.47206156862745097,0.2349521568627451,0.3765550326797386,0.5411568627450981,0.3741383168731222,0.20798371949955505,True,0,Warm_Tones
1273,DE-243.jpg,countries,DE,DE,0.4736337254901961,0.5707866666666667,0.5454619607843137,0.5299607843137255,0.39169176470588235,0.29790470138202646,0.3430830065458866,True,2,Neutral_Colors
1274,DE-244.jpg,countries,DE,DE,0.36415686274509806,0.4096050980392157,0.26262392156862746,0.34546196078431374,0.5013454901960784,0.3513715475810939,0.25340336320388795,True,4,Dark_Moody
1275,DE-245.jpg,countries,DE,DE,0.46462,0.4008592156862745,0.2885149019607843,0.3846647058823529,0.46556549019607846,0.40261868780462273,0.2500139710721242,True,4,Dark_Moody
1276,DE-246.jpg,countries,DE,DE,0.4877772549019608,0.48486823529411766,0.40649254901960785,0.45971267973856206,0.4360407843137255,0.35368243594885024,0.2947437041959014,True,4,Dark_Moody
1277,DE-247.jpg,countries,DE,DE,0.4510470588235294,0.5002729411764706,0.3659498039215686,0.4390899346405228,0.4008513725490196,0.34241027545797276,0.2778090904559042,True,4,Dark_Moody
1278,DE-248.jpg,countries,DE,DE,0.5141929411764706,0.4986011764705882,0.5031329411764706,0.505309019607843,0.06215058823529412,0.3391934981238634,0.3318976373898234,True,2,Neutral_Colors
1279,DE-249.jpg,countries,DE,DE,0.37483176470588236,0.3357058823529412,0.2232992156862745,0.31127895424836605,0.4379462745098039,0.40138848472478034,0.2391198992830157,True,4,Dark_Moody
1280,DE-25.jpg,countries,DE,DE,0.5843066666666666,0.6325098039215686,0.6021478431372549,0.6063214379084967,0.2439678431372549,0.32123024131225825,0.33103866170156576,True,2,Neutral_Colors
1281,DE-250.jpg,countries,DE,DE,0.7625952941176471,0.7495560784313725,0.7519796078431372,0.7547103267973857,0.07771098039215686,0.33681574251054147,0.3321271084704573,True,5,Balanced_Natural
1282,DE-251.jpg,countries,DE,DE,0.3571043137254902,0.23791019607843136,0.13451607843137256,0.24317686274509806,0.6565196078431372,0.48949808272087336,0.1843869142894295,True,3,Vibrant_Bright
1283,DE-252.jpg,countries,DE,DE,0.4483823529411765,0.6156713725490196,0.5473690196078432,0.5371409150326798,0.536875294117647,0.2782522935417567,0.3396803735038304,True,1,Cool_Tones
1284,DE-253.jpg,countries,DE,DE,0.44354941176470586,0.590775294117647,0.4992298039215686,0.5111848366013071,0.34711372549019603,0.2892294468176229,0.325537485099186,True,2,Neutral_Colors
1285,DE-254.jpg,countries,DE,DE,0.4057764705882353,0.4751419607843137,0.33975725490196074,0.40689189542483656,0.32749254901960784,0.33241928444350005,0.2783351715669247,True,4,Dark_Moody
1286,DE-255.jpg,countries,DE,DE,0.36318196078431375,0.4034772549019608,0.3115266666666667,0.3593952941176471,0.572526274509804,0.33684509311756516,0.28893568616492343,True,4,Dark_Moody
1287,DE-256.jpg,countries,DE,DE,0.5305298039215687,0.4343443137254902,0.3144741176470588,0.4264494117647059,0.40107333333333334,0.41468724042313737,0.24580787557571204,True,0,Warm_Tones
1288,DE-257.jpg,countries,DE,DE,0.6068690196078431,0.43906078431372547,0.33856039215686273,0.4614967320261438,0.4250509803921569,0.43833360683462524,0.24453777179359062,True,0,Warm_Tones
1289,DE-258.jpg,countries,DE,DE,0.8256431372549019,0.6357929411764706,0.6183988235294118,0.6932783006535947,0.29267764705882354,0.39697513466159484,0.29733058408425905,True,2,Neutral_Colors
1290,DE-259.jpg,countries,DE,DE,0.6798152941176471,0.6838380392156863,0.6844129411764706,0.6826887581699346,0.1460078431372549,0.3319301580463747,0.33417502915781017,True,5,Balanced_Natural
1291,DE-26.jpg,countries,DE,DE,0.5883305882352942,0.7444176470588235,0.5890976470588235,0.6406152941176471,0.37330823529411766,0.3061277116494284,0.3065268375270271,True,2,Neutral_Colors
1292,DE-260.jpg,countries,DE,DE,0.8007956862745098,0.7590349019607843,0.5914176470588235,0.7170827450980392,0.2751592156862745,0.37224681972520285,0.27491823697404605,True,5,Balanced_Natural
1293,DE-261.jpg,countries,DE,DE,0.9378592156862745,0.9376980392156863,0.9345854901960784,0.936714248366013,0.011363137254901961,0.333740655552677,0.33257568828155193,True,5,Balanced_Natural
1294,DE-262.jpg,countries,DE,DE,0.4942074509803922,0.5410458823529412,0.47859333333333337,0.5046155555555556,0.46038039215686277,0.3264578476833042,0.3161436542602371,True,2,Neutral_Colors
1295,DE-263.jpg,countries,DE,DE,0.9138450980392157,0.9085184313725491,0.8105372549019608,0.8776335947712419,0.14032549019607843,0.34708666441099784,0.3078494077260956,True,5,Balanced_Natural
1296,DE-264.jpg,countries,DE,DE,0.3321356862745098,0.3374168627450981,0.2436258823529412,0.30439281045751637,0.33666274509803923,0.3637134990823163,0.26678862223907157,True,4,Dark_Moody
1297,DE-265.jpg,countries,DE,DE,0.386998431372549,0.4025027450980392,0.36239843137254907,0.3839665359477124,0.4284305882352941,0.3359651247143447,0.31460911549575254,True,4,Dark_Moody
1298,DE-266.jpg,countries,DE,DE,0.39980745098039217,0.5441980392156862,0.5618337254901961,0.5019464052287582,0.4455486274509804,0.26550456470455147,0.3731031484201296,True,1,Cool_Tones
1299,DE-267.jpg,countries,DE,DE,0.76142,0.7639996078431373,0.6830317647058823,0.7361504575163398,0.1661658823529412,0.3447753773024142,0.3092807312468866,True,5,Balanced_Natural
1300,DE-268.jpg,countries,DE,DE,0.3007341176470588,0.5249513725490196,0.5148070588235294,0.4468308496732026,0.6194560784313725,0.22434581491794997,0.38404292150457725,True,1,Cool_Tones
1301,DE-269.jpg,countries,DE,DE,0.5928109803921568,0.5236043137254902,0.46105686274509805,0.5258240522875818,0.44303764705882354,0.37579782439602993,0.29227556788480696,True,2,Neutral_Colors
1302,DE-27.jpg,countries,DE,DE,0.5154188235294118,0.522443137254902,0.42813333333333337,0.4886650980392157,0.2898101960784314,0.35158262377438804,0.29204257544935885,True,2,Neutral_Colors
1303,DE-270.jpg,countries,DE,DE,0.34491686274509803,0.41425098039215685,0.132141568627451,0.29710313725490195,0.8712180392156862,0.38697726200931165,0.1482553854227102,True,3,Vibrant_Bright
1304,DE-271.jpg,countries,DE,DE,0.12184352941176471,0.1210650980392157,0.05665568627450981,0.09985477124183006,0.5252886274509804,0.4067344376305773,0.18912632297084583,True,3,Vibrant_Bright
1305,DE-272.jpg,countries,DE,DE,0.5452913725490196,0.6259482352941177,0.5751388235294118,0.5821261437908497,0.39886352941176473,0.31224106442919647,0.3293321103062851,True,2,Neutral_Colors
1306,DE-273.jpg,countries,DE,DE,0.25068549019607844,0.24444,0.12965176470588236,0.20825908496732026,0.6037984313725491,0.4012391408139126,0.20751644873784394,True,3,Vibrant_Bright
1307,DE-274.jpg,countries,DE,DE,0.6213211764705883,0.7593337254901961,0.5836964705882353,0.6547837908496732,0.38888392156862744,0.3162982289497978,0.29714448321245346,True,2,Neutral_Colors
1308,DE-275.jpg,countries,DE,DE,0.48745254901960783,0.47863333333333336,0.39343725490196074,0.4531743790849673,0.5842580392156863,0.3585464469971478,0.2893933576614343,True,0,Warm_Tones
1309,DE-276.jpg,countries,DE,DE,0.6540866666666667,0.6263372549019608,0.44525882352941176,0.5752275816993464,0.3595129411764706,0.37903043852887824,0.25801878518831145,True,2,Neutral_Colors
1310,DE-277.jpg,countries,DE,DE,0.5263450980392157,0.5928894117647059,0.3153294117647059,0.47818797385620915,0.6128482352941176,0.3669022503796362,0.21980839418540113,True,0,Warm_Tones
1311,DE-278.jpg,countries,DE,DE,0.6173866666666668,0.5487505882352941,0.5693211764705882,0.5784861437908497,0.2556949019607843,0.3557482563440765,0.32805213776753084,True,2,Neutral_Colors
1312,DE-279.jpg,countries,DE,DE,0.2601294117647059,0.32799215686274513,0.10331333333333333,0.2304783006535948,0.719729411764706,0.3762162349785815,0.14941852605621983,True,3,Vibrant_Bright
1313,DE-28.jpg,countries,DE,DE,0.773203137254902,0.7324325490196079,0.6810694117647058,0.7289016993464053,0.15535960784313727,0.353592619487466,0.31145905358539483,True,5,Balanced_Natural
1314,DE-280.jpg,countries,DE,DE,0.6305427450980392,0.5125749019607844,0.2446662745098039,0.4625946405228758,0.618356862745098,0.4543519210349471,0.17629985072417068,True,0,Warm_Tones
1315,DE-281.jpg,countries,DE,DE,0.46472,0.598078431372549,0.3223180392156863,0.4617054901960785,0.5741470588235295,0.3355094494639805,0.2327008691030396,True,0,Warm_Tones
1316,DE-282.jpg,countries,DE,DE,0.2472156862745098,0.37344745098039217,0.10288117647058824,0.24118143790849675,0.7646388235294118,0.34167270741014333,0.14219037082951916,True,3,Vibrant_Bright
1317,DE-283.jpg,countries,DE,DE,0.33899725490196075,0.32064196078431373,0.24383607843137253,0.301158431372549,0.3602537254901961,0.3752143328044176,0.2698865260980729,True,4,Dark_Moody
1318,DE-284.jpg,countries,DE,DE,0.7562603921568627,0.7583196078431372,0.6035960784313725,0.7060586928104575,0.2850623529411765,0.3570336020805755,0.2849601596474497,True,5,Balanced_Natural
1319,DE-285.jpg,countries,DE,DE,0.7356717647058824,0.6413196078431372,0.5454607843137255,0.640817385620915,0.32429058823529416,0.38267344100411094,0.2837316385923619,True,2,Neutral_Colors
1320,DE-286.jpg,countries,DE,DE,0.6564874509803922,0.6578917647058824,0.4952898039215686,0.6032230065359477,0.38620509803921566,0.36276638495821106,0.2736906720866704,True,2,Neutral_Colors
1321,DE-287.jpg,countries,DE,DE,0.3341780392156863,0.34704862745098036,0.24773490196078432,0.3096538562091503,0.4127749019607843,0.3597325129143113,0.26667910024277347,True,4,Dark_Moody
1322,DE-288.jpg,countries,DE,DE,0.6186086274509804,0.6251941176470588,0.3359019607843137,0.5265682352941177,0.5344964705882354,0.3915973875054489,0.21263578369915043,True,0,Warm_Tones
1323,DE-289.jpg,countries,DE,DE,0.4895411764705882,0.5780937254901961,0.5267149019607843,0.5314499346405229,0.5300266666666666,0.3070473419441198,0.33036324293577185,True,2,Neutral_Colors
1324,DE-29.jpg,countries,DE,DE,0.7046290196078431,0.7076313725490196,0.7083870588235294,0.7068824836601307,0.1340392156862745,0.3322705464369107,0.3340426644010876,True,5,Balanced_Natural
1325,DE-290.jpg,countries,DE,DE,0.433523137254902,0.384363137254902,0.21483725490196076,0.3442411764705882,0.5919917647058823,0.4197858430861857,0.20802958464086363,True,3,Vibrant_Bright
1326,DE-291.jpg,countries,DE,DE,0.38055098039215685,0.377381568627451,0.3362443137254902,0.3647256209150327,0.3145113725490196,0.34779627092566284,0.3073031589963929,True,4,Dark_Moody
1327,DE-292.jpg,countries,DE,DE,0.7655592156862745,0.6713258823529411,0.6462129411764705,0.6943660130718955,0.33726,0.3675097541087232,0.3102170991446369,True,2,Neutral_Colors
1328,DE-293.jpg,countries,DE,DE,0.6389811764705883,0.7182305882352941,0.48708549019607844,0.614765751633987,0.5124909803921569,0.3464630380537639,0.2641034273613033,True,2,Neutral_Colors
1329,DE-294.jpg,countries,DE,DE,0.2967572549019608,0.28410156862745095,0.2085607843137255,0.26313986928104577,0.5396380392156862,0.3759177958538021,0.26419475529471836,True,4,Dark_Moody
1330,DE-295.jpg,countries,DE,DE,0.12177960784313725,0.11033882352941175,0.10683999999999999,0.11298614379084966,0.4388250980392157,0.3592748764948504,0.3151999623299243,True,4,Dark_Moody
1331,DE-296.jpg,countries,DE,DE,0.7777215686274509,0.793898431372549,0.7139266666666667,0.7618488888888888,0.170801568627451,0.3402779911222376,0.31236568682371246,True,5,Balanced_Natural
1332,DE-297.jpg,countries,DE,DE,0.9357980392156863,0.893741568627451,0.8615513725490197,0.8970303267973856,0.10864078431372548,0.347739150513658,0.32014935900610536,True,5,Balanced_Natural
1333,DE-298.jpg,countries,DE,DE,0.5830470588235294,0.5990011764705881,0.5461196078431373,0.5760559477124182,0.27114784313725493,0.3373785270686208,0.3160105622849511,True,2,Neutral_Colors
1334,DE-299.jpg,countries,DE,DE,0.3405709803921569,0.4357156862745098,0.2462807843137255,0.34085581699346407,0.6044513725490196,0.3330544572010147,0.24084527943102751,True,4,Dark_Moody
1335,DE-3.jpg,countries,DE,DE,0.9328364705882353,0.5375737254901961,0.14040196078431375,0.5369373856209151,0.8623450980392157,0.5791090460206123,0.087162164144328,True,3,Vibrant_Bright
1336,DE-30.jpg,countries,DE,DE,0.930315294117647,0.9105725490196078,0.8505611764705883,0.8971496732026143,0.1086729411764706,0.34565579421504483,0.31602339641236177,True,5,Balanced_Natural
1337,DE-300.jpg,countries,DE,DE,0.5256745098039216,0.5251141176470588,0.366218431372549,0.4723356862745098,0.6423537254901961,0.37097496131416696,0.2584448472908487,True,0,Warm_Tones
1338,DE-301.jpg,countries,DE,DE,0.2943913725490196,0.45704666666666666,0.47218313725490196,0.40787372549019607,0.5987858823529412,0.24059009244026708,0.38588965314184276,True,1,Cool_Tones
1339,DE-302.jpg,countries,DE,DE,0.47098117647058824,0.3299380392156863,0.18728392156862744,0.32940104575163404,0.5988301960784314,0.47660312147539724,0.18951946719113819,True,3,Vibrant_Bright
1340,DE-303.jpg,countries,DE,DE,0.5422792156862746,0.4980294117647059,0.405175294117647,0.4818279738562092,0.4551470588235294,0.37515383771544153,0.28030406133739144,True,0,Warm_Tones
1341,DE-304.jpg,countries,DE,DE,0.7988333333333333,0.77052,0.6382058823529412,0.7358530718954248,0.20820039215686273,0.36186253387656575,0.2891001014685976,True,5,Balanced_Natural
1342,DE-305.jpg,countries,DE,DE,0.5513341176470589,0.5700364705882353,0.5976490196078431,0.5730065359477123,0.35444313725490195,0.32072571738323735,0.34766832746567017,True,2,Neutral_Colors
1343,DE-306.jpg,countries,DE,DE,0.41288431372549017,0.3654027450980392,0.2700654901960784,0.34945084967320256,0.49328039215686276,0.3938407172958098,0.25760917244820364,True,4,Dark_Moody
1344,DE-307.jpg,countries,DE,DE,0.47724352941176473,0.3809749019607843,0.12402313725490197,0.32741385620915037,0.7825737254901961,0.4858713566839675,0.12626528437696122,True,3,Vibrant_Bright
1345,DE-308.jpg,countries,DE,DE,0.7214529411764705,0.679156862745098,0.6903835294117647,0.6969977777777778,0.16711607843137255,0.3450286448296466,0.33016996670249127,True,5,Balanced_Natural
1346,DE-309.jpg,countries,DE,DE,0.8212274509803922,0.6815196078431373,0.5219933333333334,0.6749134640522877,0.3908894117647059,0.4055962179474074,0.2578074095562783,True,2,Neutral_Colors
1347,DE-31.jpg,countries,DE,DE,0.4383960784313725,0.5737258823529411,0.5657576470588236,0.5259598692810457,0.5730223529411764,0.2778385615820656,0.3585554219036753,True,1,Cool_Tones
1348,DE-310.jpg,countries,DE,DE,0.569596862745098,0.527498431372549,0.3718545098039216,0.4896499346405229,0.37520705882352945,0.3877576166774816,0.2531429295053342,True,0,Warm_Tones
1349,DE-311.jpg,countries,DE,DE,0.4620137254901961,0.6679188235294118,0.47410156862745095,0.5346780392156864,0.6011247058823529,0.2880321761084127,0.2955680729253018,True,2,Neutral_Colors
1350,DE-312.jpg,countries,DE,DE,0.27893058823529415,0.3455376470588235,0.18986235294117648,0.2714435294117647,0.5712725490196078,0.34252703967895143,0.23315115818191418,True,4,Dark_Moody
1351,DE-313.jpg,countries,DE,DE,0.7617211764705882,0.6758443137254903,0.5116682352941176,0.6497445751633988,0.3726419607843137,0.3907796052007177,0.2624969833560925,True,2,Neutral_Colors
1352,DE-314.jpg,countries,DE,DE,0.31800039215686277,0.5149886274509804,0.686936862745098,0.5066419607843137,0.559713725490196,0.20922084861383491,0.45195388720388785,True,1,Cool_Tones
1353,DE-315.jpg,countries,DE,DE,0.49158745098039214,0.34142196078431375,0.3400423529411765,0.3910172549019608,0.5385054901960785,0.4190667852043698,0.28987813947690133,True,4,Dark_Moody
1354,DE-316.jpg,countries,DE,DE,0.12264784313725491,0.15886705882352942,0.0939270588235294,0.1251473202614379,0.4892529411764706,0.32667503708429957,0.2501766410197502,True,4,Dark_Moody
1355,DE-317.jpg,countries,DE,DE,0.7492286274509804,0.7059447058823529,0.43278352941176473,0.629318954248366,0.44043176470588236,0.3968460537363896,0.22923368045010065,True,0,Warm_Tones
1356,DE-318.jpg,countries,DE,DE,0.396983137254902,0.3387250980392157,0.24759568627450979,0.32776797385620915,0.4169933333333333,0.40372332991236376,0.2517994986535104,True,4,Dark_Moody
1357,DE-319.jpg,countries,DE,DE,0.3714329411764706,0.3927909803921569,0.38479960784313727,0.38300784313725494,0.24043607843137255,0.32325936624401147,0.3348924222184646,True,4,Dark_Moody
1358,DE-32.jpg,countries,DE,DE,0.5915835294117647,0.551916862745098,0.47345450980392156,0.5389849673202615,0.3030850980392157,0.36586250045185975,0.29280607419768967,True,2,Neutral_Colors
1359,DE-320.jpg,countries,DE,DE,0.418956862745098,0.47368823529411763,0.32177686274509804,0.4048073202614379,0.45726039215686276,0.3449843063528066,0.26496276267478025,True,4,Dark_Moody
1360,DE-321.jpg,countries,DE,DE,0.6023309803921569,0.5753180392156862,0.5576733333333334,0.5784407843137255,0.2334937254901961,0.3471001409456481,0.32136565925200067,True,2,Neutral_Colors
1361,DE-322.jpg,countries,DE,DE,0.3246058823529412,0.40605294117647056,0.3143752941176471,0.348344705882353,0.5088239215686274,0.3106172001987887,0.30082749259706837,True,4,Dark_Moody
1362,DE-323.jpg,countries,DE,DE,0.2582113725490196,0.21254980392156864,0.1785713725490196,0.21644418300653592,0.5007125490196078,0.39765598580094685,0.2750071559041335,True,4,Dark_Moody
1363,DE-324.jpg,countries,DE,DE,0.6494878431372549,0.6032035294117647,0.3472760784313726,0.5333224836601308,0.5846243137254902,0.4059379063001377,0.2170518288773611,True,0,Warm_Tones
1364,DE-325.jpg,countries,DE,DE,0.7068113725490196,0.6751894117647059,0.6025921568627451,0.6615309803921569,0.23075529411764706,0.35614911336977106,0.30363498767184965,True,2,Neutral_Colors
1365,DE-326.jpg,countries,DE,DE,0.4545827450980392,0.3970235294117647,0.2905321568627451,0.3807128104575163,0.38293686274509803,0.39800985117180593,0.25437538437281904,True,4,Dark_Moody
1366,DE-327.jpg,countries,DE,DE,0.52632,0.5286513725490195,0.40832235294117647,0.4877645751633987,0.6099247058823529,0.35968147142995105,0.27904313862977304,True,0,Warm_Tones
1367,DE-328.jpg,countries,DE,DE,0.7126121568627451,0.763686274509804,0.6897094117647059,0.7220026143790851,0.22077098039215687,0.32899780585872174,0.3184240978285796,True,5,Balanced_Natural
1368,DE-329.jpg,countries,DE,DE,0.17396313725490195,0.30527333333333334,0.38238901960784316,0.28720849673202614,0.775892156862745,0.20190086915191469,0.44379905209370213,True,1,Cool_Tones
1369,DE-33.jpg,countries,DE,DE,0.3076819607843137,0.19340784313725493,0.06885176470588236,0.18998052287581702,0.6534023529411765,0.5398473069405582,0.12080474155789553,True,3,Vibrant_Bright
1370,DE-330.jpg,countries,DE,DE,0.726561568627451,0.8293878431372549,0.8105278431372549,0.7888257516339868,0.28612470588235295,0.30702228812896964,0.3425038203745649,True,5,Balanced_Natural
1371,DE-331.jpg,countries,DE,DE,0.44197647058823525,0.4157211764705882,0.38432784313725493,0.4140084967320261,0.18479960784313726,0.35585108214435957,0.30943610798235166,True,4,Dark_Moody
1372,DE-332.jpg,countries,DE,DE,0.5469270588235294,0.46331333333333335,0.3677443137254902,0.4593282352941177,0.4183462745098039,0.39690328897375654,0.2668709204715704,True,0,Warm_Tones
1373,DE-333.jpg,countries,DE,DE,0.3945721568627451,0.3942745098039216,0.3258988235294118,0.3715818300653595,0.33118117647058826,0.3539568505780555,0.2923524105216853,True,4,Dark_Moody
1374,DE-334.jpg,countries,DE,DE,0.400576862745098,0.4495619607843137,0.4001654901960784,0.4167681045751634,0.5153729411764706,0.3203832362765167,0.320054218600191,True,4,Dark_Moody
1375,DE-335.jpg,countries,DE,DE,0.8036941176470589,0.6931588235294118,0.18285294117647058,0.5599019607843138,0.7445101960784314,0.47847283719004624,0.1088600297453859,True,0,Warm_Tones
1376,DE-336.jpg,countries,DE,DE,0.3718549019607843,0.49322,0.32586627450980393,0.3969803921568627,0.6510098039215686,0.3122358996998439,0.2736205677722521,True,4,Dark_Moody
1377,DE-337.jpg,countries,DE,DE,0.8582227450980392,0.748758431372549,0.7680247058823529,0.7916686274509804,0.22717450980392156,0.3613558981554571,0.32337788643436005,True,5,Balanced_Natural
1378,DE-338.jpg,countries,DE,DE,0.8502501960784313,0.8165396078431373,0.6749207843137255,0.7805701960784314,0.2564207843137255,0.3630892037901119,0.28821686996148976,True,5,Balanced_Natural
1379,DE-339.jpg,countries,DE,DE,0.6192968627450981,0.64392,0.6309192156862745,0.6313786928104576,0.08868156862745098,0.3269546168527402,0.33309057874985987,True,2,Neutral_Colors
1380,DE-34.jpg,countries,DE,DE,0.3998843137254902,0.4046427450980392,0.3811250980392157,0.3952173856209151,0.35580117647058823,0.3372692185829368,0.32144737761899783,True,4,Dark_Moody
1381,DE-340.jpg,countries,DE,DE,0.6871462745098039,0.642724705882353,0.5055682352941177,0.6118130718954249,0.3337482352941177,0.37437682177671944,0.27544794484362145,True,2,Neutral_Colors
1382,DE-341.jpg,countries,DE,DE,0.6551352941176471,0.7142627450980392,0.4857058823529412,0.6183679738562092,0.47094588235294116,0.35315269044927233,0.2618212461763301,True,2,Neutral_Colors
1383,DE-342.jpg,countries,DE,DE,0.4815729411764706,0.48901529411764705,0.160701568627451,0.3770966013071895,0.7107054901960784,0.4256844831648235,0.14205151148615922,True,3,Vibrant_Bright
1384,DE-35.jpg,countries,DE,DE,0.6968705882352941,0.7213435294117647,0.6422521568627452,0.686822091503268,0.17716588235294117,0.3382099763759088,0.3117021875610911,True,5,Balanced_Natural
1385,DE-36.jpg,countries,DE,DE,0.4716427450980392,0.6574576470588236,0.29103843137254903,0.4733796078431373,0.6394956862745098,0.33211007626410055,0.20493646227682275,True,0,Warm_Tones
1386,DE-37.jpg,countries,DE,DE,0.2995392156862745,0.5298780392156862,0.5110972549019608,0.4468381699346405,0.6681035294117647,0.22345076464657124,0.38126918425339185,True,1,Cool_Tones
1387,DE-38.jpg,countries,DE,DE,0.49415176470588235,0.4139623529411765,0.43334117647058823,0.4471517647058823,0.5341878431372549,0.36836963445828436,0.3230378644245146,True,4,Dark_Moody
1388,DE-39.jpg,countries,DE,DE,0.7391149019607843,0.7114572549019609,0.47356745098039216,0.6413798692810458,0.4776043137254902,0.3841272820437453,0.24611894216568556,True,2,Neutral_Colors
1389,DE-4.jpg,countries,DE,DE,0.49046980392156864,0.5350435294117647,0.4173992156862745,0.4809708496732026,0.4365129411764706,0.33991627859813217,0.28927527638081835,True,2,Neutral_Colors
1390,DE-40.jpg,countries,DE,DE,0.6128772549019609,0.60158,0.4755039215686275,0.5633203921568627,0.32654470588235296,0.3626573798130371,0.2813695644725591,True,2,Neutral_Colors
1391,DE-41.jpg,countries,DE,DE,0.8865458823529412,0.8779105882352941,0.8527501960784314,0.8724022222222222,0.09646,0.3387373090963261,0.3258244299599324,True,5,Balanced_Natural
1392,DE-42.jpg,countries,DE,DE,0.32159019607843137,0.2809925490196078,0.2697580392156863,0.2907802614379085,0.2015156862745098,0.3686516017703171,0.30923434377032155,True,4,Dark_Moody
1393,DE-43.jpg,countries,DE,DE,0.4093207843137255,0.37853803921568624,0.27012862745098043,0.3526624836601307,0.38893607843137257,0.3868858718962628,0.25532285083137146,True,4,Dark_Moody
1394,DE-44.jpg,countries,DE,DE,0.4332125490196079,0.39448509803921566,0.2965858823529412,0.37476117647058826,0.36613254901960784,0.38532287662649634,0.2637996651151266,True,4,Dark_Moody
1395,DE-45.jpg,countries,DE,DE,0.8663988235294118,0.8430203921568628,0.7150235294117646,0.8081475816993464,0.24964274509803921,0.35735983781070424,0.294922714068934,True,5,Balanced_Natural
1396,DE-46.jpg,countries,DE,DE,0.7682713725490196,0.7657352941176471,0.7216341176470588,0.7518802614379084,0.1629258823529412,0.34059990282666475,0.31992407777931575,True,5,Balanced_Natural
1397,DE-47.jpg,countries,DE,DE,0.7955219607843138,0.6000023529411764,0.5325921568627451,0.6427054901960784,0.43977176470588236,0.41258998630493915,0.27622391528886486,True,2,Neutral_Colors
1398,DE-48.jpg,countries,DE,DE,0.3698356862745098,0.4580741176470588,0.4542227450980392,0.42737751633986926,0.47443843137254904,0.28845332575323934,0.35427100823105656,True,1,Cool_Tones
1399,DE-49.jpg,countries,DE,DE,0.582278431372549,0.561258431372549,0.36992470588235293,0.5044871895424837,0.5271682352941176,0.38473262797679453,0.2444227650888222,True,0,Warm_Tones
1400,DE-5.jpg,countries,DE,DE,0.4223937254901961,0.35211960784313723,0.18950039215686276,0.32133790849673205,0.6913141176470589,0.4381610719435963,0.196574167537226,True,3,Vibrant_Bright
1401,DE-50.jpg,countries,DE,DE,0.3408101960784314,0.4702207843137255,0.5113223529411765,0.4407844444444445,0.5386282352941176,0.2577298591515421,0.3866757494961712,True,1,Cool_Tones
1402,DE-51.jpg,countries,DE,DE,0.5486423529411765,0.5436447058823529,0.5024866666666666,0.5315912418300653,0.39369607843137255,0.3440249862077146,0.3150831641830881,True,2,Neutral_Colors
1403,DE-52.jpg,countries,DE,DE,0.8113894117647059,0.7103078431372549,0.5831611764705882,0.7016194771241832,0.36554549019607846,0.3854838948725475,0.2770546896285216,True,2,Neutral_Colors
1404,DE-53.jpg,countries,DE,DE,0.9543886274509804,0.9501745098039216,0.954336862745098,0.9529666666666667,0.029963529411764705,0.33383059695000994,0.33381249044478906,True,5,Balanced_Natural
1405,DE-54.jpg,countries,DE,DE,0.43477803921568625,0.4225670588235294,0.2803333333333333,0.3792261437908497,0.4533188235294118,0.382162169084089,0.24640801758640066,True,4,Dark_Moody
1406,DE-55.jpg,countries,DE,DE,0.6685094117647059,0.6250309803921569,0.5817698039215686,0.6251033986928104,0.2023678431372549,0.356479187647716,0.3102257402068202,True,2,Neutral_Colors
1407,DE-56.jpg,countries,DE,DE,0.837946274509804,0.8190745098039216,0.7688337254901961,0.8086181699346406,0.14070745098039217,0.34542299453669184,0.31693302522883554,True,5,Balanced_Natural
1408,DE-57.jpg,countries,DE,DE,0.5036509803921569,0.4713764705882353,0.3223270588235294,0.4324515032679739,0.6153149019607843,0.3882135440795848,0.24844929272489463,True,0,Warm_Tones
1409,DE-58.jpg,countries,DE,DE,0.6492721568627451,0.5102301960784313,0.35866627450980393,0.5060562091503268,0.8074631372549019,0.4276677290355746,0.23624914372184327,True,0,Warm_Tones
1410,DE-59.jpg,countries,DE,DE,0.6029352941176471,0.6166905882352941,0.4335521568627451,0.5510593464052288,0.37587764705882354,0.364712641410997,0.26225360144200366,True,2,Neutral_Colors
1411,DE-6.jpg,countries,DE,DE,0.5631109803921569,0.5610772549019608,0.40220862745098035,0.5087989542483661,0.4614564705882353,0.3689149429097399,0.26350182823739154,True,0,Warm_Tones
1412,DE-60.jpg,countries,DE,DE,0.4593243137254902,0.5045121568627451,0.40875215686274513,0.4575295424836601,0.3801572549019608,0.3346406708452954,0.29779633233993896,True,2,Neutral_Colors
1413,DE-61.jpg,countries,DE,DE,0.3460211764705882,0.5347898039215686,0.5403325490196078,0.47371450980392155,0.42493764705882353,0.2434806378305605,0.3802094282720565,True,1,Cool_Tones
1414,DE-62.jpg,countries,DE,DE,0.18383568627450983,0.2652019607843137,0.23997372549019608,0.22967045751633988,0.7057509803921569,0.2668104283735933,0.34828652583175956,True,1,Cool_Tones
1415,DE-63.jpg,countries,DE,DE,0.6036662745098039,0.5833650980392158,0.48252862745098035,0.55652,0.4325674509803921,0.361571859015516,0.28901527254828085,True,2,Neutral_Colors
1416,DE-64.jpg,countries,DE,DE,0.5018772549019608,0.47880627450980395,0.4202082352941176,0.4669639215686274,0.25749999999999995,0.35825529801157197,0.299957459900466,True,2,Neutral_Colors
1417,DE-65.jpg,countries,DE,DE,0.6909541176470588,0.6275090196078432,0.5582117647058823,0.6255583006535947,0.28666980392156866,0.368179778365107,0.29744707870051124,True,2,Neutral_Colors
1418,DE-66.jpg,countries,DE,DE,0.5030141176470588,0.4766470588235294,0.36973764705882356,0.4497996078431373,0.34092039215686276,0.37276877384747564,0.27400155284722005,True,4,Dark_Moody
1419,DE-67.jpg,countries,DE,DE,0.6830858823529412,0.5376219607843138,0.26080588235294117,0.4938379084967321,0.6695180392156863,0.4610726242541566,0.17604002030195617,True,0,Warm_Tones
1420,DE-68.jpg,countries,DE,DE,0.5150125490196079,0.5343956862745098,0.5135976470588235,0.5210019607843137,0.18371137254901962,0.3295011396522523,0.32859589606263073,True,2,Neutral_Colors
1421,DE-69.jpg,countries,DE,DE,0.6476835294117647,0.6426764705882353,0.5458992156862744,0.6120864052287581,0.35145176470588235,0.3527188161454028,0.2972885928818389,True,2,Neutral_Colors
1422,DE-7.jpg,countries,DE,DE,0.4330121568627451,0.41374509803921566,0.2584564705882353,0.36840457516339864,0.49284,0.39179007198867283,0.23385181596598986,True,4,Dark_Moody
1423,DE-70.jpg,countries,DE,DE,0.6824533333333334,0.6837235294117647,0.5861929411764706,0.6507899346405229,0.19840627450980394,0.34955108525621503,0.3002467256727218,True,2,Neutral_Colors
1424,DE-71.jpg,countries,DE,DE,0.7423329411764706,0.6464494117647059,0.6087654901960784,0.6658492810457517,0.3330403921568627,0.3716219224009551,0.304756247782147,True,2,Neutral_Colors
1425,DE-72.jpg,countries,DE,DE,0.8673082352941176,0.8655847058823529,0.7825133333333333,0.8384687581699346,0.15055725490196079,0.3447983330902692,0.3110881252761851,True,5,Balanced_Natural
1426,DE-73.jpg,countries,DE,DE,0.8684152941176471,0.7727407843137255,0.722146274509804,0.7877674509803922,0.22313333333333335,0.3674582414639608,0.3055664748290053,True,5,Balanced_Natural
1427,DE-74.jpg,countries,DE,DE,0.9225145098039216,0.9076788235294118,0.8255756862745098,0.8852563398692811,0.13267333333333334,0.3473623480169198,0.3108611363857538,True,5,Balanced_Natural
1428,DE-75.jpg,countries,DE,DE,0.45433098039215686,0.4269737254901961,0.18882392156862746,0.3567095424836601,0.6523105882352941,0.42455695902407725,0.17644957837341718,True,3,Vibrant_Bright
1429,DE-76.jpg,countries,DE,DE,0.4357313725490196,0.5130298039215686,0.3594729411764706,0.4360780392156863,0.4262709803921569,0.3330680904917988,0.2747770154825111,True,4,Dark_Moody
1430,DE-77.jpg,countries,DE,DE,0.37365019607843136,0.380858431372549,0.3719635294117647,0.3754907189542484,0.30993098039215683,0.3316991566128892,0.3302018580253542,True,4,Dark_Moody
1431,DE-78.jpg,countries,DE,DE,0.878493725490196,0.8630482352941177,0.7377023529411765,0.82641477124183,0.19845098039215686,0.3543391695153026,0.2975511736806119,True,5,Balanced_Natural
1432,DE-79.jpg,countries,DE,DE,0.7359176470588235,0.7172121568627452,0.5558549019607842,0.669661568627451,0.3278349019607843,0.3663130329419671,0.2766843488897055,True,2,Neutral_Colors
1433,DE-8.jpg,countries,DE,DE,0.6277603921568627,0.6362180392156863,0.5021843137254901,0.5887209150326798,0.253633725490196,0.35543725427452705,0.28433621464560976,True,2,Neutral_Colors
1434,DE-80.jpg,countries,DE,DE,0.5531054901960785,0.575616862745098,0.6298160784313726,0.586179477124183,0.23322392156862745,0.3145254978811461,0.35814725970619715,True,2,Neutral_Colors
1435,DE-81.jpg,countries,DE,DE,0.45237803921568626,0.45367960784313727,0.40610862745098036,0.43738875816993467,0.13620666666666667,0.3447563797723004,0.309494555564719,True,2,Neutral_Colors
1436,DE-82.jpg,countries,DE,DE,0.3829066666666667,0.40326274509803917,0.2547745098039216,0.34698130718954245,0.6371490196078432,0.36784527090026486,0.24475311279678003,True,4,Dark_Moody
1437,DE-83.jpg,countries,DE,DE,0.4364486274509804,0.4298796078431372,0.4179760784313725,0.4281014379084967,0.3977705882352941,0.3398324547805054,0.3254491544685079,True,4,Dark_Moody
1438,DE-84.jpg,countries,DE,DE,0.6577654901960784,0.630193725490196,0.5595607843137255,0.6158399999999999,0.22515215686274512,0.3560259884440169,0.3028711361406585,True,2,Neutral_Colors
1439,DE-85.jpg,countries,DE,DE,0.7174568627450981,0.7019490196078432,0.5529611764705882,0.6574556862745098,0.3231439215686275,0.36375404658147026,0.2803539501650703,True,2,Neutral_Colors
1440,DE-86.jpg,countries,DE,DE,0.18433529411764704,0.2645635294117647,0.3410623529411765,0.26332039215686276,0.715996862745098,0.2333469874991036,0.4317451684395612,True,1,Cool_Tones
1441,DE-87.jpg,countries,DE,DE,0.800395294117647,0.7817180392156863,0.7477349019607844,0.7766160784313726,0.14930352941176472,0.34353952264065957,0.32093703344988805,True,5,Balanced_Natural
1442,DE-88.jpg,countries,DE,DE,0.44003921568627447,0.40236313725490197,0.18557803921568627,0.34266013071895424,0.6934090196078432,0.4280614601038689,0.18052665216664585,True,3,Vibrant_Bright
1443,DE-89.jpg,countries,DE,DE,0.3075376470588235,0.4305325490196078,0.39032549019607843,0.37613189542483655,0.6319466666666667,0.2725439119058239,0.3459115884900094,True,1,Cool_Tones
1444,DE-9.jpg,countries,DE,DE,0.434841568627451,0.5472596078431372,0.21120784313725488,0.39776967320261436,0.6528764705882353,0.36439949508707953,0.17699327053892,True,0,Warm_Tones
1445,DE-90.jpg,countries,DE,DE,0.39090588235294116,0.513155294117647,0.5678439215686274,0.49063503267973846,0.4916486274509804,0.2655780031577303,0.3857881439074645,True,1,Cool_Tones
1446,DE-91.jpg,countries,DE,DE,0.48485176470588237,0.44815058823529413,0.2340011764705882,0.38900117647058824,0.5619243137254901,0.415466909070417,0.20051436868761585,True,0,Warm_Tones
1447,DE-92.jpg,countries,DE,DE,0.7423219607843138,0.5376580392156863,0.229338431372549,0.5031061437908497,0.6788356862745099,0.4918256171321262,0.15194824011772814,True,0,Warm_Tones
1448,DE-93.jpg,countries,DE,DE,0.42451960784313725,0.43120549019607846,0.41435686274509803,0.4233606535947712,0.1425811764705882,0.33424557367574154,0.32624393487589226,True,2,Neutral_Colors
1449,DE-94.jpg,countries,DE,DE,0.3487741176470588,0.32934,0.3061478431372549,0.3280873202614379,0.17520196078431372,0.3543505460869286,0.3110427348533971,True,4,Dark_Moody
1450,DE-95.jpg,countries,DE,DE,0.5410819607843137,0.4766972549019608,0.531229411764706,0.5163362091503269,0.25504196078431374,0.3493083265561799,0.34294777924581815,True,2,Neutral_Colors
1451,DE-96.jpg,countries,DE,DE,0.6504694117647059,0.49216745098039216,0.3655188235294118,0.5027185620915032,0.4614156862745098,0.43130095014962494,0.24236130559638766,True,0,Warm_Tones
1452,DE-97.jpg,countries,DE,DE,0.8929854901960784,0.9140105882352941,0.8435207843137256,0.8835056209150327,0.09892235294117648,0.33690981779357937,0.3182475380264387,True,5,Balanced_Natural
1453,DE-98.jpg,countries,DE,DE,0.45342,0.44480745098039215,0.3518772549019608,0.41670156862745095,0.3860513725490196,0.3627053279306216,0.28147800081721724,True,4,Dark_Moody
1454,DE-99.jpg,countries,DE,DE,0.539998431372549,0.6184760784313725,0.4475721568627451,0.5353488888888889,0.47176549019607844,0.3362281472587358,0.27867924853791914,True,2,Neutral_Colors
1455,DZ-0.jpg,countries,DZ,DZ,0.5724309803921569,0.4621254901960784,0.3439623529411765,0.45950627450980397,0.46407450980392156,0.41525045242118247,0.2495157103076928,True,0,Warm_Tones
1456,DZ-1.jpg,countries,DZ,DZ,0.568726274509804,0.5920905882352941,0.46868078431372545,0.5431658823529412,0.33688627450980396,0.34901917564419643,0.28762269005848795,True,2,Neutral_Colors
1457,EE-0.jpg,countries,EE,EE,0.7303933333333333,0.712495294117647,0.6473811764705882,0.6967566013071895,0.18878235294117646,0.34942521895394524,0.3097116293525379,True,5,Balanced_Natural
1458,EE-1.jpg,countries,EE,EE,0.6306054901960784,0.7078501960784314,0.5167752941176471,0.6184103267973856,0.3203650980392157,0.33990654368882844,0.27855022960978265,True,2,Neutral_Colors
1459,EE-2.jpg,countries,EE,EE,0.5283462745098039,0.5052019607843138,0.4991713725490196,0.5109065359477124,0.3763988235294118,0.34471140520078153,0.32567668888556245,True,2,Neutral_Colors
1460,EE-3.jpg,countries,EE,EE,0.8165964705882353,0.766438431372549,0.6594807843137255,0.7475052287581699,0.2502592156862745,0.36414287375709387,0.2940806587304909,True,5,Balanced_Natural
1461,ES-0.jpg,countries,ES,ES,0.9491388235294117,0.7441599999999999,0.7323627450980392,0.8085538562091502,0.24410156862745097,0.3912905429655359,0.3019227631122836,True,5,Balanced_Natural
1462,ES-1.jpg,countries,ES,ES,0.419141568627451,0.3152317647058824,0.3219352941176471,0.3521028758169935,0.4005396078431373,0.3967980199507382,0.3047736059118584,True,4,Dark_Moody
1463,ES-2.jpg,countries,ES,ES,0.5123603921568628,0.5010905882352941,0.26344196078431376,0.4256309803921569,0.6237188235294118,0.4012552457448406,0.2063146768020456,True,0,Warm_Tones
1464,ES-3.jpg,countries,ES,ES,0.8140639215686274,0.45541764705882354,0.35544274509803925,0.5416414379084967,0.5741890196078432,0.5009854389567057,0.21874405063153976,True,0,Warm_Tones
1465,ES-4.jpg,countries,ES,ES,0.3623356862745098,0.3745658823529412,0.32541450980392156,0.3541053594771242,0.23452549019607843,0.3410805433059008,0.30632521721709655,True,4,Dark_Moody
1466,ES-5.jpg,countries,ES,ES,0.4292913725490196,0.3818494117647059,0.2495027450980392,0.3535478431372549,0.535461568627451,0.4047457566081121,0.235236913196935,True,4,Dark_Moody
1467,ES-6.jpg,countries,ES,ES,0.6780988235294118,0.6503549019607843,0.5965172549019607,0.6416569934640522,0.2402086274509804,0.3522642565380453,0.30988360400988163,True,2,Neutral_Colors
1468,ES-7.jpg,countries,ES,ES,0.3609298039215686,0.4141807843137255,0.3114513725490196,0.3621873202614379,0.43682901960784315,0.33217569247992645,0.28663904788748246,True,4,Dark_Moody
1469,FI-0.jpg,countries,FI,FI,0.4651007843137255,0.44448431372549024,0.3250223529411765,0.41153581699346403,0.40817333333333333,0.37671926183916277,0.2632594590479913,True,4,Dark_Moody
1470,FI-1.jpg,countries,FI,FI,0.32622156862745094,0.33704901960784317,0.29096509803921566,0.31807856209150326,0.49502980392156865,0.34186651311958177,0.304919211579665,True,4,Dark_Moody
1471,FI-10.jpg,countries,FI,FI,0.49847607843137254,0.4848749019607843,0.42668901960784317,0.47001333333333334,0.5247286274509804,0.3535188540130199,0.3026075267370546,True,4,Dark_Moody
1472,FI-11.jpg,countries,FI,FI,0.29117450980392157,0.42956235294117645,0.519593725490196,0.41344352941176465,0.5320682352941176,0.23475537716345338,0.418915175924414,True,1,Cool_Tones
1473,FI-12.jpg,countries,FI,FI,0.5023839215686274,0.5409654901960784,0.3608250980392157,0.4680581699346405,0.4555094117647059,0.3577785811396042,0.2569658105556913,True,0,Warm_Tones
1474,FI-13.jpg,countries,FI,FI,0.5385980392156863,0.5255211764705883,0.4729509803921569,0.5123567320261437,0.21192117647058825,0.3504053947467269,0.30769620925745583,True,2,Neutral_Colors
1475,FI-14.jpg,countries,FI,FI,0.8246580392156863,0.8217188235294117,0.8172992156862745,0.8212253594771242,0.1762929411764706,0.33472651364713246,0.33173958666963377,True,5,Balanced_Natural
1476,FI-15.jpg,countries,FI,FI,0.26684470588235293,0.437001568627451,0.19187607843137255,0.2985741176470588,0.6253701960784314,0.2979097340782149,0.214213549084472,True,4,Dark_Moody
1477,FI-16.jpg,countries,FI,FI,0.37184,0.465643137254902,0.27942509803921567,0.3723027450980392,0.4963792156862745,0.33291872629388974,0.25017708620310064,True,4,Dark_Moody
1478,FI-17.jpg,countries,FI,FI,0.6806254901960785,0.5977670588235294,0.5144917647058824,0.5976281045751635,0.35524392156862744,0.3796257825224673,0.28696300916024825,True,2,Neutral_Colors
1479,FI-18.jpg,countries,FI,FI,0.5605815686274509,0.5096886274509803,0.4902929411764706,0.5201877124183006,0.25789215686274514,0.359217256916808,0.3141767322930518,True,2,Neutral_Colors
1480,FI-19.jpg,countries,FI,FI,0.2615513725490196,0.3852231372549019,0.3050772549019608,0.31728392156862745,0.5690192156862744,0.27478133409617994,0.3205088709242003,True,4,Dark_Moody
1481,FI-2.jpg,countries,FI,FI,0.376975294117647,0.3746023529411765,0.3314686274509804,0.3610154248366013,0.2924619607843137,0.3480691037131958,0.3060518550319106,True,4,Dark_Moody
1482,FI-20.jpg,countries,FI,FI,0.38057294117647056,0.28484039215686274,0.15412549019607844,0.2731796078431373,0.6291788235294117,0.464373945292254,0.1880634543570135,True,3,Vibrant_Bright
1483,FI-21.jpg,countries,FI,FI,0.3224286274509804,0.3200392156862745,0.10558588235294117,0.24935124183006538,0.7579466666666667,0.4310227801043496,0.14114727005267072,True,3,Vibrant_Bright
1484,FI-22.jpg,countries,FI,FI,0.4194764705882353,0.4138262745098039,0.27128745098039214,0.36819673202614384,0.44687450980392157,0.3797572097962389,0.24559986712145532,True,4,Dark_Moody
1485,FI-23.jpg,countries,FI,FI,0.6676207843137255,0.6897325490196078,0.6486043137254902,0.6686525490196078,0.1267686274509804,0.33281881722367723,0.32333882589079627,True,5,Balanced_Natural
1486,FI-24.jpg,countries,FI,FI,0.717518431372549,0.664375294117647,0.6485356862745097,0.6768098039215685,0.20197686274509805,0.35338242926972957,0.3194079848867357,True,5,Balanced_Natural
1487,FI-25.jpg,countries,FI,FI,0.4507,0.45164470588235295,0.35978392156862743,0.42070954248366016,0.3820894117647059,0.3570948579269483,0.285060990363766,True,4,Dark_Moody
1488,FI-26.jpg,countries,FI,FI,0.3956180392156863,0.4661764705882353,0.4223545098039216,0.4280496732026144,0.38926627450980394,0.30807774261180254,0.32889810641664846,True,4,Dark_Moody
1489,FI-27.jpg,countries,FI,FI,0.2791572549019608,0.36501568627450975,0.3095423529411765,0.3179050980392157,0.4629843137254902,0.292704713785172,0.3245643959848215,True,4,Dark_Moody
1490,FI-28.jpg,countries,FI,FI,0.29454117647058825,0.2863078431372549,0.21564901960784313,0.2654993464052287,0.43176627450980387,0.36979476680929,0.2707461139189735,True,4,Dark_Moody
1491,FI-29.jpg,countries,FI,FI,0.5219490196078431,0.5847960784313725,0.38081450980392156,0.495853202614379,0.5040964705882353,0.35087580086208,0.25599932385684576,True,0,Warm_Tones
1492,FI-3.jpg,countries,FI,FI,0.7500027450980392,0.7711109803921569,0.7376694117647059,0.7529277124183006,0.14482627450980393,0.33203825577131807,0.32657809110577285,True,5,Balanced_Natural
1493,FI-30.jpg,countries,FI,FI,0.786283137254902,0.7829098039215686,0.7526588235294117,0.7739505882352941,0.22425372549019607,0.3386447018549444,0.3241630283239574,True,5,Balanced_Natural
1494,FI-31.jpg,countries,FI,FI,0.3896956862745098,0.45792274509803926,0.312584705882353,0.38673437908496733,0.40653529411764705,0.33588544788036034,0.2694221610189593,True,4,Dark_Moody
1495,FI-32.jpg,countries,FI,FI,0.41433450980392156,0.43642392156862747,0.37804470588235295,0.409601045751634,0.289418431372549,0.33718515200439336,0.3076525334028329,True,4,Dark_Moody
1496,FI-33.jpg,countries,FI,FI,0.5131250980392157,0.45439529411764706,0.3864109803921569,0.45131045751633986,0.34203098039215685,0.3789887208865285,0.2853990259976347,True,4,Dark_Moody
1497,FI-34.jpg,countries,FI,FI,0.4917576470588235,0.49341254901960785,0.35653529411764706,0.44723516339869285,0.4027807843137255,0.36651655980806763,0.26573270437526364,True,0,Warm_Tones
1498,FI-35.jpg,countries,FI,FI,0.7053956862745098,0.519270588235294,0.3697211764705882,0.5314624836601306,0.5109070588235294,0.4424239813332572,0.2318890206732532,True,0,Warm_Tones
1499,FI-36.jpg,countries,FI,FI,0.4040913725490196,0.3836078431372549,0.2530698039215686,0.3469230065359477,0.42246196078431375,0.38826192620467603,0.24315631614458302,True,4,Dark_Moody
1500,FI-37.jpg,countries,FI,FI,0.6106305882352941,0.38912941176470583,0.3170070588235294,0.4389223529411765,0.6244282352941176,0.46373435636103144,0.24074631572302901,True,0,Warm_Tones
1501,FI-38.jpg,countries,FI,FI,0.2653,0.2406086274509804,0.12129294117647059,0.20906718954248368,0.7073980392156863,0.4229893391230421,0.19338718819647688,True,3,Vibrant_Bright
1502,FI-39.jpg,countries,FI,FI,0.7179764705882353,0.6465454901960784,0.5607737254901961,0.64176522875817,0.2929760784313725,0.37291731487760216,0.2912661354938003,True,2,Neutral_Colors
1503,FI-4.jpg,countries,FI,FI,0.5851929411764706,0.5920207843137255,0.5307125490196078,0.5693087581699346,0.2834250980392157,0.34263340711882956,0.310734863796779,True,2,Neutral_Colors
1504,FI-40.jpg,countries,FI,FI,0.794323137254902,0.6342160784313725,0.41249098039215687,0.6136767320261437,0.5162235294117647,0.43145555542289815,0.22405431329507142,True,0,Warm_Tones
1505,FI-41.jpg,countries,FI,FI,0.43592901960784314,0.47492823529411765,0.231661568627451,0.38083960784313725,0.6100847058823529,0.38155050847274957,0.20276371915527414,True,0,Warm_Tones
1506,FI-42.jpg,countries,FI,FI,0.7128698039215686,0.6837741176470589,0.578712156862745,0.6584520261437908,0.3083121568627451,0.3608814890762217,0.2929658456091894,True,2,Neutral_Colors
1507,FI-43.jpg,countries,FI,FI,0.6765564705882352,0.675947843137255,0.6594262745098038,0.6706435294117646,0.08200156862745098,0.33627210514730105,0.32775780168956936,True,5,Balanced_Natural
1508,FI-44.jpg,countries,FI,FI,0.42507960784313725,0.3830105882352941,0.3168270588235294,0.3749724183006536,0.4215294117647059,0.3778759976476548,0.28164451722862444,True,4,Dark_Moody
1509,FI-45.jpg,countries,FI,FI,0.8254807843137255,0.7640419607843137,0.28621725490196076,0.6252466666666667,0.6831207843137255,0.4400824976975635,0.15258889948130405,True,0,Warm_Tones
1510,FI-46.jpg,countries,FI,FI,0.31044,0.23198039215686275,0.24591411764705884,0.26277816993464054,0.38227686274509803,0.39379172463918827,0.31194093706145964,True,4,Dark_Moody
1511,FI-47.jpg,countries,FI,FI,0.6304301960784314,0.5947133333333334,0.5528160784313725,0.592653202614379,0.20829764705882353,0.3545805195556121,0.31092706778357676,True,2,Neutral_Colors
1512,FI-48.jpg,countries,FI,FI,0.3497843137254902,0.3171294117647059,0.3288501960784314,0.33192130718954244,0.674532156862745,0.3512719781035019,0.3302488257573826,True,4,Dark_Moody
1513,FI-5.jpg,countries,FI,FI,0.47185058823529413,0.4435819607843137,0.3712666666666667,0.42889973856209146,0.28735254901960783,0.3667136932775191,0.2885416992556016,True,4,Dark_Moody
1514,FI-6.jpg,countries,FI,FI,0.6098721568627451,0.5525756862745098,0.5305768627450981,0.564341568627451,0.42236980392156864,0.36022616475566066,0.3133897263943655,True,2,Neutral_Colors
1515,FI-7.jpg,countries,FI,FI,0.6691976470588236,0.6644349019607844,0.6208,0.6514775163398693,0.10273529411764706,0.3423997952729115,0.3176367906247867,True,2,Neutral_Colors
1516,FI-8.jpg,countries,FI,FI,0.6232749019607844,0.5858466666666666,0.36605176470588235,0.5250577777777777,0.5544392156862745,0.3956862988249879,0.23238809632661764,True,0,Warm_Tones
1517,FI-9.jpg,countries,FI,FI,0.612358431372549,0.4296654901960784,0.18578549019607843,0.4092698039215686,0.590553725490196,0.49874021714184624,0.15131447690613153,True,3,Vibrant_Bright
1518,FR-0.jpg,countries,FR,FR,0.6162831372549019,0.7220666666666667,0.6496823529411765,0.662677385620915,0.34349607843137253,0.3099964078201994,0.32679653792415647,True,2,Neutral_Colors
1519,FR-1.jpg,countries,FR,FR,0.8450701960784314,0.812341568627451,0.6903125490196078,0.7825747712418302,0.20772117647058821,0.35995275560471374,0.29403463215387177,True,5,Balanced_Natural
1520,FR-10.jpg,countries,FR,FR,0.6522541176470589,0.4713478431372549,0.2695666666666667,0.46438954248366016,0.7182811764705882,0.4681799723415294,0.19349163329082952,True,0,Warm_Tones
1521,FR-11.jpg,countries,FR,FR,0.3215047058823529,0.32188235294117645,0.28089450980392155,0.30809385620915025,0.30930392156862746,0.34784244212220056,0.3039054498464108,True,4,Dark_Moody
1522,FR-12.jpg,countries,FR,FR,0.41879372549019606,0.4036078431372549,0.1865419607843137,0.3363145098039215,0.6396898039215686,0.415081021088802,0.18488822263903004,True,3,Vibrant_Bright
1523,FR-13.jpg,countries,FR,FR,0.8426254901960784,0.8370050980392156,0.8401070588235294,0.8399125490196079,0.13026588235294118,0.33440987666702526,0.33341039548055834,True,5,Balanced_Natural
1524,FR-14.jpg,countries,FR,FR,0.5697321568627451,0.4884956862745098,0.36144352941176466,0.4732237908496732,0.47692784313725495,0.4013124210058353,0.2545964381646685,True,0,Warm_Tones
1525,FR-15.jpg,countries,FR,FR,0.5132556862745098,0.5110333333333333,0.4867941176470588,0.5036943790849673,0.10348823529411766,0.3396605613284456,0.32214891655959627,True,2,Neutral_Colors
1526,FR-16.jpg,countries,FR,FR,0.7696160784313726,0.8239254901960784,0.7322345098039216,0.7752586928104576,0.17465686274509803,0.33090706997183167,0.31483434788074327,True,5,Balanced_Natural
1527,FR-17.jpg,countries,FR,FR,0.44850705882352937,0.4646058823529412,0.31850117647058823,0.41053803921568627,0.5927356862745099,0.36416170311418433,0.25860447140261594,True,4,Dark_Moody
1528,FR-18.jpg,countries,FR,FR,0.6021698039215686,0.5884674509803922,0.41794588235294117,0.5361943790849674,0.3958121568627451,0.3743477198209786,0.25982220803580636,True,2,Neutral_Colors
1529,FR-19.jpg,countries,FR,FR,0.36769999999999997,0.2166458823529412,0.1313964705882353,0.2385807843137255,0.6971247058823529,0.5137316308828082,0.1835804273253714,True,3,Vibrant_Bright
1530,FR-2.jpg,countries,FR,FR,0.16244666666666668,0.15447803921568629,0.11141686274509804,0.14278052287581702,0.6632847058823529,0.3792447413928498,0.260111581022904,True,4,Dark_Moody
1531,FR-20.jpg,countries,FR,FR,0.7566556862745099,0.7555003921568628,0.6725650980392157,0.7282403921568626,0.2220043137254902,0.346339545789243,0.3078492566618894,True,5,Balanced_Natural
1532,FR-21.jpg,countries,FR,FR,0.32961058823529416,0.48159490196078436,0.5305141176470589,0.4472398692810458,0.5818329411764706,0.24566261135778086,0.3953983523439197,True,1,Cool_Tones
1533,FR-22.jpg,countries,FR,FR,0.8676686274509804,0.8770533333333332,0.8147090196078431,0.8531436601307189,0.08684431372549019,0.33900827765621494,0.31831633966026057,True,5,Balanced_Natural
1534,FR-23.jpg,countries,FR,FR,0.472078431372549,0.45359529411764704,0.244181568627451,0.3899517647058824,0.6032737254901961,0.4035354032339584,0.20872783251691832,True,0,Warm_Tones
1535,FR-24.jpg,countries,FR,FR,0.38958196078431373,0.41674235294117645,0.33985960784313723,0.38206130718954245,0.5484635294117648,0.339894508689877,0.29651376618880804,True,4,Dark_Moody
1536,FR-25.jpg,countries,FR,FR,0.6075031372549019,0.7697309803921568,0.77358,0.7169380392156862,0.2706925490196079,0.28245251405871463,0.35966829210605433,True,5,Balanced_Natural
1537,FR-26.jpg,countries,FR,FR,0.3797023529411765,0.33769803921568625,0.23152509803921567,0.31630849673202616,0.6774278431372549,0.40013884833451946,0.24398633659323307,True,4,Dark_Moody
1538,FR-27.jpg,countries,FR,FR,0.4921858823529412,0.35835921568627455,0.21183058823529413,0.35412522875817,0.570596862745098,0.46328754076759193,0.19939310695731774,True,3,Vibrant_Bright
1539,FR-28.jpg,countries,FR,FR,0.7313937254901961,0.6088360784313726,0.5553870588235295,0.6318722875816994,0.3073749019607843,0.38583394884823674,0.29298471476696136,True,2,Neutral_Colors
1540,FR-29.jpg,countries,FR,FR,0.6458556862745097,0.7135345098039216,0.7043243137254902,0.6879048366013073,0.2955827450980392,0.3129577130211489,0.3412894414852799,True,2,Neutral_Colors
1541,FR-3.jpg,countries,FR,FR,0.1864494117647059,0.08412588235294119,0.06711607843137254,0.1125637908496732,0.5333521568627451,0.5521279925789286,0.19874916902847709,True,3,Vibrant_Bright
1542,FR-4.jpg,countries,FR,FR,0.4313654901960784,0.4894737254901961,0.45142509803921566,0.4574214379084967,0.5088443137254902,0.31434554665306463,0.32896342531144046,True,1,Cool_Tones
1543,FR-5.jpg,countries,FR,FR,0.7773337254901961,0.7597325490196079,0.7080941176470588,0.748386797385621,0.13763843137254902,0.34622621260355524,0.31538673349750274,True,5,Balanced_Natural
1544,FR-6.jpg,countries,FR,FR,0.9344333333333333,0.9228317647058824,0.9043666666666667,0.9205439215686275,0.052174901960784316,0.33836263288716145,0.32747535379237247,True,5,Balanced_Natural
1545,FR-7.jpg,countries,FR,FR,0.09513333333333333,0.10957411764705884,0.11404823529411764,0.1062518954248366,0.5324972549019608,0.29845125586292975,0.3577908800190643,True,4,Dark_Moody
1546,FR-8.jpg,countries,FR,FR,0.2888207843137255,0.30143411764705885,0.2372450980392157,0.2758333333333333,0.5199486274509805,0.34902771635771496,0.2867006783547279,True,4,Dark_Moody
1547,FR-9.jpg,countries,FR,FR,0.48274470588235296,0.44528352941176474,0.40463960784313724,0.444222614379085,0.2547619607843137,0.3622390576385929,0.3036310257622361,True,2,Neutral_Colors
1548,GB-0.jpg,countries,GB,GB,0.7258898039215687,0.7213717647058824,0.6775517647058824,0.7082711111111112,0.17142313725490196,0.3416250504969149,0.3188757502604772,True,5,Balanced_Natural
1549,GB-1.jpg,countries,GB,GB,0.7708490196078431,0.722761568627451,0.5513690196078431,0.6816598692810457,0.4019701960784314,0.37694686035231684,0.26962065923421047,True,2,Neutral_Colors
1550,GB-10.jpg,countries,GB,GB,0.8578294117647058,0.8352972549019608,0.7574768627450981,0.8168678431372549,0.158401568627451,0.35004808057325204,0.30909796079048313,True,5,Balanced_Natural
1551,GB-11.jpg,countries,GB,GB,0.2604019607843137,0.25773882352941174,0.27123607843137254,0.26312562091503267,0.6913674509803921,0.3298825227740158,0.34360740430208736,True,4,Dark_Moody
1552,GB-12.jpg,countries,GB,GB,0.6768470588235295,0.65898,0.7061290196078432,0.680652026143791,0.3459082352941176,0.33146977768185115,0.34580992277775496,True,2,Neutral_Colors
1553,GB-13.jpg,countries,GB,GB,0.5595862745098039,0.5599341176470588,0.44051215686274514,0.5200108496732025,0.42156745098039217,0.3587014361719798,0.28237351506932784,True,2,Neutral_Colors
1554,GB-14.jpg,countries,GB,GB,0.19699882352941175,0.15562862745098038,0.05969882352941176,0.13744209150326797,0.6563576470588235,0.477772962663249,0.1447850462969854,True,3,Vibrant_Bright
1555,GB-15.jpg,countries,GB,GB,0.7333086274509804,0.6956121568627451,0.5311556862745098,0.6533588235294118,0.3342301960784314,0.374122267336152,0.27098708813540195,True,2,Neutral_Colors
1556,GB-16.jpg,countries,GB,GB,0.5390811764705882,0.43212588235294114,0.2279035294117647,0.3997035294117646,0.5976262745098039,0.4495671476780089,0.19006031769500728,True,3,Vibrant_Bright
1557,GB-17.jpg,countries,GB,GB,0.932670588235294,0.9153113725490196,0.8616549019607843,0.9032122875816994,0.10270784313725491,0.3442048847407298,0.31799633220649387,True,5,Balanced_Natural
1558,GB-18.jpg,countries,GB,GB,0.6273419607843137,0.547895294117647,0.4682121568627451,0.5478164705882352,0.3343819607843137,0.38172247625694156,0.28489582253959694,True,2,Neutral_Colors
1559,GB-19.jpg,countries,GB,GB,0.22778313725490196,0.16580117647058823,0.05649686274509804,0.1500270588235294,0.32369411764705885,0.5060923297187865,0.12552566108733695,True,3,Vibrant_Bright
1560,GB-2.jpg,countries,GB,GB,0.23427333333333333,0.361061568627451,0.4900741176470588,0.3618030065359477,0.5895439215686274,0.21583855787325043,0.4515105893569343,True,1,Cool_Tones
1561,GB-20.jpg,countries,GB,GB,0.7891486274509804,0.7952494117647059,0.7904780392156863,0.7916253594771242,0.07885647058823529,0.3322903044616608,0.3328500857559348,True,5,Balanced_Natural
1562,GB-21.jpg,countries,GB,GB,0.7280886274509804,0.6994901960784314,0.6572192156862745,0.6949326797385621,0.269221568627451,0.34923683950127465,0.31524343753224493,True,5,Balanced_Natural
1563,GB-22.jpg,countries,GB,GB,0.4827866666666667,0.5139662745098039,0.5234568627450981,0.5067366013071896,0.4285862745098039,0.31757876303816535,0.34433176069712,True,2,Neutral_Colors
1564,GB-23.jpg,countries,GB,GB,0.7128443137254902,0.7079196078431372,0.597143137254902,0.6726356862745098,0.2603196078431373,0.3532590648064952,0.29592187545107745,True,2,Neutral_Colors
1565,GB-24.jpg,countries,GB,GB,0.13023137254901962,0.2672043137254902,0.29051333333333335,0.22931633986928104,0.46176039215686276,0.1893035378111571,0.4222884294689557,True,1,Cool_Tones
1566,GB-25.jpg,countries,GB,GB,0.6158925490196079,0.5493960784313726,0.41632,0.5272028758169934,0.3136525490196078,0.3894087000546515,0.2632255094899536,True,2,Neutral_Colors
1567,GB-26.jpg,countries,GB,GB,0.4561156862745098,0.465318431372549,0.46001647058823525,0.4604835294117647,0.395061568627451,0.33017131411544076,0.3329949992499365,True,2,Neutral_Colors
1568,GB-27.jpg,countries,GB,GB,0.5977278431372549,0.5889360784313725,0.6183011764705882,0.6016550326797385,0.18313803921568628,0.33115737951343416,0.34255556220267286,True,2,Neutral_Colors
1569,GB-28.jpg,countries,GB,GB,0.32211490196078435,0.23111450980392156,0.15084274509803922,0.23469071895424834,0.6580262745098039,0.45750203486820157,0.2142429996481816,True,3,Vibrant_Bright
1570,GB-3.jpg,countries,GB,GB,0.6659007843137255,0.7586796078431373,0.5428427450980392,0.6558077124183006,0.4312152941176471,0.3384632584831659,0.27591546470272255,True,2,Neutral_Colors
1571,GB-4.jpg,countries,GB,GB,0.6957733333333334,0.6099945098039216,0.49774549019607844,0.6011711111111112,0.5003376470588236,0.3857875263166747,0.27598643437234216,True,2,Neutral_Colors
1572,GB-5.jpg,countries,GB,GB,0.4829423529411765,0.5895019607843137,0.4909050980392157,0.5211164705882353,0.4193568627450981,0.3089149747279194,0.3140083594471206,True,2,Neutral_Colors
1573,GB-6.jpg,countries,GB,GB,0.4949027450980392,0.48154470588235293,0.31237254901960787,0.4296066666666667,0.4758552941176471,0.3839964937706937,0.24237077842431795,True,0,Warm_Tones
1574,GB-7.jpg,countries,GB,GB,0.39275450980392157,0.4750592156862745,0.33200117647058824,0.39993830065359476,0.527047843137255,0.32734564457936205,0.27671009854763506,True,4,Dark_Moody
1575,GB-8.jpg,countries,GB,GB,0.795638431372549,0.7345227450980393,0.6628254901960784,0.7309955555555555,0.23246862745098038,0.3628102626686982,0.30224770538886375,True,5,Balanced_Natural
1576,GB-9.jpg,countries,GB,GB,0.74068,0.5808207843137254,0.31384039215686277,0.5451137254901961,0.5961329411764706,0.4529205023003461,0.19191114659208278,True,0,Warm_Tones
1577,GE-0.jpg,countries,GE,GE,0.3403290196078432,0.36614,0.26678392156862746,0.32441764705882353,0.5798678431372549,0.3496816249173911,0.2741154289559195,True,4,Dark_Moody
1578,GE-1.jpg,countries,GE,GE,0.4298176470588235,0.35921294117647057,0.2860403921568627,0.3583569934640523,0.4326160784313725,0.3998035991060225,0.26606627032779984,True,4,Dark_Moody
1579,GE-2.jpg,countries,GE,GE,0.5935996078431373,0.6232027450980392,0.49656,0.5711207843137255,0.4347831372549019,0.34645284482369626,0.2898159337583591,True,2,Neutral_Colors
1580,GR-0.jpg,countries,GR,GR,0.46666,0.5999819607843137,0.5886854901960784,0.551775816993464,0.4775423529411765,0.2819138399534026,0.35563062415040414,True,2,Neutral_Colors
1581,GR-1.jpg,countries,GR,GR,0.5766466666666668,0.5915913725490196,0.4381556862745098,0.5354645751633987,0.3095674509803922,0.3589694721455845,0.27275717438676556,True,2,Neutral_Colors
1582,GR-2.jpg,countries,GR,GR,0.5820803921568627,0.5714478431372549,0.3273772549019608,0.4936351633986928,0.5770129411764705,0.3930568175711032,0.221065446784972,True,0,Warm_Tones
1583,GR-3.jpg,countries,GR,GR,0.6949,0.6926384313725491,0.6090513725490196,0.6655299346405229,0.21785333333333332,0.34804327388222184,0.30504566651953025,True,2,Neutral_Colors
1584,GR-4.jpg,countries,GR,GR,0.5336125490196079,0.5048866666666667,0.3593929411764706,0.4659640522875817,0.5044776470588235,0.3817262760032251,0.25709614458879443,True,0,Warm_Tones
1585,GR-5.jpg,countries,GR,GR,0.7279003921568628,0.7224117647058824,0.6113094117647059,0.6872071895424837,0.42322666666666664,0.3530716064296244,0.2965185873822152,True,2,Neutral_Colors
1586,GR-6.jpg,countries,GR,GR,0.41710117647058825,0.3661203921568627,0.3536443137254902,0.37895529411764706,0.3572807843137255,0.36688655720828617,0.3110692370540011,True,4,Dark_Moody
1587,GU-0.jpg,countries,GU,GU,0.48173019607843137,0.4872858823529412,0.3631376470588235,0.44405124183006534,0.5043647058823529,0.36161730079902543,0.2725941965376424,True,0,Warm_Tones
1588,HK-0.jpg,countries,HK,HK,0.4845478431372549,0.2652050980392157,0.19702509803921567,0.3155926797385621,0.6893105882352941,0.5117855624884295,0.20810040133802674,True,3,Vibrant_Bright
1589,HK-1.jpg,countries,HK,HK,0.43788745098039217,0.2587094117647059,0.11481607843137254,0.27047098039215683,0.6978282352941176,0.5396597578117752,0.14150123950902357,True,3,Vibrant_Bright
1590,HK-10.jpg,countries,HK,HK,0.22970000000000002,0.41819843137254903,0.5285141176470588,0.3921375163398693,0.6576082352941176,0.19525446658738838,0.4492587815632594,True,1,Cool_Tones
1591,HK-11.jpg,countries,HK,HK,0.2825890196078431,0.2764407843137255,0.30848000000000003,0.28916993464052293,0.4919329411764706,0.3257469743666637,0.35559211321117973,True,4,Dark_Moody
1592,HK-12.jpg,countries,HK,HK,0.1441054901960784,0.07208666666666667,0.021864313725490196,0.07935215686274509,0.26701098039215687,0.6053390798448652,0.09184468637536941,True,3,Vibrant_Bright
1593,HK-13.jpg,countries,HK,HK,0.2997101960784314,0.23354156862745098,0.11228274509803922,0.21517816993464056,0.5867411764705882,0.4642815019881198,0.17393736423910214,True,3,Vibrant_Bright
1594,HK-14.jpg,countries,HK,HK,0.4826435294117647,0.5030407843137255,0.5013490196078431,0.4956777777777777,0.45572274509803923,0.3245678452694982,0.3371469026434784,True,2,Neutral_Colors
1595,HK-2.jpg,countries,HK,HK,0.6991937254901961,0.6697533333333334,0.5854380392156863,0.6514616993464052,0.2939443137254902,0.35775619064814207,0.2995508614203923,True,2,Neutral_Colors
1596,HK-3.jpg,countries,HK,HK,0.3409835294117647,0.43010039215686274,0.4918866666666667,0.4209901960784313,0.47611764705882353,0.2699851149369156,0.38946772140295155,True,1,Cool_Tones
1597,HK-4.jpg,countries,HK,HK,0.649604705882353,0.4853576470588235,0.41834509803921566,0.5177691503267974,0.4888886274509804,0.41820715355816546,0.2693251928006774,True,0,Warm_Tones
1598,HK-5.jpg,countries,HK,HK,0.2159407843137255,0.23457333333333333,0.2869705882352941,0.24582823529411765,0.32312431372549016,0.29280673861382384,0.38912020388510815,True,4,Dark_Moody
1599,HK-6.jpg,countries,HK,HK,0.9422505882352941,0.9374901960784314,0.8977807843137255,0.925840522875817,0.06400627450980392,0.3392413796662396,0.32323077927585503,True,5,Balanced_Natural
1600,HK-7.jpg,countries,HK,HK,0.7832039215686275,0.646058431372549,0.5079976470588236,0.6457533333333334,0.37513607843137253,0.40428415250636207,0.26222468064903154,True,2,Neutral_Colors
1601,HK-8.jpg,countries,HK,HK,0.5461423529411765,0.49626941176470585,0.4028619607843137,0.48175790849673206,0.5649121568627451,0.3778813420790574,0.2787442094427233,True,0,Warm_Tones
1602,HK-9.jpg,countries,HK,HK,0.5339286274509805,0.5048329411764706,0.43708862745098037,0.4919500653594771,0.3083588235294118,0.36177673526281834,0.296160364007153,True,2,Neutral_Colors
1603,HR-0.jpg,countries,HR,HR,0.6376129411764705,0.6494709803921569,0.594321568627451,0.6271351633986928,0.20518627450980392,0.3389022757703037,0.31589216457178876,True,2,Neutral_Colors
1604,HR-1.jpg,countries,HR,HR,0.441936862745098,0.48877607843137255,0.467956862745098,0.4662232679738562,0.5599305882352941,0.3159691769542935,0.334572553765367,True,1,Cool_Tones
1605,HU-0.jpg,countries,HU,HU,0.5155580392156862,0.5219192156862745,0.6229286274509804,0.5534686274509805,0.5154792156862745,0.31050102519756817,0.37516625236353895,True,2,Neutral_Colors
1606,HU-1.jpg,countries,HU,HU,0.44328666666666666,0.5600850980392157,0.3202913725490196,0.44122104575163396,0.4631694117647059,0.33489361401449047,0.24197329483690633,True,0,Warm_Tones
1607,HU-2.jpg,countries,HU,HU,0.3823752941176471,0.5042560784313725,0.40418156862745097,0.4302709803921569,0.27400823529411766,0.2962280479936121,0.3131214776461686,True,4,Dark_Moody
1608,ID-0.jpg,countries,ID,ID,0.49913137254901957,0.6571772549019608,0.6685913725490197,0.6083,0.4307129411764706,0.27351147955369615,0.36637131140210877,True,2,Neutral_Colors
1609,ID-1.jpg,countries,ID,ID,0.617475294117647,0.5413419607843137,0.39979607843137255,0.5195377777777778,0.447998431372549,0.3961693928459405,0.25650737958783426,True,0,Warm_Tones
1610,IE-0.jpg,countries,IE,IE,0.5145258823529412,0.5449490196078431,0.4498227450980392,0.5030992156862745,0.3758501960784314,0.340903957845321,0.298034286305504,True,2,Neutral_Colors
1611,IE-1.jpg,countries,IE,IE,0.3162035294117647,0.3847227450980392,0.18990745098039216,0.2969445751633987,0.5854188235294118,0.35495195726431594,0.2131792189352436,True,4,Dark_Moody
1612,IE-2.jpg,countries,IE,IE,0.5268090196078431,0.3732458823529412,0.1901,0.36338496732026143,0.6865964705882353,0.48324190940058204,0.17437872845350003,True,3,Vibrant_Bright
1613,IE-3.jpg,countries,IE,IE,0.8047498039215686,0.8055180392156863,0.8066717647058824,0.8056465359477124,0.07031764705882353,0.3329621759467736,0.33375737992409804,True,5,Balanced_Natural
1614,IL-0.jpg,countries,IL,IL,0.43207843137254903,0.4761588235294118,0.19947529411764706,0.3692375163398693,0.621735294117647,0.3900633261685425,0.18007840952581516,True,0,Warm_Tones
1615,IN-0.jpg,countries,IN,IN,0.5769,0.5805423529411764,0.5067329411764706,0.5547250980392157,0.35045019607843136,0.346657984517124,0.304494747922811,True,2,Neutral_Colors
1616,IN-1.jpg,countries,IN,IN,0.48789764705882355,0.383475294117647,0.29152117647058823,0.38763137254901964,0.4828513725490196,0.4195543000008549,0.2506856998939311,True,0,Warm_Tones
1617,IN-2.jpg,countries,IN,IN,0.3802572549019608,0.29340745098039217,0.21183294117647058,0.29516588235294117,0.5877984313725491,0.4294272567947812,0.2392244662146825,True,3,Vibrant_Bright
1618,IN-3.jpg,countries,IN,IN,0.44317725490196075,0.36119764705882357,0.2541207843137255,0.3528318954248366,0.5723470588235294,0.4186855383192267,0.24007707119814448,True,4,Dark_Moody
1619,IN-4.jpg,countries,IN,IN,0.5551682352941176,0.4514258823529412,0.3622827450980392,0.4562922875816993,0.5169611764705883,0.4055644775939348,0.2646567345106528,True,0,Warm_Tones
1620,IN-5.jpg,countries,IN,IN,0.5388580392156863,0.5339858823529412,0.4332737254901961,0.5020392156862745,0.2612094117647059,0.35777927606698073,0.2876756929716667,True,2,Neutral_Colors
1621,IS-0.jpg,countries,IS,IS,0.5576886274509804,0.6087349019607843,0.6011411764705882,0.5891882352941176,0.2013470588235294,0.3155122469252634,0.3400955192047608,True,2,Neutral_Colors
1622,IT-0.jpg,countries,IT,IT,0.7814188235294117,0.728583137254902,0.6377847058823529,0.715928888888889,0.24789960784313725,0.3638249886880865,0.2969496080923981,True,5,Balanced_Natural
1623,IT-1.jpg,countries,IT,IT,0.4662411764705882,0.4715286274509804,0.4019741176470588,0.44658130718954253,0.4210505882352941,0.34800742213278496,0.3000377991180674,True,4,Dark_Moody
1624,IT-10.jpg,countries,IT,IT,0.6886894117647059,0.6469937254901961,0.5581352941176471,0.6312728104575164,0.3726878431372549,0.36365104315440305,0.2947141025547179,True,2,Neutral_Colors
1625,IT-11.jpg,countries,IT,IT,0.0633278431372549,0.44087215686274506,0.42674627450980396,0.3103154248366013,0.8655639215686274,0.06802516627013121,0.458400047128888,True,1,Cool_Tones
1626,IT-2.jpg,countries,IT,IT,0.6475262745098039,0.6315145098039217,0.594961568627451,0.6246674509803922,0.30820117647058826,0.3455310117207294,0.31748159238545737,True,2,Neutral_Colors
1627,IT-3.jpg,countries,IT,IT,0.6807501960784313,0.6767137254901961,0.54986,0.6357746405228758,0.3364537254901961,0.3569135957802968,0.28828858354547304,True,2,Neutral_Colors
1628,IT-4.jpg,countries,IT,IT,0.35147254901960784,0.45169254901960787,0.3455305882352941,0.3828985620915033,0.5832023529411765,0.3059750700243725,0.3008022852019623,True,4,Dark_Moody
1629,IT-5.jpg,countries,IT,IT,0.3806933333333334,0.6355549019607842,0.6796458823529411,0.5652980392156862,0.5167027450980392,0.22447929083109808,0.40075938380900844,True,1,Cool_Tones
1630,IT-6.jpg,countries,IT,IT,0.46424039215686275,0.4605196078431373,0.36350823529411763,0.42942274509803924,0.4219443137254902,0.3603597597755834,0.28216790817885756,True,4,Dark_Moody
1631,IT-7.jpg,countries,IT,IT,0.7165286274509803,0.6250803921568627,0.3151207843137255,0.5522432679738561,0.6062003921568627,0.43249550606225207,0.1902063893348383,True,0,Warm_Tones
1632,IT-8.jpg,countries,IT,IT,0.5028756862745098,0.5158274509803922,0.40440039215686274,0.47436784313725494,0.40804823529411766,0.3533652489198188,0.2841677359596489,True,2,Neutral_Colors
1633,IT-9.jpg,countries,IT,IT,0.5287639215686275,0.7052007843137255,0.5573521568627451,0.5971056209150326,0.33313019607843136,0.2951815155565553,0.31114084688946997,True,2,Neutral_Colors
1634,JP-0.jpg,countries,JP,JP,0.17278117647058822,0.33220941176470586,0.37871960784313724,0.2945700653594771,0.7902254901960784,0.1955176954160186,0.42855585571818994,True,1,Cool_Tones
1635,JP-1.jpg,countries,JP,JP,0.7037435294117647,0.621021568627451,0.5433141176470588,0.6226930718954248,0.3240850980392157,0.3767201876570548,0.2908408927437103,True,2,Neutral_Colors
1636,JP-10.jpg,countries,JP,JP,0.5024101960784314,0.5081254901960784,0.3948301960784314,0.468455294117647,0.32971764705882356,0.35749397711526343,0.2809445711552455,True,2,Neutral_Colors
1637,JP-11.jpg,countries,JP,JP,0.3032392156862745,0.30347411764705884,0.36354274509803924,0.3234186928104575,0.585618431372549,0.3125349172165024,0.3746870321067728,True,1,Cool_Tones
1638,JP-12.jpg,countries,JP,JP,0.45024549019607846,0.42506784313725493,0.13243372549019608,0.33591568627450985,0.7678380392156863,0.44678378316273454,0.1314155103854058,True,3,Vibrant_Bright
1639,JP-13.jpg,countries,JP,JP,0.6888270588235295,0.6760176470588235,0.5781505882352942,0.6476650980392157,0.2978505882352941,0.3545179478257005,0.29755619708880804,True,2,Neutral_Colors
1640,JP-14.jpg,countries,JP,JP,0.9103725490196078,0.8869443137254902,0.7824709803921569,0.8599292810457516,0.16836745098039216,0.35288645868881,0.303308149608323,True,5,Balanced_Natural
1641,JP-15.jpg,countries,JP,JP,0.32787058823529414,0.6704792156862744,0.7850607843137254,0.5944701960784313,0.6247188235294118,0.1838445989687248,0.44020168394809633,True,1,Cool_Tones
1642,JP-16.jpg,countries,JP,JP,0.13007450980392155,0.18486039215686276,0.4648882352941176,0.25994104575163396,0.8151698039215687,0.16679979958276664,0.5961449679290436,True,1,Cool_Tones
1643,JP-17.jpg,countries,JP,JP,0.94196,0.9016870588235295,0.638636862745098,0.8274279738562091,0.33674156862745097,0.3794729572803223,0.2572778238291537,True,5,Balanced_Natural
1644,JP-18.jpg,countries,JP,JP,0.7700192156862744,0.846715294117647,0.6667886274509804,0.7611743790849673,0.2961580392156863,0.3372065147565899,0.29199981579899065,True,5,Balanced_Natural
1645,JP-19.jpg,countries,JP,JP,0.3318792156862745,0.36474823529411765,0.3076137254901961,0.33474705882352945,0.35395803921568625,0.3304772727756415,0.3063142862325354,True,4,Dark_Moody
1646,JP-2.jpg,countries,JP,JP,0.7409443137254902,0.5428098039215686,0.3956737254901961,0.5598092810457517,0.5205294117647059,0.4411882746644807,0.23560017270577435,True,0,Warm_Tones
1647,JP-20.jpg,countries,JP,JP,0.8806611764705883,0.8667639215686275,0.8295870588235295,0.8590040522875816,0.10204274509803922,0.3417371673580064,0.3219180533146631,True,5,Balanced_Natural
1648,JP-21.jpg,countries,JP,JP,0.7583717647058824,0.7687678431372549,0.6729227450980393,0.7333541176470589,0.19329529411764707,0.34470451211872855,0.3058651671091361,True,5,Balanced_Natural
1649,JP-22.jpg,countries,JP,JP,0.9446678431372549,0.8730756862745098,0.7458203921568628,0.8545213071895424,0.22426941176470588,0.36849772564340566,0.2909309555150647,True,5,Balanced_Natural
1650,JP-23.jpg,countries,JP,JP,0.9502674509803921,0.9294560784313726,0.8608811764705883,0.9135349019607842,0.10524941176470588,0.3467362886024673,0.3141207706832176,True,5,Balanced_Natural
1651,JP-24.jpg,countries,JP,JP,0.4053749019607843,0.37840588235294115,0.3061607843137255,0.3633138562091503,0.2796458823529412,0.3719231761644718,0.2808962537349738,True,4,Dark_Moody
1652,JP-25.jpg,countries,JP,JP,0.5084027450980392,0.5286054901960784,0.5533843137254902,0.5301308496732027,0.3924356862745098,0.3196710307404366,0.3479543249321037,True,2,Neutral_Colors
1653,JP-26.jpg,countries,JP,JP,0.32381058823529413,0.2711886274509804,0.14270039215686273,0.2458998692810457,0.6229623529411765,0.43894580645939824,0.19343943957710033,True,3,Vibrant_Bright
1654,JP-27.jpg,countries,JP,JP,0.3876678431372549,0.5087239215686274,0.2936937254901961,0.3966951633986928,0.5975823529411765,0.32574762114422695,0.24678351355942812,True,4,Dark_Moody
1655,JP-28.jpg,countries,JP,JP,0.9493070588235294,0.7054639215686275,0.5967525490196078,0.7505078431372549,0.3813086274509804,0.42162856607720195,0.2650437697765238,True,5,Balanced_Natural
1656,JP-29.jpg,countries,JP,JP,0.33649372549019607,0.33809254901960784,0.29837411764705885,0.32432013071895427,0.3190219607843137,0.3458448898411643,0.3066659376746928,True,4,Dark_Moody
1657,JP-3.jpg,countries,JP,JP,0.5901258823529412,0.7327058823529412,0.6579701960784313,0.660267320261438,0.35781882352941174,0.29792255667836665,0.3321734716197633,True,2,Neutral_Colors
1658,JP-30.jpg,countries,JP,JP,0.7696850980392157,0.7046039215686275,0.5410807843137254,0.6717899346405228,0.35668196078431375,0.38190743685556,0.2684770382010468,True,2,Neutral_Colors
1659,JP-31.jpg,countries,JP,JP,0.6623658823529411,0.7255156862745098,0.5479517647058824,0.6452777777777778,0.3321772549019608,0.3421604168019928,0.2830571579760952,True,2,Neutral_Colors
1660,JP-32.jpg,countries,JP,JP,0.5551941176470588,0.24657372549019607,0.20654588235294116,0.3361045751633987,0.7145435294117647,0.5506158976079112,0.20484267176850768,True,3,Vibrant_Bright
1661,JP-33.jpg,countries,JP,JP,0.657341568627451,0.6493490196078432,0.7104964705882353,0.6723956862745099,0.30423803921568626,0.32587024583658686,0.352221235635617,True,2,Neutral_Colors
1662,JP-34.jpg,countries,JP,JP,0.7760639215686275,0.6530109803921569,0.5541180392156863,0.6610643137254901,0.3510129411764706,0.39132023623884754,0.27940688387085955,True,2,Neutral_Colors
1663,JP-35.jpg,countries,JP,JP,0.8795945098039216,0.817066274509804,0.6875235294117648,0.7947281045751634,0.23323843137254902,0.3689287509407065,0.2883683266790413,True,5,Balanced_Natural
1664,JP-36.jpg,countries,JP,JP,0.7554639215686275,0.5257882352941177,0.3821498039215686,0.554467320261438,0.49761803921568626,0.4541677148466885,0.22973976416477013,True,0,Warm_Tones
1665,JP-37.jpg,countries,JP,JP,0.9272486274509804,0.8196223529411765,0.5355219607843137,0.7607976470588235,0.45688823529411765,0.40626143047550584,0.2346316957484896,True,5,Balanced_Natural
1666,JP-4.jpg,countries,JP,JP,0.8581301960784314,0.82736,0.7017129411764707,0.7957343790849674,0.2144443137254902,0.3594708063237583,0.29394760599878383,True,5,Balanced_Natural
1667,JP-5.jpg,countries,JP,JP,0.2089807843137255,0.2204078431372549,0.1915843137254902,0.20699098039215688,0.3135392156862745,0.3365371241147405,0.3085223082993189,True,4,Dark_Moody
1668,JP-6.jpg,countries,JP,JP,0.7153976470588236,0.5119823529411764,0.49993450980392157,0.5757715032679739,0.4012564705882353,0.4141673266976181,0.289428600024944,True,2,Neutral_Colors
1669,JP-7.jpg,countries,JP,JP,0.6027717647058823,0.3793541176470588,0.18646588235294118,0.38953058823529413,0.6350368627450981,0.5158099407346504,0.15956446760978527,True,3,Vibrant_Bright
1670,JP-8.jpg,countries,JP,JP,0.6920823529411765,0.8203886274509803,0.6445882352941177,0.7190197385620914,0.29299450980392155,0.320845170620788,0.298827186467319,True,5,Balanced_Natural
1671,JP-9.jpg,countries,JP,JP,0.7558729411764706,0.7992164705882353,0.7616996078431372,0.7722630065359478,0.11049999999999999,0.32625871778591964,0.32877369178760013,True,5,Balanced_Natural
1672,KR-0.jpg,countries,KR,KR,0.9690552941176471,0.956743137254902,0.9180980392156863,0.9479654901960785,0.06966470588235295,0.3407490263413774,0.32283092084391696,True,5,Balanced_Natural
1673,KR-1.jpg,countries,KR,KR,0.4812239215686275,0.5925854901960784,0.5476537254901961,0.5404877124183006,0.40531215686274513,0.29678357387745097,0.3377525983506241,True,2,Neutral_Colors
1674,KR-2.jpg,countries,KR,KR,0.7701666666666667,0.7753447058823529,0.7486905882352941,0.7647339869281046,0.10324235294117647,0.3357011911463019,0.32634017174284397,True,5,Balanced_Natural
1675,KR-3.jpg,countries,KR,KR,0.9430062745098039,0.9494517647058823,0.8847964705882353,0.9257515032679738,0.0820356862745098,0.3395460990826809,0.3185866289453156,True,5,Balanced_Natural
1676,KR-4.jpg,countries,KR,KR,0.2904650980392157,0.31874313725490194,0.3101698039215686,0.30645934640522876,0.37600627450980395,0.31593617610317587,0.33736880077902537,True,4,Dark_Moody
1677,KZ-0.jpg,countries,KZ,KZ,0.5260839215686274,0.5202862745098039,0.41276235294117647,0.4863775163398693,0.39706392156862746,0.36054542226248126,0.28288181929509576,True,2,Neutral_Colors
1678,KZ-1.jpg,countries,KZ,KZ,0.3849474509803922,0.41355176470588234,0.42450784313725487,0.40766901960784313,0.2902227450980392,0.31475463158492334,0.347101427561818,True,4,Dark_Moody
1679,LC-0.jpg,countries,LC,LC,0.8763392156862745,0.8555949019607844,0.8100603921568628,0.8473315032679739,0.13324039215686276,0.3447445962459121,0.31867105548874364,True,5,Balanced_Natural
1680,LT-0.jpg,countries,LT,LT,0.5530043137254902,0.5257521568627451,0.3788356862745098,0.48586405228758167,0.5205592156862745,0.37939552001996957,0.25990495666836,True,0,Warm_Tones
1681,LT-1.jpg,countries,LT,LT,0.7810509803921569,0.7177458823529412,0.709823137254902,0.7362066666666666,0.17379450980392155,0.3536373965438873,0.32138747990483746,True,5,Balanced_Natural
1682,LT-10.jpg,countries,LT,LT,0.19225607843137255,0.19465529411764704,0.20295882352941177,0.19662339869281045,0.2828101960784314,0.32592891415876063,0.3440731211808919,True,4,Dark_Moody
1683,LT-11.jpg,countries,LT,LT,0.7160980392156863,0.6566658823529412,0.5307192156862746,0.6344943790849674,0.3199137254901961,0.3762038386347693,0.2788146248760696,True,2,Neutral_Colors
1684,LT-12.jpg,countries,LT,LT,0.8351588235294117,0.813363137254902,0.7956266666666667,0.8147162091503267,0.14915490196078432,0.34169709339783927,0.32552289668797035,True,5,Balanced_Natural
1685,LT-13.jpg,countries,LT,LT,0.3432713725490196,0.4145862745098039,0.31926901960784315,0.3590422222222222,0.6005807843137255,0.31869144500885815,0.2964077792151316,True,4,Dark_Moody
1686,LT-2.jpg,countries,LT,LT,0.5077305882352942,0.6119960784313725,0.3288541176470588,0.4828602614379085,0.5132972549019609,0.35050184513802557,0.22701798490642727,True,0,Warm_Tones
1687,LT-3.jpg,countries,LT,LT,0.8072678431372549,0.7976905882352942,0.7863227450980392,0.7970937254901962,0.09856705882352941,0.3375878644019926,0.3288289240120594,True,5,Balanced_Natural
1688,LT-4.jpg,countries,LT,LT,0.3443392156862745,0.40011019607843135,0.13672705882352942,0.2937254901960784,0.7315882352941177,0.3907716971660758,0.15516404287124644,True,3,Vibrant_Bright
1689,LT-5.jpg,countries,LT,LT,0.5378058823529411,0.5809050980392156,0.3243858823529412,0.4810322875816994,0.5910513725490196,0.37267457477202054,0.22478439662843513,True,0,Warm_Tones
1690,LT-6.jpg,countries,LT,LT,0.5599435294117646,0.4223905882352941,0.33696862745098044,0.43976758169934643,0.5260796078431372,0.4244235123960438,0.2554139853714581,True,0,Warm_Tones
1691,LT-7.jpg,countries,LT,LT,0.37784823529411765,0.40505607843137253,0.41202078431372546,0.3983083660130719,0.33525647058823527,0.3162105471745394,0.3448085910834325,True,4,Dark_Moody
1692,LT-8.jpg,countries,LT,LT,0.3228839215686275,0.2593529411764706,0.15236,0.2448656209150327,0.6972886274509804,0.4395383351131075,0.20740599411853744,True,3,Vibrant_Bright
1693,LT-9.jpg,countries,LT,LT,0.6640760784313726,0.657261568627451,0.6249960784313725,0.648777908496732,0.06569960784313725,0.3411931512777799,0.3211143850264314,True,5,Balanced_Natural
1694,LU-0.jpg,countries,LU,LU,0.9078874509803921,0.9044611764705882,0.8788129411764706,0.8970538562091503,0.043307058823529414,0.33735882832356484,0.3265551295270443,True,5,Balanced_Natural
1695,LU-1.jpg,countries,LU,LU,0.6750498039215687,0.7184839215686275,0.5490572549019608,0.6475303267973856,0.48308039215686277,0.3474995319322251,0.28264157396095135,True,2,Neutral_Colors
1696,LU-2.jpg,countries,LU,LU,0.6462745098039216,0.4755301960784314,0.3450901960784314,0.48896496732026146,0.5653356862745098,0.4405728511069213,0.23525200092055132,True,0,Warm_Tones
1697,LU-3.jpg,countries,LU,LU,0.42211921568627453,0.3762713725490196,0.2562956862745098,0.351562091503268,0.5420592156862745,0.40023163821945845,0.24300633227383026,True,4,Dark_Moody
1698,LV-0.jpg,countries,LV,LV,0.38425019607843136,0.3960090196078431,0.3452443137254902,0.3751678431372549,0.2299678431372549,0.3414026208133134,0.3067462677435241,True,4,Dark_Moody
1699,LV-1.jpg,countries,LV,LV,0.5637411764705882,0.5314611764705883,0.3605862745098039,0.48526287581699346,0.40317764705882353,0.38724082507557955,0.2476911963860971,True,0,Warm_Tones
1700,LV-2.jpg,countries,LV,LV,0.7456635294117647,0.6533823529411765,0.5449619607843138,0.648002614379085,0.3313058823529412,0.38357002955213293,0.28032895154162485,True,2,Neutral_Colors
1701,LV-3.jpg,countries,LV,LV,0.4007717647058823,0.5166964705882353,0.33454392156862744,0.41733738562091505,0.4645713725490196,0.3201018795282659,0.2672047971180407,True,4,Dark_Moody
1702,MD-0.jpg,countries,MD,MD,0.6894062745098039,0.6943678431372549,0.5599470588235294,0.6479070588235293,0.3549541176470588,0.3546835462677224,0.28807978094908687,True,2,Neutral_Colors
1703,MD-1.jpg,countries,MD,MD,0.6065396078431372,0.4920094117647059,0.3349933333333333,0.4778474509803921,0.57138,0.4231051726470011,0.23368203873711474,True,0,Warm_Tones
1704,MT-0.jpg,countries,MT,MT,0.837478431372549,0.8166058823529412,0.7875407843137255,0.8138750326797385,0.1618078431372549,0.34300027839852243,0.3225476599165498,True,5,Balanced_Natural
1705,MX-0.jpg,countries,MX,MX,0.570907843137255,0.4992901960784314,0.3583878431372549,0.47619529411764705,0.5174941176470589,0.3996311671271588,0.2508687763861974,True,0,Warm_Tones
1706,MY-0.jpg,countries,MY,MY,0.44386745098039215,0.5207792156862745,0.36394039215686275,0.44286235294117643,0.46983254901960786,0.33408959837666974,0.2739301996129136,True,4,Dark_Moody
1707,MY-1.jpg,countries,MY,MY,0.8815639215686274,0.8730556862745098,0.8356521568627451,0.8634239215686274,0.07192745098039216,0.3403363281197632,0.3226116447074758,True,5,Balanced_Natural
1708,MY-2.jpg,countries,MY,MY,0.3692435294117647,0.5821745098039216,0.6486239215686275,0.5333473202614379,0.4515149019607843,0.23077100956762298,0.4053790663537453,True,1,Cool_Tones
1709,MY-3.jpg,countries,MY,MY,0.3488572549019608,0.5431560784313725,0.49943529411764703,0.4638162091503268,0.5401298039215686,0.2507149723709641,0.358931638102179,True,1,Cool_Tones
1710,MY-4.jpg,countries,MY,MY,0.8278764705882352,0.7890690196078431,0.7656482352941176,0.794197908496732,0.1400356862745098,0.3474684392318998,0.32135059609711547,True,5,Balanced_Natural
1711,NL-0.jpg,countries,NL,NL,0.7571180392156863,0.7629266666666666,0.7502929411764706,0.7567792156862745,0.05967882352941176,0.33348242571499936,0.33047622307291447,True,5,Balanced_Natural
1712,NL-1.jpg,countries,NL,NL,0.19282823529411763,0.14739803921568628,0.11108117647058824,0.15043581699346406,0.5665015686274509,0.4272648448643728,0.24613139024825031,True,3,Vibrant_Bright
1713,NL-10.jpg,countries,NL,NL,0.5319850980392158,0.3643376470588235,0.19225450980392159,0.36285908496732033,0.6727074509803922,0.4886971567212935,0.17661064690405406,True,3,Vibrant_Bright
1714,NL-11.jpg,countries,NL,NL,0.8326050980392157,0.8219576470588235,0.6166105882352941,0.7570577777777778,0.30900666666666665,0.36659673624315153,0.2714941689792318,True,5,Balanced_Natural
1715,NL-12.jpg,countries,NL,NL,0.9895235294117647,0.9297607843137254,0.9311890196078432,0.9501577777777778,0.06360117647058823,0.34714346234951704,0.326678619315584,True,5,Balanced_Natural
1716,NL-13.jpg,countries,NL,NL,0.3079541176470588,0.43252549019607844,0.43000392156862743,0.3901611764705882,0.41285490196078434,0.26309969069119044,0.3673725801269061,True,1,Cool_Tones
1717,NL-14.jpg,countries,NL,NL,0.8097933333333334,0.4135901960784314,0.23570666666666668,0.4863633986928105,0.7109082352941176,0.554998437047525,0.1615434780911368,True,3,Vibrant_Bright
1718,NL-15.jpg,countries,NL,NL,0.2708349019607843,0.25446549019607845,0.23651254901960783,0.25393764705882355,0.5705729411764706,0.3555131867796138,0.31045972807265915,True,4,Dark_Moody
1719,NL-16.jpg,countries,NL,NL,0.8704764705882353,0.9091058823529412,0.855736862745098,0.8784397385620916,0.14147137254901962,0.3303114609780166,0.32471836160610634,True,5,Balanced_Natural
1720,NL-17.jpg,countries,NL,NL,0.3413862745098039,0.351543137254902,0.2629588235294118,0.3186294117647059,0.4629909803921569,0.35713999269461666,0.27509340394287624,True,4,Dark_Moody
1721,NL-18.jpg,countries,NL,NL,0.49911058823529414,0.48797450980392154,0.4200556862745098,0.4690469281045751,0.39618509803921564,0.35469815039194114,0.2985169589568932,True,2,Neutral_Colors
1722,NL-19.jpg,countries,NL,NL,0.7536564705882353,0.7302541176470588,0.6439556862745098,0.7092887581699346,0.14441686274509805,0.3541839660849405,0.30262963014122096,True,5,Balanced_Natural
1723,NL-2.jpg,countries,NL,NL,0.7875007843137255,0.78778,0.7369603921568628,0.7707470588235296,0.14245960784313724,0.3405788512671144,0.3187211096035627,True,5,Balanced_Natural
1724,NL-20.jpg,countries,NL,NL,0.538426274509804,0.6588403921568627,0.6701156862745098,0.6224607843137254,0.26058117647058826,0.28833194515832483,0.3588527686182168,True,2,Neutral_Colors
1725,NL-21.jpg,countries,NL,NL,0.5109282352941177,0.5977870588235294,0.5397803921568628,0.5494985620915034,0.3553498039215686,0.30993585825688286,0.32743796008272824,True,2,Neutral_Colors
1726,NL-22.jpg,countries,NL,NL,0.4237945098039216,0.44596588235294116,0.36517254901960783,0.4116443137254902,0.37691882352941175,0.34317180512521184,0.29570209129706404,True,4,Dark_Moody
1727,NL-23.jpg,countries,NL,NL,0.09289568627450981,0.07884235294117647,0.06448901960784315,0.07874235294117647,0.21407960784313726,0.3932457758707915,0.2729947489261582,True,4,Dark_Moody
1728,NL-24.jpg,countries,NL,NL,0.7756780392156862,0.6824627450980392,0.5932576470588236,0.683799477124183,0.3077854901960784,0.3781214069542254,0.2891965543062899,True,2,Neutral_Colors
1729,NL-25.jpg,countries,NL,NL,0.7910870588235295,0.7594094117647059,0.5095282352941176,0.6866749019607843,0.40364470588235296,0.38401805208769957,0.2473407170790016,True,2,Neutral_Colors
1730,NL-26.jpg,countries,NL,NL,0.644498431372549,0.7189568627450981,0.7520639215686274,0.7051730718954249,0.222398431372549,0.3046524569199041,0.3554983384191665,True,5,Balanced_Natural
1731,NL-27.jpg,countries,NL,NL,0.7961396078431373,0.722958431372549,0.6137172549019607,0.710938431372549,0.2666070588235294,0.37328091033386573,0.2877497028668648,True,5,Balanced_Natural
1732,NL-28.jpg,countries,NL,NL,0.8156670588235294,0.7678870588235295,0.736978431372549,0.7735108496732027,0.17740392156862744,0.35149979157514744,0.31759007823175484,True,5,Balanced_Natural
1733,NL-29.jpg,countries,NL,NL,0.699066274509804,0.702438431372549,0.659772156862745,0.6870922875816993,0.1504066666666667,0.3391421831789458,0.3200791939734395,True,5,Balanced_Natural
1734,NL-3.jpg,countries,NL,NL,0.5426607843137256,0.5212101960784314,0.39874117647058827,0.48753738562091503,0.5389211764705882,0.3710214021851918,0.2726224460648736,True,0,Warm_Tones
1735,NL-30.jpg,countries,NL,NL,0.8315380392156863,0.643092156862745,0.3873494117647059,0.6206598692810457,0.5649423529411766,0.4465879159605831,0.2080308517355613,True,0,Warm_Tones
1736,NL-31.jpg,countries,NL,NL,0.3317043137254902,0.3837113725490196,0.332158431372549,0.3491913725490196,0.41747098039215685,0.31664012263915337,0.31707361675275814,True,4,Dark_Moody
1737,NL-32.jpg,countries,NL,NL,0.8367152941176471,0.7211470588235295,0.52938,0.6957474509803921,0.3840690196078432,0.40087098274315486,0.25362639160117095,True,2,Neutral_Colors
1738,NL-33.jpg,countries,NL,NL,0.4743078431372549,0.4756007843137255,0.4420949019607843,0.46400117647058825,0.176261568627451,0.34073728433749323,0.317595878906806,True,2,Neutral_Colors
1739,NL-34.jpg,countries,NL,NL,0.8353525490196079,0.8359678431372549,0.7809368627450981,0.8174190849673203,0.13773450980392157,0.34064623795221133,0.3184562071242041,True,5,Balanced_Natural
1740,NL-35.jpg,countries,NL,NL,0.34639607843137254,0.46728862745098043,0.35826901960784313,0.3906512418300654,0.5794454901960784,0.29557121183711654,0.3057020990789462,True,4,Dark_Moody
1741,NL-36.jpg,countries,NL,NL,0.8201560784313726,0.7860396078431373,0.736518431372549,0.7809047058823531,0.19361647058823528,0.35008784134842164,0.3143866814298284,True,5,Balanced_Natural
1742,NL-37.jpg,countries,NL,NL,0.19769843137254903,0.21801137254901962,0.17729058823529412,0.1976667973856209,0.4610372549019608,0.33338611677365704,0.2989716222932519,True,4,Dark_Moody
1743,NL-38.jpg,countries,NL,NL,0.6430486274509803,0.6419164705882353,0.6622313725490196,0.6490654901960784,0.07044941176470589,0.3302431505607491,0.3400946142092944,True,5,Balanced_Natural
1744,NL-39.jpg,countries,NL,NL,0.3836588235294118,0.4909443137254902,0.45547529411764703,0.44335947712418294,0.5640949019607843,0.28844805391321837,0.3424421755380642,True,1,Cool_Tones
1745,NL-4.jpg,countries,NL,NL,0.35694588235294117,0.5379149019607843,0.4904270588235294,0.46176261437908495,0.5569580392156863,0.257668921626892,0.35402512714450396,True,1,Cool_Tones
1746,NL-40.jpg,countries,NL,NL,0.26850431372549016,0.3423478431372549,0.1844764705882353,0.2651095424836601,0.5372396078431373,0.33760129694406393,0.2319497026402495,True,4,Dark_Moody
1747,NL-41.jpg,countries,NL,NL,0.6829317647058823,0.5791337254901961,0.5384760784313725,0.600180522875817,0.22938745098039215,0.3792922070298396,0.29906323116917555,True,2,Neutral_Colors
1748,NL-42.jpg,countries,NL,NL,0.7289607843137255,0.554623137254902,0.28807372549019605,0.5238858823529412,0.6245870588235294,0.46381622732002964,0.1832928072703908,True,0,Warm_Tones
1749,NL-43.jpg,countries,NL,NL,0.6408270588235294,0.6210011764705883,0.4890227450980392,0.5836169934640524,0.45170392156862743,0.36600870090685594,0.27930558983547404,True,2,Neutral_Colors
1750,NL-44.jpg,countries,NL,NL,0.6615866666666667,0.6984972549019608,0.5203443137254903,0.626809411764706,0.36035725490196074,0.3518274733498216,0.27671571147642965,True,2,Neutral_Colors
1751,NL-45.jpg,countries,NL,NL,0.6624164705882353,0.6135690196078432,0.48895607843137256,0.5883138562091502,0.4646780392156863,0.3753189947157199,0.27703795416505866,True,2,Neutral_Colors
1752,NL-46.jpg,countries,NL,NL,0.40260549019607844,0.28985647058823527,0.2028729411764706,0.29844496732026143,0.44497019607843136,0.4496697712158901,0.2265886364348611,True,3,Vibrant_Bright
1753,NL-47.jpg,countries,NL,NL,0.3008058823529412,0.39842666666666665,0.3363356862745098,0.34518941176470586,0.4873050980392157,0.29047394621327055,0.3247833894746645,True,4,Dark_Moody
1754,NL-48.jpg,countries,NL,NL,0.4114592156862745,0.516486274509804,0.49498274509803925,0.4743094117647059,0.31352274509803923,0.2891635124786978,0.34786181408081546,True,2,Neutral_Colors
1755,NL-49.jpg,countries,NL,NL,0.4645623529411764,0.418616862745098,0.2626925490196078,0.38195725490196075,0.5438133333333334,0.4054222835642824,0.2292510626928415,True,0,Warm_Tones
1756,NL-5.jpg,countries,NL,NL,0.5225050980392156,0.6593694117647059,0.6047450980392157,0.5955398692810457,0.4165670588235294,0.2924544224696925,0.33848545985892464,True,2,Neutral_Colors
1757,NL-50.jpg,countries,NL,NL,0.8783376470588236,0.8396423529411765,0.819556862745098,0.8458456209150326,0.16663843137254902,0.3461377502791787,0.32297325481421774,True,5,Balanced_Natural
1758,NL-51.jpg,countries,NL,NL,0.377061568627451,0.4308682352941176,0.46332,0.42374993464052285,0.4377992156862745,0.29660674940325493,0.36445994651153446,True,1,Cool_Tones
1759,NL-52.jpg,countries,NL,NL,0.791361568627451,0.6958509803921569,0.573856862745098,0.6870231372549019,0.35004705882352943,0.38395659076483496,0.27842661729045776,True,2,Neutral_Colors
1760,NL-53.jpg,countries,NL,NL,0.0977086274509804,0.06872470588235294,0.07976745098039215,0.08206692810457515,0.3860717647058824,0.39686401023996665,0.3239921725292923,True,4,Dark_Moody
1761,NL-54.jpg,countries,NL,NL,0.5363203921568627,0.43995372549019607,0.27110392156862745,0.41579267973856204,0.638093725490196,0.42995783582677854,0.21733884652983212,True,0,Warm_Tones
1762,NL-55.jpg,countries,NL,NL,0.3405149019607843,0.3931549019607843,0.35613764705882356,0.36326915032679735,0.43736156862745096,0.31245390110019516,0.32678921395630767,True,4,Dark_Moody
1763,NL-56.jpg,countries,NL,NL,0.6439819607843137,0.6538031372549019,0.6437411764705883,0.6471754248366013,0.061459607843137254,0.3316883410493968,0.3315643230575372,True,5,Balanced_Natural
1764,NL-57.jpg,countries,NL,NL,0.8474811764705882,0.8410588235294117,0.8228203921568628,0.8371201307189543,0.07502392156862744,0.33745886956665194,0.32763918196981995,True,5,Balanced_Natural
1765,NL-58.jpg,countries,NL,NL,0.9411639215686275,0.9425129411764706,0.8161396078431372,0.8999388235294118,0.1447043137254902,0.3486027969748514,0.30229436498361384,True,5,Balanced_Natural
1766,NL-59.jpg,countries,NL,NL,0.9467015686274509,0.9453211764705883,0.9174341176470587,0.9364856209150326,0.04332117647058824,0.33696948481812666,0.3265520119780837,True,5,Balanced_Natural
1767,NL-6.jpg,countries,NL,NL,0.44549960784313725,0.5114047058823529,0.4451788235294118,0.46736104575163395,0.5057039215686274,0.31774099428538394,0.3175122032269861,True,2,Neutral_Colors
1768,NL-60.jpg,countries,NL,NL,0.3472870588235294,0.47486980392156863,0.5174168627450981,0.44652457516339866,0.5332741176470589,0.25925172535369034,0.38625457236494043,True,1,Cool_Tones
1769,NL-61.jpg,countries,NL,NL,0.4430925490196079,0.43711529411764705,0.3789949019607843,0.4197342483660131,0.22786666666666666,0.3518831251451762,0.3009798084195473,True,4,Dark_Moody
1770,NL-62.jpg,countries,NL,NL,0.3387529411764706,0.24326980392156863,0.2158250980392157,0.2659492810457516,0.4972223529411765,0.424582856878561,0.2705087560076678,True,4,Dark_Moody
1771,NL-63.jpg,countries,NL,NL,0.3217529411764706,0.3231882352941176,0.3254564705882353,0.3234658823529411,0.4718717647058823,0.33156779654595564,0.3353842996119788,True,4,Dark_Moody
1772,NL-7.jpg,countries,NL,NL,0.6140627450980393,0.672184705882353,0.6537996078431372,0.6466823529411765,0.32205372549019606,0.31651934719102526,0.3370017587294254,True,2,Neutral_Colors
1773,NL-8.jpg,countries,NL,NL,0.5256392156862746,0.5927541176470588,0.5373388235294118,0.5519107189542484,0.19527686274509803,0.31746614091019765,0.32453226010618297,True,2,Neutral_Colors
1774,NL-9.jpg,countries,NL,NL,0.21921960784313727,0.31570588235294117,0.31577529411764704,0.2835669281045752,0.6311074509803921,0.2576926625585782,0.37119387773752927,True,1,Cool_Tones
1775,NO-0.jpg,countries,NO,NO,0.42282470588235294,0.519078431372549,0.24905882352941175,0.39698732026143796,0.6041243137254902,0.35502758675542684,0.20912390370678952,True,0,Warm_Tones
1776,NO-1.jpg,countries,NO,NO,0.4262709803921569,0.4525666666666667,0.3746360784313726,0.41782457516339866,0.5307929411764706,0.34007146033635044,0.2988780474092637,True,4,Dark_Moody
1777,NZ-0.jpg,countries,NZ,NZ,0.24150313725490197,0.33295137254901963,0.31964196078431373,0.2980321568627451,0.41829921568627454,0.2701082881892225,0.35750236556873183,True,1,Cool_Tones
1778,PL-0.jpg,countries,PL,PL,0.12332745098039215,0.12363607843137255,0.12554392156862745,0.12416915032679739,0.18982588235294118,0.3310728942009527,0.3370230158220914,True,4,Dark_Moody
1779,PL-1.jpg,countries,PL,PL,0.4107427450980392,0.3849286274509804,0.38644156862745094,0.39403764705882355,0.3934941176470588,0.34746459777748445,0.3269072084902867,True,4,Dark_Moody
1780,PL-10.jpg,countries,PL,PL,0.4902772549019608,0.3776454901960784,0.09815137254901961,0.32202470588235294,0.8176184313725491,0.507493926658689,0.10159807530088748,True,3,Vibrant_Bright
1781,PL-11.jpg,countries,PL,PL,0.49355529411764704,0.5010701960784314,0.4491588235294118,0.48126143790849674,0.13842745098039216,0.34184811926372577,0.3110980692624023,True,2,Neutral_Colors
1782,PL-2.jpg,countries,PL,PL,0.7597517647058825,0.7314560784313725,0.5745035294117647,0.6885704575163398,0.29052980392156863,0.3677916513461041,0.27811399933808145,True,2,Neutral_Colors
1783,PL-3.jpg,countries,PL,PL,0.7114294117647059,0.739576862745098,0.44313568627450983,0.6313806535947712,0.49193568627450984,0.3755943592927759,0.233950496582908,True,0,Warm_Tones
1784,PL-4.jpg,countries,PL,PL,0.3959070588235294,0.37767529411764705,0.28179019607843137,0.35179084967320257,0.4453854901960784,0.375134528614355,0.2670051720930482,True,4,Dark_Moody
1785,PL-5.jpg,countries,PL,PL,0.2574486274509804,0.3774121568627451,0.41910274509803924,0.3513211764705882,0.5986301960784314,0.24426688020959,0.39764406998777047,True,1,Cool_Tones
1786,PL-6.jpg,countries,PL,PL,0.8489298039215687,0.8047623529411765,0.685895294117647,0.7798624836601308,0.24689333333333333,0.3628543317376306,0.2931692083837335,True,5,Balanced_Natural
1787,PL-7.jpg,countries,PL,PL,0.5200639215686275,0.5039678431372548,0.5168733333333333,0.5136350326797385,0.10828078431372548,0.3375052653957321,0.3354346731387775,True,2,Neutral_Colors
1788,PL-8.jpg,countries,PL,PL,0.32701137254901963,0.38297254901960787,0.48704392156862747,0.3990092810457517,0.4523192156862745,0.27318587553159196,0.4068773483286748,True,1,Cool_Tones
1789,PL-9.jpg,countries,PL,PL,0.40321960784313726,0.39177882352941173,0.25975568627450984,0.3515847058823529,0.4141956862745098,0.38228741543595174,0.24627108409198456,True,4,Dark_Moody
1790,PS-0.jpg,countries,PS,PS,0.5083941176470589,0.4666627450980392,0.36874117647058824,0.4479326797385621,0.45091725490196083,0.3783260017389097,0.27440202419388954,True,0,Warm_Tones
1791,PT-0.jpg,countries,PT,PT,0.36072627450980393,0.24812980392156864,0.14518980392156863,0.2513486274509804,0.5963815686274511,0.47838706445438417,0.19254744939534235,True,3,Vibrant_Bright
1792,PT-1.jpg,countries,PT,PT,0.4660835294117647,0.48122156862745097,0.4153,0.45420169934640525,0.4614764705882353,0.3420530189043311,0.3047836059134147,True,4,Dark_Moody
1793,PT-10.jpg,countries,PT,PT,0.3087250980392157,0.4704086274509804,0.49895882352941173,0.4260308496732026,0.6420180392156862,0.24155125286097462,0.39039303806215914,True,1,Cool_Tones
1794,PT-11.jpg,countries,PT,PT,0.9441282352941177,0.9448690196078431,0.8593878431372549,0.9161283660130719,0.10099764705882353,0.3435209616173245,0.3126881786188516,True,5,Balanced_Natural
1795,PT-2.jpg,countries,PT,PT,0.5205811764705882,0.413643137254902,0.26917254901960785,0.4011322875816994,0.5077698039215687,0.4325927381016605,0.22367710410054434,True,0,Warm_Tones
1796,PT-3.jpg,countries,PT,PT,0.4797176470588235,0.5676670588235294,0.5739160784313726,0.5404335947712419,0.2821635294117647,0.29588424049127987,0.3539847325057397,True,2,Neutral_Colors
1797,PT-4.jpg,countries,PT,PT,0.5901650980392157,0.6770525490196079,0.5037745098039216,0.5903307189542484,0.4647941176470588,0.3332396264504338,0.28445875572796747,True,2,Neutral_Colors
1798,PT-5.jpg,countries,PT,PT,0.643341568627451,0.5846172549019608,0.5088274509803922,0.5789287581699347,0.39744980392156865,0.370420475823114,0.2929705085062908,True,2,Neutral_Colors
1799,PT-6.jpg,countries,PT,PT,0.7931133333333333,0.7732819607843138,0.6839647058823529,0.75012,0.23237882352941175,0.35243826805269607,0.3039355489551911,True,5,Balanced_Natural
1800,PT-7.jpg,countries,PT,PT,0.9045537254901961,0.9073364705882353,0.7361062745098039,0.8493321568627451,0.21795529411764705,0.35500573918598477,0.2888959989194436,True,5,Balanced_Natural
1801,PT-8.jpg,countries,PT,PT,0.7867811764705882,0.8162650980392158,0.6769737254901961,0.7600066666666666,0.2676721568627451,0.34507628503008886,0.29691556590496143,True,5,Balanced_Natural
1802,PT-9.jpg,countries,PT,PT,0.7239407843137254,0.8632564705882353,0.6608392156862746,0.7493454901960783,0.30655372549019605,0.32203234767447836,0.29396272274472157,True,5,Balanced_Natural
1803,RO-0.jpg,countries,RO,RO,0.47004862745098036,0.42578313725490197,0.3306839215686274,0.4088385620915032,0.43168039215686277,0.38323867315554616,0.2696122484668882,True,4,Dark_Moody
1804,RO-1.jpg,countries,RO,RO,0.5997254901960785,0.42293568627450984,0.19972941176470588,0.4074635294117647,0.7315470588235294,0.4906165061736659,0.16339233162839847,True,3,Vibrant_Bright
1805,RO-2.jpg,countries,RO,RO,0.23336039215686274,0.23973411764705882,0.2558772549019608,0.2429905882352941,0.3018090196078431,0.32012223700979603,0.3510107198657816,True,4,Dark_Moody
1806,RO-3.jpg,countries,RO,RO,0.4281211764705882,0.4001180392156863,0.340176862745098,0.3894720261437909,0.26362196078431377,0.3664112621884567,0.2911433502853223,True,4,Dark_Moody
1807,RU-0.jpg,countries,RU,RU,0.22634980392156864,0.1307713725490196,0.0425686274509804,0.13322993464052288,0.6688674509803922,0.5663122636316278,0.10650389509420298,True,3,Vibrant_Bright
1808,RU-1.jpg,countries,RU,RU,0.2772929411764706,0.20995882352941175,0.16695019607843137,0.2180673202614379,0.47383843137254905,0.42386378203490305,0.2551963321570379,True,4,Dark_Moody
1809,RU-10.jpg,countries,RU,RU,0.6625698039215686,0.6427513725490196,0.5632627450980392,0.6228613071895425,0.24763333333333334,0.3545837260451395,0.30143813031799227,True,2,Neutral_Colors
1810,RU-100.jpg,countries,RU,RU,0.6481423529411764,0.49176039215686274,0.26337725490196073,0.4677599999999999,0.6289988235294117,0.46187638323413244,0.18768675333162838,True,0,Warm_Tones
1811,RU-101.jpg,countries,RU,RU,0.8026847058823529,0.8388666666666666,0.8219650980392157,0.8211721568627451,0.07499764705882353,0.32582870447055884,0.3336550716009121,True,5,Balanced_Natural
1812,RU-102.jpg,countries,RU,RU,0.5537011764705883,0.5148196078431373,0.27831254901960784,0.4489444444444444,0.5971788235294118,0.41111305434292833,0.2066420064677154,True,0,Warm_Tones
1813,RU-103.jpg,countries,RU,RU,0.9124572549019608,0.6947843137254901,0.5732945098039216,0.7268453594771241,0.4389019607843137,0.4184552805487542,0.2629143597119368,True,2,Neutral_Colors
1814,RU-104.jpg,countries,RU,RU,0.3403349019607843,0.12994039215686273,0.05334078431372549,0.1745386928104575,0.8272211764705882,0.6499690632328946,0.10186983295793428,True,3,Vibrant_Bright
1815,RU-105.jpg,countries,RU,RU,0.4669709803921569,0.4064988235294118,0.37945764705882357,0.41764248366013074,0.40805725490196076,0.37270362886784253,0.30285659708813006,True,4,Dark_Moody
1816,RU-106.jpg,countries,RU,RU,0.7716705882352941,0.7754835294117647,0.7476854901960784,0.7649465359477124,0.1995764705882353,0.3362632618570262,0.325811512852219,True,5,Balanced_Natural
1817,RU-107.jpg,countries,RU,RU,0.6149325490196078,0.6116199999999999,0.5300505882352942,0.5855343790849673,0.41888470588235294,0.3500689403934693,0.3017473185868844,True,2,Neutral_Colors
1818,RU-108.jpg,countries,RU,RU,0.7486035294117647,0.6666211764705883,0.5608713725490196,0.6586986928104576,0.3198764705882353,0.37882932857023743,0.28382784361699465,True,2,Neutral_Colors
1819,RU-109.jpg,countries,RU,RU,0.3786674509803921,0.31094666666666665,0.22137490196078433,0.3036630065359477,0.47540705882352946,0.41566586112919035,0.2430047499928488,True,4,Dark_Moody
1820,RU-11.jpg,countries,RU,RU,0.4928572549019608,0.3618549019607843,0.16596392156862744,0.34022535947712423,0.6862050980392157,0.48287285500660837,0.16260179157122748,True,3,Vibrant_Bright
1821,RU-110.jpg,countries,RU,RU,0.5183717647058823,0.5491396078431372,0.5136713725490196,0.5270609150326797,0.40377019607843134,0.3278377774328444,0.32486507285538163,True,2,Neutral_Colors
1822,RU-111.jpg,countries,RU,RU,0.3344035294117647,0.4218870588235294,0.42299882352941176,0.3930964705882353,0.46712588235294117,0.2835633412056313,0.3586892756097548,True,1,Cool_Tones
1823,RU-112.jpg,countries,RU,RU,0.6665670588235294,0.7010298039215686,0.6618486274509804,0.6764818300653594,0.12530901960784313,0.3284477132280181,0.3261227288564946,True,5,Balanced_Natural
1824,RU-113.jpg,countries,RU,RU,0.35757686274509803,0.40691686274509803,0.32981176470588236,0.3647684967320261,0.4565050980392157,0.3267611642155456,0.30138884093320745,True,4,Dark_Moody
1825,RU-114.jpg,countries,RU,RU,0.762075294117647,0.5171764705882352,0.4169101960784314,0.5653873202614378,0.45762,0.4492936773983438,0.24579607367776163,True,0,Warm_Tones
1826,RU-115.jpg,countries,RU,RU,0.15674156862745098,0.12613529411764704,0.06965411764705882,0.11751032679738561,0.4121976470588235,0.44461659465076486,0.1975824081820195,True,3,Vibrant_Bright
1827,RU-116.jpg,countries,RU,RU,0.34817450980392156,0.6234188235294118,0.6124258823529412,0.5280064052287582,0.6037223529411765,0.21980433479068667,0.38662756717887503,True,1,Cool_Tones
1828,RU-117.jpg,countries,RU,RU,0.8526709803921568,0.8296996078431372,0.5861878431372549,0.7561861437908496,0.3769662745098039,0.3758645105789732,0.2583965114736241,True,5,Balanced_Natural
1829,RU-118.jpg,countries,RU,RU,0.5868188235294117,0.3541094117647059,0.28188196078431377,0.4076033986928105,0.6241705882352941,0.47989323732997047,0.23051961062207496,True,3,Vibrant_Bright
1830,RU-119.jpg,countries,RU,RU,0.3022517647058824,0.28997333333333336,0.2680117647058824,0.2867456209150327,0.1807521568627451,0.3513583600486605,0.3115554154412969,True,4,Dark_Moody
1831,RU-12.jpg,countries,RU,RU,0.609381568627451,0.547866274509804,0.4590094117647059,0.5387524183006537,0.38386156862745097,0.37703230085863654,0.2839950919802408,True,2,Neutral_Colors
1832,RU-120.jpg,countries,RU,RU,0.7215670588235293,0.6914066666666666,0.6085870588235294,0.6738535947712417,0.18467450980392155,0.35693544685228856,0.3010479637802072,True,5,Balanced_Natural
1833,RU-121.jpg,countries,RU,RU,0.6836129411764706,0.6447439215686274,0.5093976470588235,0.6125848366013071,0.3026549019607843,0.3719825284318742,0.27718466593696867,True,2,Neutral_Colors
1834,RU-122.jpg,countries,RU,RU,0.6225317647058823,0.652938431372549,0.5521945098039215,0.609221568627451,0.23648392156862746,0.3406157716382488,0.302131023209923,True,2,Neutral_Colors
1835,RU-123.jpg,countries,RU,RU,0.32020117647058827,0.4617090196078431,0.4171572549019608,0.3996891503267974,0.636346274509804,0.2670416156882309,0.3479011182062886,True,1,Cool_Tones
1836,RU-124.jpg,countries,RU,RU,0.49052117647058824,0.36554666666666663,0.23925098039215686,0.3651062745098039,0.6589172549019607,0.44783374310710333,0.21843024772547862,True,3,Vibrant_Bright
1837,RU-13.jpg,countries,RU,RU,0.5400894117647059,0.5084345098039216,0.4232396078431373,0.49058784313725495,0.4573129411764706,0.36696727021989656,0.28757290951447095,True,2,Neutral_Colors
1838,RU-14.jpg,countries,RU,RU,0.4003819607843137,0.32047450980392156,0.15971529411764707,0.29352392156862744,0.6604509803921569,0.45468356146359373,0.18137660000305952,True,3,Vibrant_Bright
1839,RU-15.jpg,countries,RU,RU,0.8391447058823529,0.8040721568627451,0.7300219607843137,0.7910796078431371,0.19504666666666667,0.3535861388986815,0.3076056425256874,True,5,Balanced_Natural
1840,RU-16.jpg,countries,RU,RU,0.45860078431372553,0.4905086274509804,0.44708901960784314,0.465399477124183,0.31035333333333337,0.32846366644261776,0.3202185945372628,True,2,Neutral_Colors
1841,RU-17.jpg,countries,RU,RU,0.3249564705882353,0.3373556862745098,0.29754980392156866,0.31995398692810456,0.5680482352941177,0.3385446505016821,0.3099919635178314,True,4,Dark_Moody
1842,RU-18.jpg,countries,RU,RU,0.7763788235294117,0.5729054901960785,0.5485937254901961,0.6326260130718954,0.289521568627451,0.40907708420145494,0.2890562117788639,True,2,Neutral_Colors
1843,RU-19.jpg,countries,RU,RU,0.4358,0.4200745098039216,0.3966827450980392,0.41751908496732026,0.25250941176470587,0.34792792933539896,0.316698040626532,True,4,Dark_Moody
1844,RU-2.jpg,countries,RU,RU,0.41164235294117646,0.38514588235294117,0.3034874509803922,0.36675856209150326,0.4155537254901961,0.3741262157748521,0.2758283027953522,True,4,Dark_Moody
1845,RU-20.jpg,countries,RU,RU,0.4415486274509804,0.21402117647058824,0.11164235294117647,0.255737385620915,0.7597345098039217,0.5755227520556895,0.14551673409473265,True,3,Vibrant_Bright
1846,RU-21.jpg,countries,RU,RU,0.5609792156862745,0.640676862745098,0.48920392156862746,0.56362,0.36288000000000004,0.3317713376121837,0.2893223757414876,True,2,Neutral_Colors
1847,RU-22.jpg,countries,RU,RU,0.7290513725490195,0.6386752941176471,0.47445215686274506,0.6140596078431372,0.5471898039215686,0.39575472667605177,0.25754931782595875,True,0,Warm_Tones
1848,RU-23.jpg,countries,RU,RU,0.6753325490196078,0.6343929411764705,0.4743223529411765,0.5946826143790849,0.38979843137254905,0.378539271285888,0.26586847931084634,True,2,Neutral_Colors
1849,RU-24.jpg,countries,RU,RU,0.4434560784313725,0.4370521568627451,0.32416039215686276,0.4015562091503268,0.41940627450980394,0.36811426828258553,0.26908654851933944,True,4,Dark_Moody
1850,RU-25.jpg,countries,RU,RU,0.4207623529411765,0.49587450980392156,0.4331258823529412,0.4499209150326797,0.46993999999999997,0.3117303709402972,0.32089014386846004,True,4,Dark_Moody
1851,RU-26.jpg,countries,RU,RU,0.4488835294117647,0.4529741176470588,0.42041058823529415,0.4407560784313726,0.3201172549019608,0.3394796743583902,0.31794628280962806,True,4,Dark_Moody
1852,RU-27.jpg,countries,RU,RU,0.5089545098039215,0.4826756862745098,0.30227333333333334,0.43130117647058824,0.4614243137254902,0.393347807535153,0.23361332035119545,True,0,Warm_Tones
1853,RU-28.jpg,countries,RU,RU,0.7409666666666667,0.6215980392156862,0.6052129411764705,0.6559258823529411,0.21534039215686274,0.3765498054235756,0.30756149431800334,True,2,Neutral_Colors
1854,RU-29.jpg,countries,RU,RU,0.4682788235294118,0.48374078431372547,0.4519341176470588,0.4679845751633987,0.3239349019607843,0.3335426812755023,0.32190077745510226,True,2,Neutral_Colors
1855,RU-3.jpg,countries,RU,RU,0.3680611764705882,0.15425333333333335,0.06792745098039216,0.1967473202614379,0.8046556862745098,0.6235757152978313,0.1150838815428316,True,3,Vibrant_Bright
1856,RU-30.jpg,countries,RU,RU,0.7356713725490196,0.6775317647058824,0.31944549019607843,0.5775495424836601,0.5466066666666667,0.4245932708457141,0.18436819835643092,True,0,Warm_Tones
1857,RU-31.jpg,countries,RU,RU,0.5686235294117646,0.48312901960784316,0.35805686274509807,0.46993647058823534,0.534212156862745,0.4033333309689492,0.2539751868458019,True,0,Warm_Tones
1858,RU-32.jpg,countries,RU,RU,0.5097419607843137,0.5133972549019609,0.5208035294117647,0.5146475816993464,0.30666039215686275,0.33015578605290796,0.3373202754733101,True,2,Neutral_Colors
1859,RU-33.jpg,countries,RU,RU,0.4473333333333333,0.4581305882352941,0.4070235294117647,0.437495816993464,0.6630290196078431,0.34082839586069336,0.31011589405432827,True,4,Dark_Moody
1860,RU-34.jpg,countries,RU,RU,0.3787270588235294,0.4784537254901961,0.38149686274509803,0.41289254901960787,0.4024913725490196,0.30575085775701116,0.3079869533966231,True,4,Dark_Moody
1861,RU-35.jpg,countries,RU,RU,0.6132698039215687,0.5183011764705883,0.3799294117647059,0.5038334640522876,0.4363298039215686,0.40573552039303973,0.2513589558938872,True,0,Warm_Tones
1862,RU-36.jpg,countries,RU,RU,0.3603756862745098,0.6034498039215687,0.6473976470588235,0.5370743790849674,0.5272023529411765,0.2236657693624763,0.40180483403247497,True,1,Cool_Tones
1863,RU-37.jpg,countries,RU,RU,0.4475282352941176,0.5239925490196078,0.10986078431372549,0.36046052287581704,0.7963074509803921,0.4138482053230658,0.10159289367237233,True,3,Vibrant_Bright
1864,RU-38.jpg,countries,RU,RU,0.7502482352941177,0.7492890196078431,0.7398054901960784,0.7464475816993463,0.10978980392156863,0.33503040207043855,0.33036709608139664,True,5,Balanced_Natural
1865,RU-39.jpg,countries,RU,RU,0.5660968627450981,0.48411764705882354,0.3486027450980392,0.46627241830065363,0.5123937254901961,0.4046965077566665,0.2492123218126516,True,0,Warm_Tones
1866,RU-4.jpg,countries,RU,RU,0.7711815686274509,0.8135003921568628,0.8282141176470589,0.8042986928104575,0.1749129411764706,0.3196081488601234,0.3432446932985148,True,5,Balanced_Natural
1867,RU-40.jpg,countries,RU,RU,0.8067854901960785,0.7415486274509804,0.5998925490196079,0.7160755555555557,0.3481109803921568,0.3755586536355993,0.2792499874794188,True,5,Balanced_Natural
1868,RU-41.jpg,countries,RU,RU,0.8960098039215686,0.8248921568627451,0.7609905882352942,0.8272975163398693,0.2085756862745098,0.36101862800501994,0.3066169330815574,True,5,Balanced_Natural
1869,RU-42.jpg,countries,RU,RU,0.7801062745098039,0.6112972549019607,0.6226490196078431,0.6713508496732027,0.3047607843137255,0.3873314465196521,0.3091521672355402,True,2,Neutral_Colors
1870,RU-43.jpg,countries,RU,RU,0.639704705882353,0.6405878431372549,0.4782564705882353,0.5861830065359477,0.2851635294117647,0.3637682742882726,0.2719606865063108,True,2,Neutral_Colors
1871,RU-44.jpg,countries,RU,RU,0.6510058823529411,0.5832901960784314,0.42297137254901956,0.5524224836601307,0.5545337254901961,0.3928186058015072,0.2552220023851911,True,0,Warm_Tones
1872,RU-45.jpg,countries,RU,RU,0.7016141176470588,0.6706913725490196,0.5335211764705883,0.6352755555555555,0.384003137254902,0.36814142743252176,0.27994198310895985,True,2,Neutral_Colors
1873,RU-46.jpg,countries,RU,RU,0.16382745098039217,0.15357882352941177,0.09700823529411766,0.13813816993464054,0.4835564705882353,0.39532171722507736,0.23408447077672495,True,4,Dark_Moody
1874,RU-47.jpg,countries,RU,RU,0.5584019607843138,0.5520450980392158,0.43375843137254905,0.5147351633986929,0.3135850980392157,0.36161094020101525,0.28089406055887756,True,2,Neutral_Colors
1875,RU-48.jpg,countries,RU,RU,0.5218662745098038,0.5120874509803922,0.32564627450980393,0.4532,0.5420196078431373,0.3838378130861951,0.2395160598659489,True,0,Warm_Tones
1876,RU-49.jpg,countries,RU,RU,0.4511678431372549,0.4482509803921569,0.3410513725490196,0.41349006535947713,0.36147725490196075,0.36370682734396104,0.2749369543018845,True,4,Dark_Moody
1877,RU-5.jpg,countries,RU,RU,0.3240086274509804,0.12182862745098039,0.049914117647058824,0.16525045751633988,0.8287556862745098,0.653569494352632,0.10068356786759171,True,3,Vibrant_Bright
1878,RU-50.jpg,countries,RU,RU,0.8402941176470589,0.7442972549019609,0.733155294117647,0.7725822222222223,0.1606349019607843,0.3625477137705638,0.3163223092236156,True,5,Balanced_Natural
1879,RU-51.jpg,countries,RU,RU,0.384003137254902,0.6291901960784314,0.6238486274509804,0.5456806535947712,0.5260607843137255,0.2345712033549349,0.3810826242165887,True,1,Cool_Tones
1880,RU-52.jpg,countries,RU,RU,0.33959450980392153,0.39991960784313724,0.28384196078431373,0.3411186928104575,0.5245686274509803,0.33184361251935696,0.27736355839683435,True,4,Dark_Moody
1881,RU-53.jpg,countries,RU,RU,0.6464654901960785,0.5595717647058823,0.4631294117647059,0.5563888888888888,0.3767125490196078,0.38729811456692803,0.27746128864907676,True,2,Neutral_Colors
1882,RU-54.jpg,countries,RU,RU,0.47778745098039216,0.281824705882353,0.16376313725490196,0.3077917647058824,0.7347360784313726,0.5174352580027546,0.17735254662498076,True,3,Vibrant_Bright
1883,RU-55.jpg,countries,RU,RU,0.23608745098039216,0.23586901960784312,0.1331,0.20168549019607843,0.6111639215686274,0.39019012648644524,0.21997910358928469,True,4,Dark_Moody
1884,RU-56.jpg,countries,RU,RU,0.7547643137254902,0.7116792156862745,0.5812905882352941,0.6825780392156862,0.3095274509803922,0.36858493426276195,0.28387000995676803,True,2,Neutral_Colors
1885,RU-57.jpg,countries,RU,RU,0.5642274509803921,0.4873454901960784,0.4108101960784314,0.48746104575163396,0.3747509803921568,0.3858271138249115,0.28091811557090546,True,2,Neutral_Colors
1886,RU-58.jpg,countries,RU,RU,0.5465949019607843,0.4131839215686275,0.24222823529411766,0.4006690196078431,0.5773223529411764,0.4547348064336328,0.20151964333017833,True,0,Warm_Tones
1887,RU-59.jpg,countries,RU,RU,0.6586074509803921,0.7329117647058824,0.6579670588235293,0.6831620915032679,0.3832737254901961,0.32135230072990706,0.3210398361614135,True,2,Neutral_Colors
1888,RU-6.jpg,countries,RU,RU,0.3471392156862745,0.3755309803921569,0.420858431372549,0.3811762091503268,0.5850650980392157,0.30356818691272197,0.3680345670716695,True,1,Cool_Tones
1889,RU-60.jpg,countries,RU,RU,0.2296835294117647,0.3981094117647059,0.0954278431372549,0.24107359477124182,0.7666396078431372,0.317583809549811,0.13194824216724557,True,3,Vibrant_Bright
1890,RU-61.jpg,countries,RU,RU,0.5395439215686274,0.4647427450980392,0.3975078431372549,0.4672648366013072,0.615623137254902,0.384894885020781,0.28357049252701416,True,0,Warm_Tones
1891,RU-62.jpg,countries,RU,RU,0.5425164705882353,0.43408392156862746,0.2198329411764706,0.39881111111111106,0.6321396078431373,0.4534444185304796,0.1837400808818347,True,3,Vibrant_Bright
1892,RU-63.jpg,countries,RU,RU,0.7607321568627452,0.7262572549019608,0.6952070588235295,0.7273988235294118,0.18849529411764704,0.34860830292213724,0.3185811862553982,True,5,Balanced_Natural
1893,RU-64.jpg,countries,RU,RU,0.7177392156862745,0.6459376470588235,0.32787764705882355,0.5638515032679738,0.5839799999999999,0.4243072199087762,0.19383203516438538,True,0,Warm_Tones
1894,RU-65.jpg,countries,RU,RU,0.7204796078431372,0.6730850980392157,0.48497411764705883,0.6261796078431373,0.3848227450980392,0.38353171906118866,0.2581654706344668,True,2,Neutral_Colors
1895,RU-66.jpg,countries,RU,RU,0.6093564705882353,0.5155078431372548,0.4566254901960784,0.5271632679738562,0.43408156862745095,0.38530509888343006,0.28873104355953244,True,2,Neutral_Colors
1896,RU-67.jpg,countries,RU,RU,0.11276078431372549,0.3381925490196078,0.3886305882352941,0.27986130718954244,0.7424607843137254,0.13430539474559688,0.46288419223775634,True,1,Cool_Tones
1897,RU-68.jpg,countries,RU,RU,0.635801568627451,0.7709592156862746,0.6311086274509804,0.6792898039215687,0.3510094117647059,0.31199313016026115,0.30969026480170936,True,2,Neutral_Colors
1898,RU-69.jpg,countries,RU,RU,0.9263309803921569,0.8511356862745099,0.84594,0.874468888888889,0.12577333333333335,0.35310218543699085,0.322458461469262,True,5,Balanced_Natural
1899,RU-7.jpg,countries,RU,RU,0.3305117647058824,0.33104196078431375,0.2554890196078431,0.30568091503267975,0.5000537254901961,0.36041003111639786,0.27860068941479915,True,4,Dark_Moody
1900,RU-70.jpg,countries,RU,RU,0.11643803921568628,0.28444705882352944,0.38295098039215686,0.2612786928104575,0.7961250980392157,0.14854877680538406,0.4885594097673008,True,1,Cool_Tones
1901,RU-71.jpg,countries,RU,RU,0.7706419607843137,0.8564266666666667,0.8265560784313726,0.8178749019607844,0.17865921568627452,0.3140829340582661,0.3368712988496072,True,5,Balanced_Natural
1902,RU-72.jpg,countries,RU,RU,0.577321568627451,0.7386749019607843,0.5474603921568627,0.6211522875816993,0.3453623529411765,0.3098119792078297,0.2937873740543763,True,2,Neutral_Colors
1903,RU-73.jpg,countries,RU,RU,0.6190764705882352,0.7146035294117646,0.7647219607843136,0.6994673202614378,0.339101568627451,0.29502268256276426,0.36443046215417363,True,5,Balanced_Natural
1904,RU-74.jpg,countries,RU,RU,0.32343764705882355,0.5355674509803922,0.41920980392156865,0.4260716339869281,0.5459741176470588,0.2530383533506898,0.3279647853531633,True,1,Cool_Tones
1905,RU-75.jpg,countries,RU,RU,0.46947803921568626,0.44962862745098037,0.3654701960784314,0.4281922875816993,0.4545623529411765,0.36547262165364436,0.28450606746206447,True,4,Dark_Moody
1906,RU-76.jpg,countries,RU,RU,0.4588556862745098,0.37034196078431375,0.3590262745098039,0.39607464052287583,0.3414819607843137,0.38616904758128995,0.3021534626927684,True,4,Dark_Moody
1907,RU-77.jpg,countries,RU,RU,0.7708388235294117,0.6612337254901961,0.5896874509803921,0.67392,0.2458549019607843,0.38127099272832526,0.29167020779429026,True,2,Neutral_Colors
1908,RU-78.jpg,countries,RU,RU,0.7042596078431372,0.7253698039215687,0.6697396078431372,0.6997896732026144,0.1760356862745098,0.335462353594385,0.31901932560142154,True,5,Balanced_Natural
1909,RU-79.jpg,countries,RU,RU,0.4022396078431373,0.41756313725490196,0.3010321568627451,0.37361163398692804,0.4440349019607843,0.3588746641140434,0.26857826050728845,True,4,Dark_Moody
1910,RU-8.jpg,countries,RU,RU,0.5568694117647058,0.4706003921568628,0.24285098039215686,0.42344026143790847,0.6822141176470587,0.4383687807617557,0.19117280628494765,True,0,Warm_Tones
1911,RU-80.jpg,countries,RU,RU,0.32558274509803925,0.35104235294117647,0.19560470588235293,0.2907432679738562,0.5196101960784313,0.3732759077462206,0.2242579658995187,True,4,Dark_Moody
1912,RU-81.jpg,countries,RU,RU,0.5733105882352941,0.48648588235294116,0.3413019607843137,0.4670328104575163,0.44509803921568625,0.4091862257582005,0.24359581707200217,True,0,Warm_Tones
1913,RU-82.jpg,countries,RU,RU,0.560538431372549,0.5055066666666667,0.4638701960784314,0.5099717647058823,0.3262533333333333,0.3663850326503189,0.30319972266584727,True,2,Neutral_Colors
1914,RU-83.jpg,countries,RU,RU,0.67658,0.6937305882352941,0.62586,0.6653901960784313,0.19893960784313724,0.3389387986421184,0.3135301612790154,True,2,Neutral_Colors
1915,RU-84.jpg,countries,RU,RU,0.7026388235294118,0.6309862745098039,0.5410670588235295,0.624897385620915,0.31322039215686276,0.3748020421140606,0.28861633000730236,True,2,Neutral_Colors
1916,RU-85.jpg,countries,RU,RU,0.8672227450980392,0.8741721568627452,0.8701290196078432,0.8705079738562093,0.06861490196078432,0.3320752323424648,0.33318809727658855,True,5,Balanced_Natural
1917,RU-86.jpg,countries,RU,RU,0.6766298039215687,0.7142439215686275,0.6769007843137255,0.6892581699346406,0.27765490196078435,0.3272259491968403,0.32735699842867033,True,5,Balanced_Natural
1918,RU-87.jpg,countries,RU,RU,0.46351607843137255,0.39510117647058823,0.2763686274509804,0.37832862745098045,0.410956862745098,0.4083889299852148,0.24349940228211328,True,4,Dark_Moody
1919,RU-88.jpg,countries,RU,RU,0.5214705882352941,0.5079454901960785,0.3724439215686275,0.4672866666666667,0.43133607843137256,0.3719845178910706,0.26567821029947153,True,0,Warm_Tones
1920,RU-89.jpg,countries,RU,RU,0.3683878431372549,0.37860941176470586,0.2324921568627451,0.32649647058823533,0.536613725490196,0.37610153066587587,0.23736031927446224,True,4,Dark_Moody
1921,RU-9.jpg,countries,RU,RU,0.5841129411764706,0.5970933333333334,0.5477282352941177,0.5763115032679739,0.4170494117647059,0.3378454186777127,0.3168008477980972,True,2,Neutral_Colors
1922,RU-90.jpg,countries,RU,RU,0.7726921568627451,0.7039823529411765,0.67264,0.7164381699346406,0.21820980392156863,0.359506155954384,0.31295544880768283,True,5,Balanced_Natural
1923,RU-91.jpg,countries,RU,RU,0.6155588235294117,0.5790129411764706,0.48523921568627454,0.5599369934640523,0.2520058823529412,0.3664450728501816,0.288865195242264,True,2,Neutral_Colors
1924,RU-92.jpg,countries,RU,RU,0.6505188235294117,0.6099992156862746,0.5331811764705882,0.5978997385620914,0.3639407843137255,0.36266864319939973,0.29725211147760927,True,2,Neutral_Colors
1925,RU-93.jpg,countries,RU,RU,0.4614121568627451,0.4835466666666667,0.4242564705882353,0.45640509803921564,0.3824349019607843,0.3369899692583554,0.3098535070104724,True,2,Neutral_Colors
1926,RU-94.jpg,countries,RU,RU,0.7137074509803921,0.6849945098039215,0.7125458823529411,0.7037492810457516,0.2747862745098039,0.338049895586843,0.3374997147631913,True,5,Balanced_Natural
1927,RU-95.jpg,countries,RU,RU,0.3970427450980392,0.5017192156862745,0.4481137254901961,0.4489585620915033,0.441304705882353,0.29478774793872786,0.3327058297591359,True,1,Cool_Tones
1928,RU-96.jpg,countries,RU,RU,0.31684588235294114,0.4409392156862745,0.43715176470588235,0.3983122875816993,0.46847098039215684,0.2651567853286194,0.36583639897527864,True,1,Cool_Tones
1929,RU-97.jpg,countries,RU,RU,0.7271580392156862,0.5266560784313726,0.3349964705882353,0.5296035294117648,0.5567647058823529,0.4576741789901888,0.21084719740766653,True,0,Warm_Tones
1930,RU-98.jpg,countries,RU,RU,0.6809886274509803,0.696424705882353,0.7082733333333333,0.6952288888888889,0.05462078431372549,0.3265055637689665,0.3395874390269044,True,5,Balanced_Natural
1931,RU-99.jpg,countries,RU,RU,0.4478211764705882,0.2911019607843137,0.11005215686274511,0.28299176470588233,0.7973105882352941,0.5274837231303556,0.12962924598162529,True,3,Vibrant_Bright
1932,SE-0.jpg,countries,SE,SE,0.4980321568627451,0.5120698039215686,0.28299019607843134,0.4310307189542484,0.5826988235294117,0.38514793324794355,0.218847493373959,True,0,Warm_Tones
1933,SG-0.jpg,countries,SG,SG,0.43945019607843133,0.4596921568627451,0.4202854901960784,0.4398092810457516,0.29571254901960786,0.33306092887399247,0.3185359274068544,True,4,Dark_Moody
1934,SG-1.jpg,countries,SG,SG,0.676875294117647,0.6576890196078431,0.5252364705882353,0.6199335947712418,0.27669764705882355,0.36395023374354746,0.28241529555368705,True,2,Neutral_Colors
1935,SG-2.jpg,countries,SG,SG,0.7714780392156863,0.7310611764705882,0.6073196078431372,0.703286274509804,0.2524968627450981,0.36565369443603307,0.28784832104495073,True,5,Balanced_Natural
1936,SG-3.jpg,countries,SG,SG,0.7897443137254903,0.6556352941176471,0.5636698039215686,0.669683137254902,0.34054666666666666,0.39309332861976126,0.28056528627693983,True,2,Neutral_Colors
1937,SG-4.jpg,countries,SG,SG,0.4009862745098039,0.3481556862745098,0.261504705882353,0.33688222222222225,0.6492309803921569,0.39676168830661124,0.25874962611337315,True,4,Dark_Moody
1938,SI-0.jpg,countries,SI,SI,0.26687176470588236,0.2698435294117647,0.1420619607843137,0.22625908496732028,0.5119568627450981,0.3931648705281932,0.20929067741693108,True,4,Dark_Moody
1939,SI-1.jpg,countries,SI,SI,0.5131247058823529,0.4105298039215686,0.4167556862745098,0.44680339869281044,0.27554117647058823,0.38281141442534516,0.3109162975464465,True,2,Neutral_Colors
1940,SI-2.jpg,countries,SI,SI,0.598415294117647,0.7436713725490196,0.6872603921568627,0.6764490196078432,0.3669180392156863,0.2948805610332637,0.33866067930963356,True,2,Neutral_Colors
1941,SI-3.jpg,countries,SI,SI,0.4102337254901961,0.46948941176470593,0.33415686274509804,0.4046266666666667,0.6087760784313725,0.33795217611132894,0.27527975373623775,True,4,Dark_Moody
1942,SI-4.jpg,countries,SI,SI,0.48747607843137253,0.4512694117647059,0.3324298039215686,0.4237250980392157,0.501698431372549,0.3834842426555327,0.2615135331424001,True,0,Warm_Tones
1943,SK-0.jpg,countries,SK,SK,0.5241160784313725,0.5340898039215687,0.3667956862745098,0.475000522875817,0.47870117647058824,0.36780009381751233,0.25740001762088327,True,0,Warm_Tones
1944,SK-1.jpg,countries,SK,SK,0.38276352941176467,0.40548352941176474,0.366058431372549,0.3847684967320261,0.533226274509804,0.33159609918397487,0.31712412126381434,True,4,Dark_Moody
1945,SK-2.jpg,countries,SK,SK,0.607818431372549,0.5679541176470588,0.48731294117647056,0.5543618300653594,0.33082901960784317,0.36547614027030373,0.29301719666967907,True,2,Neutral_Colors
1946,TH-0.jpg,countries,TH,TH,0.47279058823529413,0.5801556862745098,0.6426623529411765,0.5652028758169935,0.50064,0.2788322150223002,0.37901551308557646,True,1,Cool_Tones
1947,TW-0.jpg,countries,TW,TW,0.969007843137255,0.969573725490196,0.9640003921568627,0.967527320261438,0.007373333333333333,0.33384328931477536,0.33211811864849433,True,5,Balanced_Natural
1948,TW-1.jpg,countries,TW,TW,0.41588039215686273,0.5078376470588236,0.5027533333333334,0.4754904575163399,0.23795411764705882,0.29154465250084705,0.35244519487955006,True,2,Neutral_Colors
1949,TW-10.jpg,countries,TW,TW,0.6668470588235293,0.6874250980392157,0.6023180392156863,0.6521967320261437,0.20509529411764707,0.34082084196232804,0.30784051386048555,True,2,Neutral_Colors
1950,TW-11.jpg,countries,TW,TW,0.8649984313725491,0.7595274509803921,0.43831764705882353,0.6876145098039216,0.5089607843137255,0.41932313319763836,0.21248215307035911,True,0,Warm_Tones
1951,TW-12.jpg,countries,TW,TW,0.736395294117647,0.8087141176470589,0.6847470588235294,0.7432854901960785,0.3458337254901961,0.3302432123266543,0.3070810883006318,True,5,Balanced_Natural
1952,TW-13.jpg,countries,TW,TW,0.538772156862745,0.6699423529411764,0.5573733333333334,0.5886959477124183,0.3433780392156863,0.3050651494438286,0.315597562092756,True,2,Neutral_Colors
1953,TW-14.jpg,countries,TW,TW,0.6775176470588236,0.6908407843137255,0.6151105882352941,0.661156339869281,0.2547235294117647,0.3415819953723209,0.3101184198170584,True,2,Neutral_Colors
1954,TW-15.jpg,countries,TW,TW,0.6814756862745097,0.6589729411764705,0.6393870588235294,0.6599452287581699,0.3592752941176471,0.3442080303890385,0.32294939439003645,True,2,Neutral_Colors
1955,TW-16.jpg,countries,TW,TW,0.8916564705882353,0.8981698039215686,0.8680611764705882,0.8859624836601308,0.08175490196078432,0.3354755050985445,0.3265980467127558,True,5,Balanced_Natural
1956,TW-17.jpg,countries,TW,TW,0.5497701960784314,0.5823482352941176,0.4353270588235294,0.5224818300653594,0.3805694117647059,0.3507425609212716,0.27773009257181885,True,2,Neutral_Colors
1957,TW-18.jpg,countries,TW,TW,0.46132392156862745,0.5043843137254902,0.5865549019607843,0.5174210457516341,0.3864113725490196,0.2971942148869423,0.3778705491438306,True,1,Cool_Tones
1958,TW-19.jpg,countries,TW,TW,0.8911905882352942,0.8673968627450981,0.81562,0.8580691503267973,0.11903450980392156,0.34619985335526443,0.31684302787886875,True,5,Balanced_Natural
1959,TW-2.jpg,countries,TW,TW,0.4247094117647059,0.4018388235294118,0.3580890196078432,0.39487908496732027,0.25560666666666665,0.3585140105068229,0.3022771028422328,True,4,Dark_Moody
1960,TW-20.jpg,countries,TW,TW,0.7821027450980392,0.7579,0.5639690196078431,0.7013239215686274,0.3404078431372549,0.3717266488510704,0.26804958175714844,True,2,Neutral_Colors
1961,TW-21.jpg,countries,TW,TW,0.37737803921568625,0.28253529411764705,0.12260352941176471,0.260838954248366,0.5905662745098039,0.4822612456306516,0.15667825010622446,True,3,Vibrant_Bright
1962,TW-22.jpg,countries,TW,TW,0.6617874509803922,0.772341568627451,0.5790207843137254,0.6710499346405229,0.32646313725490195,0.3287321792740247,0.2876191804338786,True,2,Neutral_Colors
1963,TW-23.jpg,countries,TW,TW,0.8780650980392157,0.8536733333333334,0.8008682352941175,0.8442022222222222,0.14455176470588235,0.3467039563987799,0.31622277932538734,True,5,Balanced_Natural
1964,TW-24.jpg,countries,TW,TW,0.06670078431372549,0.33224470588235294,0.5434823529411764,0.3141426143790849,0.9125082352941177,0.0707754063337928,0.5766826396483962,True,1,Cool_Tones
1965,TW-3.jpg,countries,TW,TW,0.4569725490196079,0.5301388235294117,0.36214274509803923,0.4497513725490196,0.4280305882352941,0.33868505892089107,0.2684019799973584,True,4,Dark_Moody
1966,TW-4.jpg,countries,TW,TW,0.44594117647058823,0.41817529411764703,0.2719972549019608,0.37870457516339867,0.5270396078431373,0.39251421222287153,0.23941002506116008,True,4,Dark_Moody
1967,TW-5.jpg,countries,TW,TW,0.23051254901960785,0.3133960784313725,0.32287803921568625,0.28892888888888885,0.3533372549019608,0.2659388889392841,0.3724995770386899,True,1,Cool_Tones
1968,TW-6.jpg,countries,TW,TW,0.5086968627450981,0.45266980392156864,0.3305827450980392,0.43064980392156865,0.387003137254902,0.393743334196749,0.2558788186355298,True,0,Warm_Tones
1969,TW-7.jpg,countries,TW,TW,0.6026,0.5775654901960784,0.5651721568627451,0.5817792156862746,0.17556549019607842,0.34526250880622966,0.32381804976080214,True,2,Neutral_Colors
1970,TW-8.jpg,countries,TW,TW,0.7863443137254902,0.8722564705882353,0.6017741176470589,0.7534583006535948,0.3360043137254902,0.3478820991868513,0.2662274523122655,True,5,Balanced_Natural
1971,TW-9.jpg,countries,TW,TW,0.6718235294117647,0.5759603921568628,0.46027098039215686,0.5693516339869281,0.4355603921568627,0.39332642956271885,0.26947067708017225,True,2,Neutral_Colors
1972,UA-0.jpg,countries,UA,UA,0.3753670588235294,0.24666274509803923,0.1443341176470588,0.2554546405228758,0.7481145098039216,0.48980198370146244,0.18833601797904548,True,3,Vibrant_Bright
1973,UA-1.jpg,countries,UA,UA,0.7340501960784314,0.7585549019607843,0.6449407843137255,0.712515294117647,0.24519372549019608,0.3434077643576234,0.30172006501387044,True,5,Balanced_Natural
1974,UA-2.jpg,countries,UA,UA,0.4629403921568628,0.40568117647058827,0.3518372549019608,0.40681960784313725,0.3046945098039216,0.3793163717737952,0.28828253754760486,True,4,Dark_Moody
1975,UA-3.jpg,countries,UA,UA,0.7249807843137255,0.754483137254902,0.6766478431372549,0.7187039215686276,0.3235501960784314,0.3362443728274206,0.31382766904102855,True,5,Balanced_Natural
1976,UA-4.jpg,countries,UA,UA,0.806163137254902,0.7312686274509804,0.5997486274509805,0.7123934640522877,0.3379509803921568,0.3772085702287136,0.2806259822642891,True,5,Balanced_Natural
1977,UA-5.jpg,countries,UA,UA,0.8153094117647058,0.7791862745098039,0.7869827450980392,0.7938261437908497,0.11555490196078431,0.3423541690195526,0.33045960201489843,True,5,Balanced_Natural
1978,UA-6.jpg,countries,UA,UA,0.5212172549019608,0.5236501960784313,0.3343219607843137,0.45972980392156865,0.47771372549019603,0.3779153701011098,0.24240449899629238,True,0,Warm_Tones
1979,UA-7.jpg,countries,UA,UA,0.8163450980392157,0.7886141176470588,0.7928274509803921,0.7992622222222222,0.10770274509803922,0.3404576265812871,0.33064956584857125,True,5,Balanced_Natural
1980,UA-8.jpg,countries,UA,UA,0.6994286274509803,0.6560333333333334,0.5207478431372549,0.6254032679738563,0.31929176470588233,0.3727878690331956,0.27755294983314877,True,2,Neutral_Colors
1981,US-0.jpg,countries,US,US,0.3959623529411765,0.41778235294117644,0.4176211764705882,0.4104552941176471,0.49989529411764705,0.3215632632449535,0.3391525161636492,True,4,Dark_Moody
1982,US-1.jpg,countries,US,US,0.627332156862745,0.6159141176470588,0.37692,0.5400554248366013,0.5527235294117647,0.3872020912486027,0.23264264494790549,True,0,Warm_Tones
1983,US-10.jpg,countries,US,US,0.880236862745098,0.8350878431372548,0.6125913725490196,0.7759720261437909,0.3432792156862745,0.37812208643541145,0.26314999714758047,True,5,Balanced_Natural
1984,US-100.jpg,countries,US,US,0.30055333333333334,0.3128239215686274,0.25702039215686273,0.29013254901960783,0.5277486274509804,0.34530537742554795,0.29529043160322455,True,4,Dark_Moody
1985,US-101.jpg,countries,US,US,0.7470329411764706,0.6260443137254902,0.5192972549019609,0.6307915032679738,0.41293058823529416,0.3947593579108802,0.2744155439613398,True,2,Neutral_Colors
1986,US-102.jpg,countries,US,US,0.38048196078431373,0.35038431372549017,0.31497686274509806,0.34861437908496734,0.42450078431372545,0.363803694289467,0.3011699846325469,True,4,Dark_Moody
1987,US-103.jpg,countries,US,US,0.6681545098039215,0.618476862745098,0.49439254901960783,0.5936746405228758,0.34346078431372545,0.37515169030619083,0.2775887877998779,True,2,Neutral_Colors
1988,US-104.jpg,countries,US,US,0.7702835294117647,0.7487686274509804,0.6252917647058823,0.7147813071895425,0.27143333333333336,0.3592162443942499,0.2916003663479987,True,5,Balanced_Natural
1989,US-105.jpg,countries,US,US,0.2621952941176471,0.42780078431372554,0.13693725490196076,0.2756444444444444,0.7367674509803921,0.3170690628610741,0.16559628664826764,True,4,Dark_Moody
1990,US-106.jpg,countries,US,US,0.2025494117647059,0.24141490196078433,0.32049686274509803,0.25482039215686275,0.669641568627451,0.2649567473695656,0.419244892173457,True,1,Cool_Tones
1991,US-107.jpg,countries,US,US,0.8455701960784313,0.8654482352941176,0.8021027450980392,0.8377070588235295,0.12789254901960784,0.3364620327635421,0.31916583786010233,True,5,Balanced_Natural
1992,US-108.jpg,countries,US,US,0.32558627450980393,0.30932627450980393,0.22981764705882352,0.2882433986928105,0.40695254901960787,0.37651732236137936,0.2657677300195134,True,4,Dark_Moody
1993,US-109.jpg,countries,US,US,0.3996294117647059,0.5285854901960784,0.4779690196078431,0.4687279738562091,0.5116611764705883,0.28419406696447247,0.33990481072337136,True,1,Cool_Tones
1994,US-11.jpg,countries,US,US,0.5630066666666667,0.36790039215686277,0.13303176470588235,0.35464627450980396,0.7346286274509803,0.5291715322761418,0.12503692573944225,True,3,Vibrant_Bright
1995,US-110.jpg,countries,US,US,0.687872156862745,0.5524372549019608,0.5759043137254902,0.6054045751633986,0.4132643137254902,0.37873944485120753,0.31709043299935463,True,2,Neutral_Colors
1996,US-111.jpg,countries,US,US,0.49582745098039216,0.3653619607843137,0.21636470588235296,0.35918470588235296,0.7729117647058824,0.4601411499609201,0.2007922400803082,True,3,Vibrant_Bright
1997,US-112.jpg,countries,US,US,0.41031960784313726,0.4607721568627451,0.3886607843137255,0.41991751633986923,0.35657647058823533,0.3257141908133261,0.30852128546587343,True,4,Dark_Moody
1998,US-113.jpg,countries,US,US,0.395043137254902,0.23973568627450978,0.19397764705882353,0.2762521568627451,0.7042070588235294,0.4766691719526924,0.23405839940259254,True,3,Vibrant_Bright
1999,US-114.jpg,countries,US,US,0.5847188235294117,0.43640823529411765,0.26243372549019606,0.42785359477124185,0.6331211764705882,0.45554396420585236,0.20445741583877863,True,0,Warm_Tones
2000,US-115.jpg,countries,US,US,0.3674635294117647,0.47236470588235296,0.3726243137254902,0.40415084967320264,0.5895823529411764,0.30307431547286606,0.30733079549875947,True,4,Dark_Moody
2001,US-116.jpg,countries,US,US,0.6366796078431373,0.3315313725490196,0.22850549019607844,0.3989054901960784,0.7150188235294118,0.5320216538078812,0.19094355669743732,True,3,Vibrant_Bright
2002,US-117.jpg,countries,US,US,0.28234000000000004,0.3315549019607843,0.2576807843137255,0.29052522875816994,0.49031450980392155,0.32394166164177873,0.29564900985954884,True,4,Dark_Moody
2003,US-118.jpg,countries,US,US,0.3784219607843137,0.3336121568627451,0.279461568627451,0.33049856209150325,0.4197431372549019,0.3816673984118009,0.28185829816286256,True,4,Dark_Moody
2004,US-119.jpg,countries,US,US,0.8462901960784314,0.8027329411764705,0.6286250980392156,0.7592160784313725,0.2821941176470589,0.3715630058239183,0.2759973257945664,True,5,Balanced_Natural
2005,US-12.jpg,countries,US,US,0.6742596078431373,0.6852129411764706,0.6496513725490196,0.6697079738562092,0.11985686274509805,0.33559864824966085,0.3233504126969881,True,5,Balanced_Natural
2006,US-120.jpg,countries,US,US,0.6398525490196078,0.5214686274509804,0.31884627450980396,0.49338915032679737,0.5669788235294118,0.4322836016372328,0.21541215413598067,True,0,Warm_Tones
2007,US-121.jpg,countries,US,US,0.36182549019607846,0.7117419607843137,0.7238776470588235,0.599148366013072,0.5764643137254902,0.2012997722662081,0.402725649380241,True,1,Cool_Tones
2008,US-122.jpg,countries,US,US,0.7181286274509805,0.4989094117647059,0.16993882352941178,0.46232562091503265,0.7393176470588235,0.5177650247637441,0.12252453921151267,True,3,Vibrant_Bright
2009,US-123.jpg,countries,US,US,0.49810039215686275,0.4760333333333333,0.40786823529411764,0.4606673202614379,0.31724745098039214,0.3604191932224089,0.29512833681821093,True,2,Neutral_Colors
2010,US-124.jpg,countries,US,US,0.8149113725490197,0.8219027450980392,0.7086219607843137,0.781812026143791,0.24229450980392156,0.3474454207460692,0.30212789219578623,True,5,Balanced_Natural
2011,US-125.jpg,countries,US,US,0.6175235294117647,0.5905741176470588,0.5380349019607843,0.5820441830065359,0.2786007843137255,0.3536519470452202,0.3081292964463525,True,2,Neutral_Colors
2012,US-126.jpg,countries,US,US,0.6841290196078431,0.6086149019607843,0.6158854901960785,0.6362098039215686,0.25107843137254904,0.3584397562728252,0.32268452100510925,True,2,Neutral_Colors
2013,US-127.jpg,countries,US,US,0.5158909803921569,0.5927007843137255,0.401021568627451,0.5032044444444445,0.5100113725490196,0.3417369383695727,0.26564504573957476,True,0,Warm_Tones
2014,US-128.jpg,countries,US,US,0.48652745098039213,0.5076658823529412,0.41674235294117645,0.4703118954248366,0.4048913725490196,0.3448258562650586,0.2953657361065284,True,2,Neutral_Colors
2015,US-129.jpg,countries,US,US,0.8344552941176471,0.8263819607843137,0.7740862745098039,0.8116411764705882,0.10690509803921569,0.3427027343304299,0.3179097607172283,True,5,Balanced_Natural
2016,US-13.jpg,countries,US,US,0.5133215686274509,0.39819019607843137,0.2394835294117647,0.3836650980392157,0.6164333333333333,0.4459802097112423,0.20806629060031215,True,3,Vibrant_Bright
2017,US-130.jpg,countries,US,US,0.35900941176470585,0.47315843137254904,0.5430980392156863,0.4584219607843137,0.46108627450980394,0.261047085748533,0.39490374281863105,True,1,Cool_Tones
2018,US-131.jpg,countries,US,US,0.742641568627451,0.7182082352941177,0.6810325490196079,0.7139607843137256,0.1659450980392157,0.3467236288137146,0.31795968164392907,True,5,Balanced_Natural
2019,US-132.jpg,countries,US,US,0.4002686274509804,0.20056666666666667,0.23410980392156863,0.2783150326797386,0.6619796078431373,0.4793945721657598,0.28038912268869953,True,3,Vibrant_Bright
2020,US-133.jpg,countries,US,US,0.7023047058823529,0.7500984313725491,0.6991090196078431,0.7171707189542484,0.28616117647058825,0.32642361662636865,0.3249382962766806,True,5,Balanced_Natural
2021,US-134.jpg,countries,US,US,0.7808588235294117,0.4637027450980392,0.4250054901960785,0.5565223529411765,0.4531074509803922,0.4677011035295251,0.2545601468295704,True,0,Warm_Tones
2022,US-135.jpg,countries,US,US,0.5843305882352942,0.514323137254902,0.24966549019607845,0.44943973856209146,0.6040274509803921,0.43337671677486406,0.18516780160342144,True,0,Warm_Tones
2023,US-136.jpg,countries,US,US,0.8925180392156862,0.8258090196078431,0.6927384313725491,0.803688496732026,0.2643992156862745,0.37017562263208376,0.2873161873342666,True,5,Balanced_Natural
2024,US-137.jpg,countries,US,US,0.7645313725490196,0.6144925490196079,0.45930901960784315,0.6127776470588235,0.45356392156862746,0.41588274873483855,0.24985069867877277,True,0,Warm_Tones
2025,US-138.jpg,countries,US,US,0.5821101960784313,0.7892274509803922,0.7157137254901961,0.6956837908496731,0.2747074509803921,0.2789149921367194,0.34293040984690754,True,5,Balanced_Natural
2026,US-139.jpg,countries,US,US,0.6437811764705882,0.5392811764705882,0.3549172549019608,0.5126598692810457,0.534261568627451,0.4185886175596365,0.23076835500526663,True,0,Warm_Tones
2027,US-14.jpg,countries,US,US,0.5171223529411765,0.4015109803921569,0.3650427450980392,0.42789202614379085,0.5213564705882353,0.40284457955196146,0.2843727221055579,True,0,Warm_Tones
2028,US-140.jpg,countries,US,US,0.33002588235294117,0.3694647058823529,0.26836039215686275,0.3226169934640523,0.5130501960784314,0.340987970308456,0.27727420886004467,True,4,Dark_Moody
2029,US-141.jpg,countries,US,US,0.4290349019607843,0.40932313725490194,0.4608878431372549,0.4330819607843137,0.4995631372549019,0.33021815005921007,0.35473461541241896,True,1,Cool_Tones
2030,US-142.jpg,countries,US,US,0.3663243137254902,0.5551788235294118,0.5088898039215686,0.47679764705882355,0.545761568627451,0.2561002973937346,0.3557689873203859,True,1,Cool_Tones
2031,US-143.jpg,countries,US,US,0.6042443137254903,0.5308698039215687,0.4389545098039216,0.5246895424836602,0.41428235294117643,0.3838739425421685,0.27886600576542253,True,2,Neutral_Colors
2032,US-144.jpg,countries,US,US,0.17034901960784313,0.1653329411764706,0.1354392156862745,0.15704039215686275,0.23720549019607842,0.3615814073623381,0.2874821489001375,True,4,Dark_Moody
2033,US-145.jpg,countries,US,US,0.8326768627450981,0.8013145098039215,0.7832705882352942,0.8057539869281046,0.14015372549019606,0.34447094761875835,0.32403201511065693,True,5,Balanced_Natural
2034,US-146.jpg,countries,US,US,0.5482639215686275,0.37342666666666663,0.4954694117647059,0.4723866666666667,0.5659819607843137,0.3868748304311419,0.3496211169829722,True,4,Dark_Moody
2035,US-147.jpg,countries,US,US,0.43797568627450983,0.5282141176470588,0.4265580392156863,0.46424928104575164,0.48550823529411763,0.3144685335282289,0.3062706110420005,True,4,Dark_Moody
2036,US-148.jpg,countries,US,US,0.1628,0.16140549019607844,0.1481756862745098,0.15746039215686278,0.32260392156862744,0.34463620371192466,0.3136775552829005,True,4,Dark_Moody
2037,US-149.jpg,countries,US,US,0.9152945098039216,0.8750003921568628,0.8276596078431373,0.8726515032679739,0.1302823529411765,0.3496218733955776,0.31614731600428414,True,5,Balanced_Natural
2038,US-15.jpg,countries,US,US,0.7880050980392157,0.804995294117647,0.7758313725490196,0.7896105882352941,0.11441490196078431,0.3326554367957062,0.3275163127209395,True,5,Balanced_Natural
2039,US-150.jpg,countries,US,US,0.4324941176470588,0.28888549019607845,0.29930823529411765,0.3402292810457516,0.43741098039215687,0.423727682099196,0.293241409766119,True,4,Dark_Moody
2040,US-151.jpg,countries,US,US,0.6930525490196078,0.33748078431372547,0.3014266666666667,0.4439866666666667,0.5106003921568628,0.5203249562259014,0.22630292228275956,True,0,Warm_Tones
2041,US-152.jpg,countries,US,US,0.4588521568627451,0.4599462745098039,0.23778901960784316,0.3855291503267974,0.5402258823529411,0.39672898036790455,0.20559518764542328,True,0,Warm_Tones
2042,US-153.jpg,countries,US,US,0.22820823529411766,0.27802039215686275,0.19309372549019607,0.23310745098039218,0.6299027450980392,0.32632720519675446,0.27611508278408387,True,4,Dark_Moody
2043,US-154.jpg,countries,US,US,0.2048070588235294,0.22356313725490196,0.17556470588235293,0.20131163398692808,0.5255580392156863,0.3391205228213577,0.290700892780759,True,4,Dark_Moody
2044,US-155.jpg,countries,US,US,0.3008937254901961,0.3020086274509804,0.2585556862745098,0.2871526797385621,0.14206235294117647,0.3492838449569746,0.30013694732359103,True,4,Dark_Moody
2045,US-156.jpg,countries,US,US,0.8882972549019609,0.8884098039215687,0.8810301960784314,0.8859124183006536,0.035245882352941175,0.3342305259984033,0.3314962240745302,True,5,Balanced_Natural
2046,US-157.jpg,countries,US,US,0.43266,0.4105341176470588,0.3741745098039216,0.4057895424836601,0.23342901960784312,0.35540561407461424,0.3073631059675739,True,4,Dark_Moody
2047,US-158.jpg,countries,US,US,0.5068447058823529,0.4169509803921569,0.2675133333333333,0.3971030065359477,0.6026788235294117,0.4254515596613522,0.22455391873678165,True,0,Warm_Tones
2048,US-159.jpg,countries,US,US,0.8714698039215686,0.9022752941176471,0.7181317647058824,0.8306256209150327,0.2636164705882353,0.34972412450485896,0.28818899009551585,True,5,Balanced_Natural
2049,US-16.jpg,countries,US,US,0.34920392156862745,0.3908082352941176,0.33754235294117646,0.35918483660130723,0.25909647058823526,0.32407047097942143,0.31324822700094374,True,4,Dark_Moody
2050,US-160.jpg,countries,US,US,0.4867239215686274,0.49263411764705883,0.44942901960784315,0.47626235294117647,0.21534352941176468,0.3406550877597606,0.31455261459695083,True,2,Neutral_Colors
2051,US-161.jpg,countries,US,US,0.7875294117647058,0.2531235294117647,0.2375341176470588,0.42606235294117645,0.7599890196078432,0.6161295329965484,0.18583659580241277,True,3,Vibrant_Bright
2052,US-162.jpg,countries,US,US,0.272163137254902,0.29192078431372553,0.23856823529411764,0.26755071895424837,0.49073098039215685,0.33907938307834035,0.29722456487505367,True,4,Dark_Moody
2053,US-163.jpg,countries,US,US,0.5188658823529412,0.4817756862745098,0.45788039215686277,0.4861739869281046,0.43322235294117645,0.3557474899633555,0.3139343050935858,True,2,Neutral_Colors
2054,US-164.jpg,countries,US,US,0.4963345098039215,0.5491239215686274,0.26709607843137256,0.4375181699346405,0.6465278431372549,0.3781436336190211,0.20349316766897974,True,0,Warm_Tones
2055,US-165.jpg,countries,US,US,0.47373921568627453,0.42463882352941174,0.3940050980392157,0.4307943790849673,0.548643137254902,0.3665622333407185,0.3048668632501983,True,4,Dark_Moody
2056,US-166.jpg,countries,US,US,0.6036011764705882,0.6553141176470588,0.22473607843137253,0.4945504575163399,0.7204701960784313,0.40683463838200773,0.15147488898983802,True,0,Warm_Tones
2057,US-167.jpg,countries,US,US,0.21699529411764704,0.19217686274509804,0.16468470588235293,0.19128562091503268,0.49581607843137254,0.3781342179048162,0.28697821633839704,True,4,Dark_Moody
2058,US-168.jpg,countries,US,US,0.6143933333333333,0.6590494117647059,0.5451874509803921,0.6062100653594772,0.4167858823529412,0.33783283529842006,0.2997790053068462,True,2,Neutral_Colors
2059,US-169.jpg,countries,US,US,0.12109450980392157,0.10727607843137255,0.11109490196078431,0.1131551633986928,0.27123725490196077,0.356720068994075,0.32726323560424203,True,4,Dark_Moody
2060,US-17.jpg,countries,US,US,0.5125901960784314,0.5973509803921568,0.4850364705882353,0.5316592156862745,0.6901968627450981,0.3213774661019188,0.304102171826973,True,2,Neutral_Colors
2061,US-170.jpg,countries,US,US,0.41831843137254904,0.3745623529411765,0.36941960784313727,0.3874334640522876,0.43814980392156866,0.3599053001186574,0.3178346084208087,True,4,Dark_Moody
2062,US-171.jpg,countries,US,US,0.38430745098039215,0.47677254901960786,0.3442686274509804,0.40178287581699346,0.46253607843137257,0.318834836157131,0.28561723470975336,True,4,Dark_Moody
2063,US-172.jpg,countries,US,US,0.8413980392156862,0.77926,0.7565682352941177,0.7924087581699345,0.20242235294117647,0.3539409328833259,0.3182565854794535,True,5,Balanced_Natural
2064,US-173.jpg,countries,US,US,0.2310486274509804,0.4680101960784314,0.5784486274509804,0.425835816993464,0.6131360784313726,0.1808587859232304,0.45279436469251094,True,1,Cool_Tones
2065,US-174.jpg,countries,US,US,0.408203137254902,0.3994180392156863,0.2544807843137255,0.3540339869281046,0.43532470588235295,0.3843348077605046,0.23960086141347658,True,4,Dark_Moody
2066,US-175.jpg,countries,US,US,0.5813913725490195,0.6906670588235294,0.656766274509804,0.642941568627451,0.42460156862745096,0.3014224513785493,0.3405005815231824,True,2,Neutral_Colors
2067,US-176.jpg,countries,US,US,0.7529482352941177,0.659747843137255,0.5675662745098039,0.6600874509803921,0.3971396078431373,0.38022631392728906,0.2866115123863848,True,2,Neutral_Colors
2068,US-177.jpg,countries,US,US,0.20709137254901963,0.28000274509803924,0.13658784313725492,0.2078939869281046,0.6841321568627451,0.3320459040416808,0.21900204386775066,True,4,Dark_Moody
2069,US-178.jpg,countries,US,US,0.45328823529411766,0.281518431372549,0.3764956862745098,0.37043411764705886,0.4814850980392157,0.4078888397973826,0.33878750143070835,True,4,Dark_Moody
2070,US-179.jpg,countries,US,US,0.17743764705882353,0.08402235294117646,0.08235137254901961,0.1146037908496732,0.6117905882352941,0.516088603046201,0.23952416819228411,True,3,Vibrant_Bright
2071,US-18.jpg,countries,US,US,0.6373729411764706,0.5704611764705882,0.5004866666666666,0.5694402614379085,0.3076964705882353,0.37309887810891484,0.2929697854714909,True,2,Neutral_Colors
2072,US-180.jpg,countries,US,US,0.7289819607843138,0.48282117647058825,0.30318039215686277,0.5049945098039216,0.5750725490196078,0.4811811253725221,0.20012111428925353,True,0,Warm_Tones
2073,US-181.jpg,countries,US,US,0.3435827450980392,0.4680533333333333,0.35874039215686276,0.39012549019607845,0.48411176470588235,0.29356575441028737,0.3065168299732895,True,4,Dark_Moody
2074,US-182.jpg,countries,US,US,0.9425619607843136,0.9440062745098039,0.833916862745098,0.9068283660130718,0.12727843137254904,0.3464682144355243,0.3065323007333659,True,5,Balanced_Natural
2075,US-183.jpg,countries,US,US,0.4653905882352941,0.36316078431372545,0.2278807843137255,0.35214405228758167,0.6269160784313725,0.4405300848539716,0.2157077168899693,True,3,Vibrant_Bright
2076,US-184.jpg,countries,US,US,0.8167960784313725,0.6877188235294118,0.5896149019607843,0.6980432679738562,0.39082823529411764,0.39004062062493966,0.2815559089511713,True,2,Neutral_Colors
2077,US-185.jpg,countries,US,US,0.4458972549019608,0.46094549019607844,0.3378933333333333,0.41491202614379086,0.3326407843137255,0.35822605643264366,0.27145759469071906,True,4,Dark_Moody
2078,US-186.jpg,countries,US,US,0.25559882352941177,0.31216313725490197,0.2672847058823529,0.2783488888888889,0.5059207843137256,0.30608890214579976,0.32008317195747255,True,4,Dark_Moody
2079,US-187.jpg,countries,US,US,0.16016039215686273,0.14257098039215688,0.12376392156862745,0.1421650980392157,0.4581909803921569,0.3755258706015467,0.290187566165552,True,4,Dark_Moody
2080,US-188.jpg,countries,US,US,0.4646956862745098,0.5442392156862745,0.4496172549019608,0.4861840522875817,0.3263925490196078,0.31860044598857173,0.308262508490989,True,2,Neutral_Colors
2081,US-189.jpg,countries,US,US,0.1967898039215686,0.3133278431372549,0.13619686274509804,0.21543816993464052,0.6429596078431372,0.30447947006759973,0.2107281361488869,True,4,Dark_Moody
2082,US-19.jpg,countries,US,US,0.6842611764705883,0.6861317647058824,0.649343137254902,0.6732453594771243,0.09194274509803921,0.3387872529438431,0.32149884467101714,True,5,Balanced_Natural
2083,US-190.jpg,countries,US,US,0.7889733333333333,0.7463074509803922,0.5358482352941176,0.6903763398692812,0.39060509803921567,0.38093858225410726,0.2587226442671993,True,2,Neutral_Colors
2084,US-191.jpg,countries,US,US,0.4965647058823529,0.5635956862745098,0.532423137254902,0.5308611764705883,0.4777827450980392,0.31179802183923233,0.3343138950693922,True,2,Neutral_Colors
2085,US-192.jpg,countries,US,US,0.30974823529411766,0.3043701960784314,0.20071176470588234,0.2716100653594771,0.6159572549019607,0.38013791909889383,0.24632312271775472,True,4,Dark_Moody
2086,US-193.jpg,countries,US,US,0.790716862745098,0.7536235294117647,0.7028133333333333,0.7490512418300653,0.19061647058823528,0.3518746856973146,0.31275698346940534,True,5,Balanced_Natural
2087,US-194.jpg,countries,US,US,0.5138117647058823,0.527490588235294,0.4178749019607843,0.48639241830065355,0.276236862745098,0.35212405542625386,0.28637687037685505,True,2,Neutral_Colors
2088,US-195.jpg,countries,US,US,0.3246513725490196,0.3173737254901961,0.16134156862745097,0.2677888888888889,0.6010023529411764,0.40411306805022806,0.20083154366529268,True,3,Vibrant_Bright
2089,US-196.jpg,countries,US,US,0.7285960784313725,0.6652235294117648,0.49683058823529413,0.6302167320261438,0.39716823529411766,0.38536779282324457,0.2627827857755121,True,2,Neutral_Colors
2090,US-197.jpg,countries,US,US,0.6934282352941176,0.6985733333333334,0.6906333333333333,0.6942116339869281,0.11958941176470589,0.3329570159821314,0.33161501378282576,True,5,Balanced_Natural
2091,US-198.jpg,countries,US,US,0.4445270588235294,0.4233850980392157,0.2842811764705882,0.3840644444444444,0.5660231372549019,0.38580910004781843,0.24673023312669326,True,4,Dark_Moody
2092,US-199.jpg,countries,US,US,0.6991572549019608,0.6331188235294117,0.4363843137254902,0.5895534640522876,0.4696117647058824,0.39530305687814354,0.24673140696158039,True,0,Warm_Tones
2093,US-2.jpg,countries,US,US,0.7522219607843137,0.782384705882353,0.7261443137254902,0.7535836601307189,0.11184078431372549,0.3327308644683045,0.32119592065978464,True,5,Balanced_Natural
2094,US-20.jpg,countries,US,US,0.5040529411764706,0.4765039215686274,0.3350513725490196,0.43853607843137254,0.3813094117647059,0.38313271726447296,0.25467392867162075,True,0,Warm_Tones
2095,US-200.jpg,countries,US,US,0.4603992156862745,0.39545882352941175,0.2535298039215686,0.36979594771241825,0.48303607843137253,0.41500256518202017,0.22853105607643256,True,0,Warm_Tones
2096,US-201.jpg,countries,US,US,0.5208717647058824,0.4114937254901961,0.34923960784313723,0.42720169934640523,0.36617058823529414,0.406421103569019,0.2725015185067034,True,0,Warm_Tones
2097,US-202.jpg,countries,US,US,0.7202870588235294,0.6827894117647059,0.5974478431372549,0.6668414379084967,0.27332509803921573,0.3600489600814751,0.29864548028370314,True,2,Neutral_Colors
2098,US-203.jpg,countries,US,US,0.6162478431372549,0.698856862745098,0.6358972549019607,0.6503339869281045,0.2667274509803922,0.31586207480152667,0.3259335160856581,True,2,Neutral_Colors
2099,US-204.jpg,countries,US,US,0.38923254901960785,0.3851105882352941,0.3790929411764706,0.3844786928104575,0.30391960784313726,0.33745451424966183,0.3286637375070529,True,4,Dark_Moody
2100,US-205.jpg,countries,US,US,0.41466117647058826,0.43077333333333334,0.36828666666666665,0.40457372549019605,0.29560549019607846,0.3416442283986204,0.30343572343517383,True,4,Dark_Moody
2101,US-206.jpg,countries,US,US,0.24281921568627451,0.2707839215686274,0.26249803921568626,0.25870039215686275,0.4174250980392157,0.31287016458389816,0.33822613461725565,True,4,Dark_Moody
2102,US-207.jpg,countries,US,US,0.7846156862745098,0.6842290196078431,0.621533725490196,0.6967928104575162,0.3043701960784314,0.37534606134127957,0.29733057844053473,True,2,Neutral_Colors
2103,US-208.jpg,countries,US,US,0.24918980392156861,0.2161156862745098,0.13535960784313725,0.2002216993464052,0.580803137254902,0.4148557821641863,0.22534917200254578,True,3,Vibrant_Bright
2104,US-209.jpg,countries,US,US,0.4366094117647059,0.5178098039215687,0.4556164705882353,0.4700118954248366,0.4634313725490196,0.3096440085670974,0.3231238414030418,True,2,Neutral_Colors
2105,US-21.jpg,countries,US,US,0.29380666666666666,0.24196823529411765,0.15443450980392157,0.23006980392156862,0.541393725490196,0.4256769554018637,0.223749898830226,True,3,Vibrant_Bright
2106,US-210.jpg,countries,US,US,0.6573223529411765,0.47574039215686276,0.1698141176470588,0.4342922875816994,0.709276862745098,0.5045157122834456,0.13033771046602097,True,3,Vibrant_Bright
2107,US-211.jpg,countries,US,US,0.5066035294117647,0.4175549019607843,0.31890117647058824,0.4143532026143791,0.6017439215686275,0.40754531695022017,0.2565451551263626,True,0,Warm_Tones
2108,US-212.jpg,countries,US,US,0.3221925490196078,0.3728607843137255,0.29139176470588235,0.32881503267973855,0.5403854901960785,0.32661951794430355,0.29539552671462666,True,4,Dark_Moody
2109,US-213.jpg,countries,US,US,0.7608976470588235,0.6157933333333333,0.17278745098039217,0.5164928104575163,0.7844129411764705,0.49106663286572994,0.1115132266243346,True,3,Vibrant_Bright
2110,US-214.jpg,countries,US,US,0.719738431372549,0.6983501960784313,0.5732176470588235,0.6637687581699346,0.25719411764705885,0.36144016575730414,0.2878599673673825,True,2,Neutral_Colors
2111,US-215.jpg,countries,US,US,0.28808117647058823,0.2879290196078431,0.21837411764705883,0.2647947712418301,0.45076392156862743,0.36264665458069917,0.2748969723809883,True,4,Dark_Moody
2112,US-216.jpg,countries,US,US,0.8922313725490196,0.8967870588235294,0.8938023529411765,0.8942735947712418,0.022561176470588234,0.3325719873626474,0.3331575575266227,True,5,Balanced_Natural
2113,US-217.jpg,countries,US,US,0.6452129411764707,0.7516756862745099,0.5697407843137254,0.655543137254902,0.5733490196078431,0.32808042493226025,0.28970404449429976,True,2,Neutral_Colors
2114,US-218.jpg,countries,US,US,0.7366564705882352,0.6777082352941176,0.6276094117647059,0.6806580392156864,0.3008690196078431,0.36075683010137494,0.3073540937599141,True,2,Neutral_Colors
2115,US-219.jpg,countries,US,US,0.6250745098039215,0.5720996078431373,0.40961176470588234,0.5355952941176471,0.4342509803921568,0.3890214170086932,0.25492600742797733,True,0,Warm_Tones
2116,US-22.jpg,countries,US,US,0.22023725490196078,0.1588,0.08629725490196079,0.15511150326797385,0.44592588235294117,0.4732870160602232,0.1854516861142273,True,3,Vibrant_Bright
2117,US-220.jpg,countries,US,US,0.7359086274509804,0.8538717647058823,0.8252670588235294,0.805015816993464,0.17768823529411765,0.3047179559284772,0.34171863445990536,True,5,Balanced_Natural
2118,US-221.jpg,countries,US,US,0.34453999999999996,0.2519643137254902,0.11020392156862745,0.2355694117647059,0.7507788235294117,0.4875272358038587,0.15593955203197943,True,3,Vibrant_Bright
2119,US-222.jpg,countries,US,US,0.4890141176470588,0.5104996078431373,0.4282094117647059,0.47590771241830065,0.33359960784313725,0.34251302817313906,0.2999244746173641,True,2,Neutral_Colors
2120,US-223.jpg,countries,US,US,0.41435647058823527,0.423616862745098,0.2879156862745098,0.375296339869281,0.40646784313725487,0.36802570710464166,0.255722744904332,True,4,Dark_Moody
2121,US-224.jpg,countries,US,US,0.1432956862745098,0.21349019607843137,0.14985019607843136,0.16887869281045753,0.5881458823529412,0.28283695050148244,0.2957742385188051,True,4,Dark_Moody
2122,US-225.jpg,countries,US,US,0.15316666666666665,0.11922980392156864,0.05542549019607843,0.10927398692810458,0.5860266666666667,0.4672237304556602,0.16907140995698838,True,3,Vibrant_Bright
2123,US-226.jpg,countries,US,US,0.5475270588235295,0.5526823529411765,0.4554341176470588,0.5185478431372549,0.19291803921568626,0.35196154935894364,0.29276233036301164,True,2,Neutral_Colors
2124,US-227.jpg,countries,US,US,0.4875545098039216,0.6346341176470589,0.5562031372549019,0.5594639215686275,0.40161450980392155,0.29048892491463973,0.33139033303231,True,2,Neutral_Colors
2125,US-228.jpg,countries,US,US,0.30851725490196075,0.24956392156862747,0.19962039215686272,0.25256718954248364,0.566166274509804,0.4071746192715539,0.2634548177901355,True,4,Dark_Moody
2126,US-229.jpg,countries,US,US,0.821803137254902,0.8274988235294118,0.6677619607843137,0.772354640522876,0.21666392156862743,0.3546741956192363,0.2881930301427403,True,5,Balanced_Natural
2127,US-23.jpg,countries,US,US,0.5351811764705883,0.31239686274509804,0.14299882352941176,0.33019228758169933,0.7868729411764707,0.5402716904933546,0.14435899378281297,True,3,Vibrant_Bright
2128,US-230.jpg,countries,US,US,0.5262874509803922,0.4983470588235294,0.3800254901960784,0.46822,0.36135098039215685,0.37467221698359404,0.27054605360017714,True,0,Warm_Tones
2129,US-231.jpg,countries,US,US,0.7111192156862745,0.5260764705882353,0.3389686274509804,0.5253881045751634,0.568127843137255,0.45117045115365684,0.2150590578914467,True,0,Warm_Tones
2130,US-232.jpg,countries,US,US,0.29787450980392155,0.4180741176470588,0.3395376470588235,0.35182875816993464,0.6273772549019608,0.2822151597633068,0.3216880537157719,True,1,Cool_Tones
2131,US-233.jpg,countries,US,US,0.6769078431372549,0.6709827450980391,0.5127545098039216,0.6202150326797385,0.27004117647058823,0.36380257580987235,0.2755787413545607,True,2,Neutral_Colors
2132,US-234.jpg,countries,US,US,0.525432156862745,0.4700329411764706,0.3033654901960784,0.43294352941176467,0.5328192156862745,0.4045421759233952,0.23356799522273497,True,0,Warm_Tones
2133,US-235.jpg,countries,US,US,0.2269650980392157,0.42022666666666664,0.4439266666666667,0.3637061437908497,0.6208486274509804,0.20801123278843095,0.40685433134321436,True,1,Cool_Tones
2134,US-236.jpg,countries,US,US,0.5027298039215686,0.29212745098039217,0.19655764705882353,0.3304716339869281,0.7293898039215687,0.5070826511127055,0.19825952626952964,True,3,Vibrant_Bright
2135,US-237.jpg,countries,US,US,0.8043541176470588,0.8160345098039216,0.7565058823529411,0.7922981699346404,0.1770686274509804,0.3384053334819976,0.31827477448318625,True,5,Balanced_Natural
2136,US-238.jpg,countries,US,US,0.5149937254901961,0.4662882352941176,0.44977686274509804,0.47701960784313724,0.17061725490196078,0.35986876091599795,0.31429633852470046,True,2,Neutral_Colors
2137,US-239.jpg,countries,US,US,0.18043686274509804,0.3447356862745098,0.3510141176470588,0.2920622222222222,0.5378717647058823,0.20593403629104348,0.40061522320034804,True,1,Cool_Tones
2138,US-24.jpg,countries,US,US,0.6399713725490196,0.362156862745098,0.16999294117647057,0.39070705882352935,0.759241568627451,0.5459937414340683,0.14503005282976675,True,3,Vibrant_Bright
2139,US-240.jpg,countries,US,US,0.6492756862745098,0.48234705882352946,0.383723137254902,0.5051152941176471,0.4868807843137255,0.4284667054360206,0.2532246192100117,True,0,Warm_Tones
2140,US-241.jpg,countries,US,US,0.6314839215686274,0.50472,0.18179333333333333,0.4393324183006535,0.8630392156862745,0.47912348838094665,0.1379313915304509,True,3,Vibrant_Bright
2141,US-242.jpg,countries,US,US,0.4675603921568628,0.36793333333333333,0.21238156862745097,0.3492917647058824,0.6676874509803922,0.44619808156893837,0.20267809265241998,True,3,Vibrant_Bright
2142,US-243.jpg,countries,US,US,0.5928176470588236,0.5442709803921568,0.4073329411764706,0.5148071895424836,0.48486235294117647,0.38384420112797796,0.263744489008907,True,0,Warm_Tones
2143,US-244.jpg,countries,US,US,0.7151976470588236,0.47286078431372547,0.3166349019607843,0.5015644444444445,0.6062160784313726,0.4753109194439869,0.21043137795258815,True,0,Warm_Tones
2144,US-245.jpg,countries,US,US,0.7517282352941176,0.675101568627451,0.5379670588235295,0.6549322875816993,0.30060313725490195,0.3825982558042118,0.2738027504121539,True,2,Neutral_Colors
2145,US-246.jpg,countries,US,US,0.6251458823529412,0.6936325490196078,0.6569854901960784,0.6585879738562092,0.3692635294117647,0.3164070155960743,0.3325220946196753,True,2,Neutral_Colors
2146,US-247.jpg,countries,US,US,0.6347031372549019,0.362155294117647,0.3298105882352941,0.44222300653594765,0.3844901960784314,0.47841824106533815,0.2486003176078287,True,0,Warm_Tones
2147,US-248.jpg,countries,US,US,0.45083803921568627,0.39411019607843134,0.27385098039215683,0.37293307189542474,0.3989490196078431,0.40296563487802095,0.24477201251179248,True,4,Dark_Moody
2148,US-249.jpg,countries,US,US,0.6148917647058824,0.5668356862745099,0.4481247058823529,0.5432840522875817,0.38214235294117643,0.37726819874341866,0.2749479018986806,True,2,Neutral_Colors
2149,US-25.jpg,countries,US,US,0.3395929411764706,0.530167843137255,0.18975098039215685,0.3531705882352942,0.7008882352941176,0.3205180272374921,0.17909267987425442,True,4,Dark_Moody
2150,US-250.jpg,countries,US,US,0.48915294117647057,0.6228952941176471,0.5731976470588236,0.5617486274509804,0.39593529411764705,0.2902559537707113,0.3401268105350388,True,2,Neutral_Colors
2151,US-251.jpg,countries,US,US,0.45960980392156864,0.519058431372549,0.31858745098039215,0.43241856209150326,0.5615964705882353,0.3542936481148432,0.2455855146873967,True,0,Warm_Tones
2152,US-252.jpg,countries,US,US,0.3025572549019608,0.3414937254901961,0.2703745098039215,0.3048084967320261,0.5165937254901961,0.3308710521247959,0.29567659369310895,True,4,Dark_Moody
2153,US-253.jpg,countries,US,US,0.8113921568627451,0.22279098039215686,0.16637254901960782,0.4001852287581699,0.7886537254901961,0.675846601946473,0.13857950309358938,True,3,Vibrant_Bright
2154,US-254.jpg,countries,US,US,0.8517329411764706,0.8677654901960785,0.7434392156862745,0.8209792156862745,0.16629843137254902,0.34581979628018245,0.30185048116162777,True,5,Balanced_Natural
2155,US-255.jpg,countries,US,US,0.48961333333333334,0.43394313725490197,0.4290290196078431,0.45086183006535946,0.20632901960784314,0.36198301319892406,0.31719156055273684,True,2,Neutral_Colors
2156,US-256.jpg,countries,US,US,0.45128588235294115,0.5903505882352941,0.5414388235294118,0.5276917647058824,0.43157803921568627,0.28506894078940936,0.34201688544088227,True,2,Neutral_Colors
2157,US-257.jpg,countries,US,US,0.7261741176470587,0.6034545098039216,0.45995411764705885,0.5965275816993464,0.41275921568627455,0.4057782261579922,0.25701737563662386,True,0,Warm_Tones
2158,US-258.jpg,countries,US,US,0.16012392156862745,0.2311843137254902,0.25934235294117647,0.2168835294117647,0.6757709803921568,0.24609779560043446,0.3985886726943497,True,1,Cool_Tones
2159,US-259.jpg,countries,US,US,0.6461827450980392,0.7122741176470588,0.6790705882352942,0.679175816993464,0.17283098039215686,0.31714047712419285,0.333281524441314,True,5,Balanced_Natural
2160,US-26.jpg,countries,US,US,0.5475509803921568,0.49369098039215686,0.42774,0.48966065359477123,0.45332666666666666,0.37274154636879553,0.29118104935105765,True,2,Neutral_Colors
2161,US-260.jpg,countries,US,US,0.27023607843137254,0.1970450980392157,0.10282823529411765,0.19003647058823528,0.6998933333333334,0.4740065658420276,0.18036547512932738,True,3,Vibrant_Bright
2162,US-261.jpg,countries,US,US,0.4437996078431372,0.4384619607843137,0.3258054901960784,0.40268901960784315,0.5194960784313725,0.3673630840594603,0.26969133718621974,True,4,Dark_Moody
2163,US-262.jpg,countries,US,US,0.4653380392156862,0.44955215686274513,0.3735780392156863,0.4294894117647059,0.38225490196078427,0.3611557237604233,0.28993943276450057,True,4,Dark_Moody
2164,US-263.jpg,countries,US,US,0.6175305882352942,0.4827858823529412,0.3226501960784314,0.47432222222222226,0.49819803921568623,0.43397373159003205,0.22674457307539997,True,0,Warm_Tones
2165,US-264.jpg,countries,US,US,0.11158588235294117,0.19018823529411763,0.3286,0.2101247058823529,0.6170470588235294,0.17701504902263143,0.521276920362171,True,1,Cool_Tones
2166,US-265.jpg,countries,US,US,0.6034356862745098,0.5432007843137254,0.4354913725490196,0.5273759477124184,0.34379647058823526,0.3814074238593221,0.2752565787786724,True,2,Neutral_Colors
2167,US-266.jpg,countries,US,US,0.47181372549019607,0.5145066666666667,0.5976811764705883,0.528000522875817,0.5593294117647059,0.2978617174207147,0.3773233631738887,True,1,Cool_Tones
2168,US-267.jpg,countries,US,US,0.38448901960784315,0.2525756862745098,0.2003192156862745,0.2791279738562092,0.629761568627451,0.45915445777026986,0.23921999372884267,True,3,Vibrant_Bright
2169,US-268.jpg,countries,US,US,0.622486274509804,0.5724274509803922,0.5010513725490197,0.5653216993464052,0.4170698039215686,0.367039338362653,0.2954371394147019,True,2,Neutral_Colors
2170,US-269.jpg,countries,US,US,0.5468219607843138,0.6092929411764706,0.5707603921568628,0.5756250980392158,0.3722278431372549,0.3166538116522783,0.3305160850844238,True,2,Neutral_Colors
2171,US-27.jpg,countries,US,US,0.6073403921568628,0.6434145098039216,0.655426274509804,0.6353937254901961,0.11841686274509804,0.3186161321062136,0.3438424105524716,True,2,Neutral_Colors
2172,US-270.jpg,countries,US,US,0.9067956862745098,0.8774207843137255,0.780958431372549,0.8550583006535947,0.17744196078431373,0.3535023409433123,0.30444634645740876,True,5,Balanced_Natural
2173,US-271.jpg,countries,US,US,0.35439333333333334,0.40068784313725486,0.3894858823529412,0.3815223529411765,0.5700737254901961,0.30963063367119004,0.3402907143444866,True,1,Cool_Tones
2174,US-272.jpg,countries,US,US,0.4277180392156863,0.4525603921568628,0.28803529411764706,0.3894379084967321,0.5664913725490196,0.3660983037222494,0.24653912839863806,True,4,Dark_Moody
2175,US-273.jpg,countries,US,US,0.3289725490196079,0.5539960784313726,0.6184843137254903,0.5004843137254903,0.5729039215686275,0.21910265776240864,0.41192360069392087,True,1,Cool_Tones
2176,US-274.jpg,countries,US,US,0.4309905882352941,0.44068588235294115,0.3476105882352941,0.4064290196078431,0.38840431372549017,0.3534772485602375,0.28509308011324064,True,4,Dark_Moody
2177,US-275.jpg,countries,US,US,0.5834003921568628,0.412298431372549,0.3654356862745098,0.4537115032679739,0.49511490196078434,0.42861301314584366,0.2684785487134581,True,0,Warm_Tones
2178,US-276.jpg,countries,US,US,0.7530027450980392,0.7298129411764707,0.7046466666666666,0.729154117647059,0.2153094117647059,0.34423559328917736,0.3221295870942142,True,5,Balanced_Natural
2179,US-277.jpg,countries,US,US,0.34436078431372547,0.4576694117647059,0.2694349019607843,0.3571550326797385,0.49907098039215686,0.3213921419855525,0.25146376768602435,True,4,Dark_Moody
2180,US-278.jpg,countries,US,US,0.6287792156862745,0.5933262745098039,0.42984078431372547,0.5506487581699346,0.4984521568627451,0.3806291068659303,0.26020248402981005,True,0,Warm_Tones
2181,US-279.jpg,countries,US,US,0.8807701960784313,0.8816019607843137,0.878118431372549,0.8801635294117647,0.025841960784313726,0.33356296229183285,0.3325586929664931,True,5,Balanced_Natural
2182,US-28.jpg,countries,US,US,0.7125435294117647,0.519158431372549,0.2181270588235294,0.483276339869281,0.7324066666666667,0.4914669442452964,0.1504500913027925,True,3,Vibrant_Bright
2183,US-280.jpg,countries,US,US,0.42766039215686275,0.3562329411764706,0.2871792156862745,0.35702418300653593,0.43622627450980395,0.39928200313443996,0.2681227782621838,True,4,Dark_Moody
2184,US-281.jpg,countries,US,US,0.6847764705882353,0.5918231372549019,0.43472588235294113,0.5704418300653594,0.4589905882352941,0.40014367481086316,0.2540286057882103,True,0,Warm_Tones
2185,US-282.jpg,countries,US,US,0.30232705882352945,0.16145372549019607,0.07535607843137256,0.17971228758169935,0.7438047058823529,0.560760205718418,0.13977144555881538,True,3,Vibrant_Bright
2186,US-283.jpg,countries,US,US,0.11504588235294118,0.11618470588235294,0.11801215686274509,0.11641424836601307,0.16616705882352942,0.32941429579689585,0.3379077178021238,True,4,Dark_Moody
2187,US-284.jpg,countries,US,US,0.35940941176470587,0.24488549019607841,0.2164470588235294,0.27358065359477124,0.5084011764705882,0.4379073948087829,0.263720883596357,True,4,Dark_Moody
2188,US-285.jpg,countries,US,US,0.579478431372549,0.43437450980392156,0.36605882352941177,0.4599705882352941,0.4363470588235294,0.4199384527731797,0.2652767862520892,True,0,Warm_Tones
2189,US-286.jpg,countries,US,US,0.39482862745098035,0.37427019607843137,0.36767058823529414,0.37892313725490195,0.0900764705882353,0.34732486293169273,0.3234343403295725,True,4,Dark_Moody
2190,US-287.jpg,countries,US,US,0.496341568627451,0.42161921568627453,0.24797607843137254,0.3886456209150327,0.5398670588235294,0.4257015613669655,0.21268378560718038,True,0,Warm_Tones
2191,US-288.jpg,countries,US,US,0.9220588235294118,0.9212901960784314,0.7850643137254901,0.8761377777777778,0.15889607843137257,0.3508042137177301,0.29868362220117634,True,5,Balanced_Natural
2192,US-289.jpg,countries,US,US,0.4103505882352941,0.6164427450980392,0.39703764705882355,0.4746103267973856,0.5260439215686274,0.28820155319328755,0.2788514744200858,True,2,Neutral_Colors
2193,US-29.jpg,countries,US,US,0.696166274509804,0.635536862745098,0.4835392156862745,0.6050807843137255,0.3472556862745098,0.38351126496721755,0.26637707550495227,True,2,Neutral_Colors
2194,US-290.jpg,countries,US,US,0.7779694117647059,0.7294341176470588,0.690367843137255,0.7325904575163399,0.2286027450980392,0.3539808860470849,0.31412163141197047,True,5,Balanced_Natural
2195,US-291.jpg,countries,US,US,0.7666960784313726,0.7086807843137255,0.6649576470588235,0.7134448366013072,0.25495254901960784,0.3582130347879947,0.31067916409037244,True,5,Balanced_Natural
2196,US-292.jpg,countries,US,US,0.2113694117647059,0.2987427450980392,0.2147470588235294,0.2416197385620915,0.5699956862745098,0.29160023848817257,0.29625996043970176,True,4,Dark_Moody
2197,US-293.jpg,countries,US,US,0.7319380392156863,0.6553811764705882,0.5912666666666666,0.6595286274509804,0.31257999999999997,0.3699296936332983,0.2988328043313067,True,2,Neutral_Colors
2198,US-294.jpg,countries,US,US,0.7777266666666667,0.6392290196078432,0.48331843137254904,0.6334247058823529,0.47529607843137256,0.4092705626907625,0.254341293470705,True,0,Warm_Tones
2199,US-295.jpg,countries,US,US,0.5917403921568627,0.4609498039215686,0.37396549019607844,0.4755518954248366,0.46069058823529413,0.41477420450893476,0.2621271773327826,True,0,Warm_Tones
2200,US-296.jpg,countries,US,US,0.4521721568627451,0.42654039215686274,0.3663839215686274,0.4150321568627451,0.4691839215686275,0.3631620556173168,0.2942612367492262,True,4,Dark_Moody
2201,US-297.jpg,countries,US,US,0.8196521568627452,0.5708525490196078,0.34675254901960784,0.579085751633987,0.6259749019607843,0.4718078930118544,0.1995975831694501,True,0,Warm_Tones
2202,US-298.jpg,countries,US,US,0.6880941176470589,0.624823137254902,0.5224819607843137,0.6117997385620916,0.39841019607843137,0.374901403937001,0.2846692270813276,True,2,Neutral_Colors
2203,US-299.jpg,countries,US,US,0.21348705882352942,0.22649960784313725,0.1978129411764706,0.21259986928104577,0.2861196078431372,0.33472382465341755,0.3101485617039759,True,4,Dark_Moody
2204,US-3.jpg,countries,US,US,0.776173725490196,0.8484419607843138,0.8441003921568627,0.8229053594771242,0.1486172549019608,0.3144036764161644,0.34191864249313075,True,5,Balanced_Natural
2205,US-30.jpg,countries,US,US,0.33060980392156863,0.6290133333333334,0.6979207843137255,0.5525146405228759,0.6396203921568627,0.19945752276124987,0.421056935007978,True,1,Cool_Tones
2206,US-300.jpg,countries,US,US,0.5604635294117648,0.4194764705882353,0.2216121568627451,0.40051738562091505,0.677103137254902,0.4664492171741572,0.18443807966130635,True,3,Vibrant_Bright
2207,US-301.jpg,countries,US,US,0.4833235294117647,0.43187215686274505,0.27862627450980393,0.3979406535947712,0.5658513725490196,0.4048536050054126,0.2333899444577218,True,0,Warm_Tones
2208,US-302.jpg,countries,US,US,0.4867023529411765,0.43271529411764703,0.3224972549019608,0.4139716339869281,0.6787556862745098,0.39189638539352967,0.2596772087327249,True,0,Warm_Tones
2209,US-303.jpg,countries,US,US,0.8031905882352941,0.5580094117647059,0.4532372549019608,0.6048124183006536,0.49668980392156864,0.4426662555561544,0.24979480766428755,True,0,Warm_Tones
2210,US-304.jpg,countries,US,US,0.6678941176470587,0.6851274509803922,0.6543172549019608,0.6691129411764706,0.15884823529411765,0.33272598382108104,0.3259623742986902,True,5,Balanced_Natural
2211,US-305.jpg,countries,US,US,0.8067074509803921,0.6796917647058824,0.2039043137254902,0.5634345098039216,0.7488129411764707,0.47725568792099893,0.1206317028544259,True,0,Warm_Tones
2212,US-306.jpg,countries,US,US,0.630018431372549,0.5771690196078432,0.4930074509803921,0.566731633986928,0.3333835294117647,0.37055637567763094,0.28997096770544006,True,2,Neutral_Colors
2213,US-307.jpg,countries,US,US,0.661741568627451,0.7066811764705883,0.6458113725490197,0.6714113725490196,0.2986125490196078,0.3285324353794747,0.3206236287367624,True,2,Neutral_Colors
2214,US-308.jpg,countries,US,US,0.4912447058823529,0.5693592156862745,0.4892533333333334,0.5166190849673202,0.4251392156862745,0.316961053908396,0.31567617992542296,True,2,Neutral_Colors
2215,US-309.jpg,countries,US,US,0.5977098039215686,0.5723807843137255,0.4489780392156863,0.5396895424836602,0.3542643137254902,0.36916868415510135,0.27730619585678057,True,2,Neutral_Colors
2216,US-31.jpg,countries,US,US,0.20781098039215684,0.2205870588235294,0.19216117647058825,0.20685307189542482,0.3965356862745098,0.33487641511523536,0.3096575829600648,True,4,Dark_Moody
2217,US-310.jpg,countries,US,US,0.5377686274509804,0.5184592156862745,0.312183137254902,0.4561369934640523,0.5381133333333333,0.3929873716078309,0.22813534354283946,True,0,Warm_Tones
2218,US-311.jpg,countries,US,US,0.33107568627450984,0.28086666666666665,0.19878823529411765,0.2702435294117647,0.4737082352941176,0.40836658035633805,0.24519611444623324,True,4,Dark_Moody
2219,US-312.jpg,countries,US,US,0.8435211764705882,0.66978,0.35351529411764704,0.6222721568627451,0.6070686274509804,0.45184984057642996,0.18936789465884643,True,0,Warm_Tones
2220,US-313.jpg,countries,US,US,0.5970976470588235,0.6125854901960784,0.4762321568627451,0.5619717647058824,0.31559490196078427,0.35416802669394964,0.2824767507879087,True,2,Neutral_Colors
2221,US-314.jpg,countries,US,US,0.5704572549019608,0.49255176470588236,0.2791266666666667,0.44737856209150323,0.6108098039215686,0.4250366305725765,0.20797186271799473,True,0,Warm_Tones
2222,US-315.jpg,countries,US,US,0.5794498039215686,0.5080772549019608,0.40385098039215683,0.49712601307189536,0.5116811764705882,0.38853288713666007,0.27079030197751836,True,0,Warm_Tones
2223,US-316.jpg,countries,US,US,0.8737611764705883,0.8073337254901961,0.6836239215686274,0.7882396078431372,0.24174862745098039,0.3694988166363298,0.28909298884647533,True,5,Balanced_Natural
2224,US-317.jpg,countries,US,US,0.5475596078431373,0.5917772549019608,0.42535333333333336,0.5215633986928104,0.6332117647058824,0.34994739486965865,0.2718449074164869,True,0,Warm_Tones
2225,US-318.jpg,countries,US,US,0.7238607843137255,0.7211423529411765,0.6970819607843137,0.7140283660130718,0.2122329411764706,0.3379232912142608,0.3254220086776139,True,5,Balanced_Natural
2226,US-32.jpg,countries,US,US,0.6063698039215687,0.6126858823529412,0.6043274509803921,0.6077943790849673,0.03877019607843137,0.3325518696430343,0.33143178040925864,True,2,Neutral_Colors
2227,US-33.jpg,countries,US,US,0.8883537254901961,0.7681239215686274,0.6908023529411764,0.7824266666666667,0.2396392156862745,0.3784607490497286,0.2942989582164114,True,5,Balanced_Natural
2228,US-34.jpg,countries,US,US,0.6169541176470588,0.5691745098039216,0.4862537254901961,0.5574607843137255,0.2520352941176471,0.36890711484423583,0.29075494242096733,True,2,Neutral_Colors
2229,US-35.jpg,countries,US,US,0.4715721568627451,0.531666274509804,0.47232980392156865,0.4918560784313726,0.3061376470588235,0.31958660128119915,0.3201000621481659,True,2,Neutral_Colors
2230,US-36.jpg,countries,US,US,0.16161254901960784,0.2111866666666667,0.1833556862745098,0.18538496732026144,0.43170823529411767,0.2905885713876744,0.32968397103774433,True,4,Dark_Moody
2231,US-37.jpg,countries,US,US,0.2716043137254902,0.24099019607843136,0.21199803921568627,0.2415308496732026,0.2634870588235294,0.37483678138313165,0.2925751126304183,True,4,Dark_Moody
2232,US-38.jpg,countries,US,US,0.7250933333333333,0.723146274509804,0.659123137254902,0.7024542483660131,0.25786941176470585,0.3440760215316318,0.31277141347244636,True,5,Balanced_Natural
2233,US-39.jpg,countries,US,US,0.7519043137254903,0.7412533333333333,0.7504152941176471,0.7478576470588235,0.18037490196078432,0.33513685460761394,0.33447317262213755,True,5,Balanced_Natural
2234,US-4.jpg,countries,US,US,0.522264705882353,0.3695866666666667,0.2619858823529412,0.38461241830065357,0.47299254901960786,0.45263251037445346,0.22705598574143446,True,0,Warm_Tones
2235,US-40.jpg,countries,US,US,0.48853960784313727,0.6688890196078431,0.7201937254901961,0.6258741176470588,0.387058431372549,0.2601904194884833,0.38356666386901234,True,2,Neutral_Colors
2236,US-41.jpg,countries,US,US,0.4587952941176471,0.5648329411764705,0.5093752941176471,0.5110011764705882,0.46712196078431373,0.2992784987358735,0.3322725304100058,True,2,Neutral_Colors
2237,US-42.jpg,countries,US,US,0.3846203921568627,0.30766745098039217,0.23066235294117646,0.3076500653594771,0.5364654901960784,0.4167288517432921,0.2499182556144334,True,4,Dark_Moody
2238,US-43.jpg,countries,US,US,0.7492992156862746,0.7615125490196079,0.5866752941176471,0.6991623529411766,0.32638196078431375,0.3572364631751718,0.2797037588126772,True,2,Neutral_Colors
2239,US-44.jpg,countries,US,US,0.8382058823529412,0.837581568627451,0.64672,0.7741691503267975,0.2715560784313725,0.3609054175880877,0.2784575443533918,True,5,Balanced_Natural
2240,US-45.jpg,countries,US,US,0.6397372549019609,0.5079035294117648,0.3011756862745098,0.4829388235294118,0.5284278431372549,0.4415582141221839,0.20787690125812003,True,0,Warm_Tones
2241,US-46.jpg,countries,US,US,0.6900870588235294,0.8797866666666666,0.6258517647058823,0.7319084967320261,0.3462270588235294,0.3142864386364918,0.2850317503114852,True,5,Balanced_Natural
2242,US-47.jpg,countries,US,US,0.6922443137254902,0.5105643137254903,0.32915490196078434,0.5106545098039216,0.5462094117647058,0.4518670637833203,0.2148580438002513,True,0,Warm_Tones
2243,US-48.jpg,countries,US,US,0.2463721568627451,0.3032772549019608,0.297364705882353,0.2823380392156863,0.31799803921568626,0.29087102665551884,0.35107366998172196,True,4,Dark_Moody
2244,US-49.jpg,countries,US,US,0.5796470588235294,0.5771356862745098,0.48164745098039213,0.5461433986928105,0.2640282352941177,0.35378175184341515,0.29396867694732043,True,2,Neutral_Colors
2245,US-5.jpg,countries,US,US,0.33741372549019605,0.40238666666666667,0.2965552941176471,0.3454518954248366,0.4228133333333334,0.3255768307947425,0.28615176419973964,True,4,Dark_Moody
2246,US-50.jpg,countries,US,US,0.4567607843137255,0.5478905882352941,0.4917286274509804,0.49879333333333337,0.4503654901960784,0.30524364069961163,0.3286119159832826,True,2,Neutral_Colors
2247,US-51.jpg,countries,US,US,0.6498188235294118,0.6317325490196078,0.6097901960784313,0.6304471895424836,0.16194745098039215,0.34357542325131823,0.32241128931019447,True,2,Neutral_Colors
2248,US-52.jpg,countries,US,US,0.50304,0.5849035294117647,0.40977176470588234,0.49923843137254903,0.32993999999999996,0.33587135425828907,0.2735977209537485,True,2,Neutral_Colors
2249,US-53.jpg,countries,US,US,0.9648082352941177,0.9646960784313725,0.1496749019607843,0.6930597385620915,0.8457866666666667,0.464033001091088,0.07198745968799108,True,0,Warm_Tones
2250,US-54.jpg,countries,US,US,0.3410152941176471,0.545198431372549,0.6239650980392156,0.5033929411764705,0.5515874509803921,0.2258110516406364,0.41317271514127313,True,1,Cool_Tones
2251,US-55.jpg,countries,US,US,0.40245450980392156,0.4903486274509804,0.4658290196078431,0.452877385620915,0.36211058823529413,0.2962201443200751,0.3428659290808867,True,1,Cool_Tones
2252,US-56.jpg,countries,US,US,0.6537333333333333,0.46596745098039216,0.28111254901960786,0.46693777777777773,0.5417517647058824,0.4666809282124707,0.20067795019678403,True,0,Warm_Tones
2253,US-57.jpg,countries,US,US,0.8238874509803921,0.7450262745098039,0.6130164705882353,0.7273100653594771,0.3121172549019608,0.37759552292994336,0.28095132957904684,True,5,Balanced_Natural
2254,US-58.jpg,countries,US,US,0.21245686274509804,0.2563913725490196,0.23400156862745097,0.23428326797385624,0.40876431372549016,0.3022787504256823,0.33293206370660033,True,4,Dark_Moody
2255,US-59.jpg,countries,US,US,0.8614945098039215,0.8829619607843138,0.8504925490196078,0.8649830065359477,0.13563176470588237,0.3319888642533906,0.3277491059916972,True,5,Balanced_Natural
2256,US-6.jpg,countries,US,US,0.4929043137254902,0.6458356862745098,0.5762992156862745,0.5716797385620915,0.4801929411764706,0.2874010237294956,0.3360266484804661,True,2,Neutral_Colors
2257,US-60.jpg,countries,US,US,0.7028254901960784,0.6174866666666667,0.4125596078431372,0.5776239215686275,0.4699647058823529,0.40558401315480763,0.23807841882330022,True,0,Warm_Tones
2258,US-61.jpg,countries,US,US,0.23705019607843136,0.4801796078431373,0.4407317647058824,0.38598718954248373,0.6305411764705883,0.20471317683386797,0.3806096817346072,True,1,Cool_Tones
2259,US-62.jpg,countries,US,US,0.6190211764705883,0.6664392156862745,0.6907141176470588,0.6587248366013072,0.1302243137254902,0.31324200375907313,0.34952063428596597,True,5,Balanced_Natural
2260,US-63.jpg,countries,US,US,0.2902678431372549,0.2792627450980392,0.2402478431372549,0.26992614379084967,0.4402501960784314,0.35845297113222624,0.2966830643377084,True,4,Dark_Moody
2261,US-64.jpg,countries,US,US,0.3379607843137255,0.40838901960784313,0.1752792156862745,0.30720967320261433,0.6110090196078432,0.3666989758618421,0.19018392625801886,True,4,Dark_Moody
2262,US-65.jpg,countries,US,US,0.6818674509803923,0.6371658823529412,0.47315450980392154,0.5973959477124183,0.39871411764705883,0.3804662960554829,0.2640092932258506,True,2,Neutral_Colors
2263,US-66.jpg,countries,US,US,0.30291529411764706,0.3599113725490196,0.34875176470588237,0.33719281045751637,0.6116796078431372,0.29944785819403247,0.34475964406737974,True,1,Cool_Tones
2264,US-67.jpg,countries,US,US,0.7545301960784314,0.6607435294117647,0.36841254901960785,0.594562091503268,0.5646764705882353,0.4230170876146396,0.20654548265522363,True,0,Warm_Tones
2265,US-68.jpg,countries,US,US,0.608998431372549,0.7209674509803922,0.5661349019607843,0.6320335947712419,0.3403509803921569,0.32118446193697864,0.29857832878190715,True,2,Neutral_Colors
2266,US-69.jpg,countries,US,US,0.16698549019607842,0.32863843137254906,0.39180745098039216,0.2958104575163399,0.6617772549019607,0.18816700332492609,0.44150682699909016,True,1,Cool_Tones
2267,US-7.jpg,countries,US,US,0.4670149019607843,0.4775364705882353,0.42016666666666663,0.4549060130718954,0.27792627450980395,0.3422058962621209,0.3078777789369301,True,2,Neutral_Colors
2268,US-70.jpg,countries,US,US,0.48155411764705885,0.4872772549019608,0.3782917647058823,0.449041045751634,0.3828462745098039,0.35746825725233033,0.28081433198631955,True,4,Dark_Moody
2269,US-71.jpg,countries,US,US,0.8475411764705882,0.7540501960784314,0.6992113725490197,0.7669342483660131,0.26192313725490196,0.36836743606503203,0.3038987458355452,True,5,Balanced_Natural
2270,US-72.jpg,countries,US,US,0.2642313725490196,0.28040666666666664,0.2646596078431373,0.2697658823529412,0.346436862745098,0.3264942719344668,0.32702341565128135,True,4,Dark_Moody
2271,US-73.jpg,countries,US,US,0.37598745098039216,0.37699019607843137,0.36445529411764704,0.3724776470588235,0.1336192156862745,0.33647398483756497,0.3261537713217631,True,4,Dark_Moody
2272,US-74.jpg,countries,US,US,0.8949282352941177,0.8702596078431373,0.746735294117647,0.8373077124183007,0.20595176470588233,0.35627199962818906,0.2972762127019088,True,5,Balanced_Natural
2273,US-75.jpg,countries,US,US,0.503003137254902,0.5184415686274509,0.44241098039215687,0.4879518954248366,0.31104235294117644,0.34361501502926245,0.3022228777859978,True,2,Neutral_Colors
2274,US-76.jpg,countries,US,US,0.32849960784313725,0.3755407843137255,0.3879572549019608,0.3639992156862745,0.4199298039215686,0.3008241894144414,0.3552726516162638,True,1,Cool_Tones
2275,US-77.jpg,countries,US,US,0.8581207843137254,0.794015294117647,0.5723145098039216,0.7414835294117648,0.3750545098039216,0.3857673454671545,0.2572834189023422,True,5,Balanced_Natural
2276,US-78.jpg,countries,US,US,0.5386541176470588,0.4750917647058823,0.35610274509803924,0.45661620915032675,0.4182537254901961,0.3932213484259494,0.25995754421649636,True,0,Warm_Tones
2277,US-79.jpg,countries,US,US,0.15870862745098038,0.16203607843137255,0.1603027450980392,0.1603491503267974,0.18626039215686274,0.32992233345212346,0.33323617355245005,True,4,Dark_Moody
2278,US-8.jpg,countries,US,US,0.7737490196078431,0.7486035294117647,0.7594545098039216,0.7606023529411764,0.2554807843137255,0.3390947001943617,0.3328301461935788,True,5,Balanced_Natural
2279,US-80.jpg,countries,US,US,0.38728705882352943,0.52802,0.5509301960784314,0.488745751633987,0.527752156862745,0.26413651228150853,0.37574397901333506,True,1,Cool_Tones
2280,US-81.jpg,countries,US,US,0.45296862745098043,0.426658431372549,0.3893635294117647,0.422996862745098,0.5629023529411764,0.3569516391207093,0.30682908619845767,True,4,Dark_Moody
2281,US-82.jpg,countries,US,US,0.2652992156862745,0.26584980392156865,0.25593215686274506,0.26236039215686274,0.07815450980392158,0.3370667302821184,0.32516573810677407,True,4,Dark_Moody
2282,US-83.jpg,countries,US,US,0.18640392156862745,0.19191725490196077,0.06431843137254901,0.14754653594771241,0.6533054901960784,0.42111798661429,0.14530621509389882,True,3,Vibrant_Bright
2283,US-84.jpg,countries,US,US,0.660173725490196,0.5821717647058824,0.5190211764705883,0.5871222222222222,0.37320313725490195,0.3748074510414706,0.2946694130322147,True,2,Neutral_Colors
2284,US-85.jpg,countries,US,US,0.8218929411764705,0.8088007843137255,0.6201243137254902,0.750272679738562,0.2771047058823529,0.3651528296396786,0.27551051547066036,True,5,Balanced_Natural
2285,US-86.jpg,countries,US,US,0.4337501960784314,0.2502486274509804,0.3275705882352941,0.33718980392156866,0.7233721568627451,0.4287889315799036,0.3238238133753243,True,4,Dark_Moody
2286,US-87.jpg,countries,US,US,0.9266945098039215,0.9269776470588236,0.9058121568627451,0.9198281045751634,0.04708274509803922,0.33582150453731596,0.32825402344317534,True,5,Balanced_Natural
2287,US-88.jpg,countries,US,US,0.6171513725490196,0.5844945098039216,0.4788003921568627,0.5601487581699346,0.22541764705882353,0.36725423160274173,0.28492437663450737,True,2,Neutral_Colors
2288,US-89.jpg,countries,US,US,0.35515176470588233,0.5306674509803921,0.5370764705882353,0.47429856209150323,0.5716713725490196,0.249597717200225,0.37745289293942513,True,1,Cool_Tones
2289,US-9.jpg,countries,US,US,0.5395262745098038,0.44085725490196076,0.2979498039215686,0.4261111111111111,0.452443137254902,0.42205412186885166,0.23307658736243647,True,0,Warm_Tones
2290,US-90.jpg,countries,US,US,0.8912349019607844,0.8855670588235295,0.7307780392156863,0.8358599999999999,0.22162392156862745,0.3554161967094121,0.2914274909626793,True,5,Balanced_Natural
2291,US-91.jpg,countries,US,US,0.36990117647058823,0.4135133333333333,0.18892901960784314,0.3241145098039216,0.6520290196078432,0.380421923795227,0.19430254800954014,True,3,Vibrant_Bright
2292,US-92.jpg,countries,US,US,0.6572611764705882,0.41819529411764705,0.2682686274509804,0.4479083660130719,0.6223466666666666,0.4891332969045352,0.1996453204581215,True,0,Warm_Tones
2293,US-93.jpg,countries,US,US,0.8847223529411764,0.81252,0.5956976470588234,0.7643133333333333,0.35464980392156864,0.3858461046059085,0.2597963257924314,True,5,Balanced_Natural
2294,US-94.jpg,countries,US,US,0.40830588235294113,0.36663098039215686,0.281638431372549,0.3521917647058823,0.41659333333333337,0.38644240328515017,0.2665575907206464,True,4,Dark_Moody
2295,US-95.jpg,countries,US,US,0.5550529411764706,0.5605807843137255,0.3752788235294118,0.49697084967320265,0.4883058823529412,0.37229049366508293,0.25171065336161635,True,0,Warm_Tones
2296,US-96.jpg,countries,US,US,0.531541568627451,0.5663999999999999,0.5368094117647059,0.5449169934640522,0.4003070588235294,0.3251512003062023,0.3283736115345962,True,2,Neutral_Colors
2297,US-97.jpg,countries,US,US,0.18482313725490196,0.39452196078431373,0.5218019607843137,0.3670490196078431,0.719583137254902,0.1678458548547665,0.47387084470893853,True,1,Cool_Tones
2298,US-98.jpg,countries,US,US,0.4484592156862745,0.36776862745098043,0.2691925490196078,0.36180679738562094,0.47092156862745094,0.4131660007134484,0.24800741072984556,True,4,Dark_Moody
2299,US-99.jpg,countries,US,US,0.9255458823529411,0.8885486274509804,0.8615564705882353,0.891883660130719,0.08241254901960784,0.34591415069507225,0.32199870420440896,True,5,Balanced_Natural
2300,UY-0.jpg,countries,UY,UY,0.6722898039215686,0.7314258823529411,0.6977654901960785,0.7004937254901961,0.3670054901960784,0.3199122083684148,0.3320349313492473,True,2,Neutral_Colors
2301,UZ-0.jpg,countries,UZ,UZ,0.2575545098039216,0.3231733333333333,0.1719694117647059,0.2508990849673203,0.5813701960784314,0.3421749793181972,0.2284705865129247,True,4,Dark_Moody
2302,VA-0.jpg,countries,VA,VA,0.7072568627450981,0.7428109803921569,0.4123101960784314,0.6207926797385621,0.47576235294117647,0.3797598919728763,0.2213889801144185,True,0,Warm_Tones
2303,VN-0.jpg,countries,VN,VN,0.4062450980392157,0.5302756862745098,0.7145011764705882,0.5503406535947712,0.4640427450980392,0.24605660108217403,0.4327627134459514,True,1,Cool_Tones
2304,ZA-0.jpg,countries,ZA,ZA,0.38406549019607844,0.56582,0.6723329411764706,0.540739477124183,0.5138572549019608,0.2367531067428549,0.41445252607263755,True,1,Cool_Tones
