filename,caption,tags
merged_0000.jpg,two tigers walking on rocks in a zoo,two;tigers;rocks;walking;zoo
merged_0001.jpg,a watercolor painting of a witch holding a magic wand,witch;watercolor;painting;holding;magic;wand
merged_0002.jpg,a poster with the earth and postcards on it,poster;postcards;earth
merged_0003.jpg,red fox pup by red fox,fox;pup;red
merged_0004.jpg,"greetings from kentucky, postcard",greetings;kentucky;postcard
merged_0005.jpg,a card with orange and yellow roses,orange;yellow;roses;card
merged_0006.jpg,a christmas card with a clock and a christmas tree,card;tree;christmas;clock
merged_0007.jpg,a skeleton is in the middle of a large group of fish,fish;skeleton;large;group;middle
merged_0008.jpg,a red door with a sign that says wheat,sign;says;wheat;red;door
merged_0009.jpg,a dinosaur with its mouth open and its mouth open,dinosaur;open;mouth
merged_0010.jpg,the lifehouse maine sign,sign;maine;lifehouse
merged_0011.jpg,a painting of boats in the water at sunset,sunset;boats;painting;water
merged_0012.jpg,a poster for the japanese art exhibition,exhibition;poster;art;japanese
merged_0013.jpg,a green christmas card with gingers and gingers,gingers;green;christmas;card
merged_0014.jpg,a poster with a rainbow colored rainbow,poster;colored;rainbow
merged_0015.jpg,bless your heart,bless;heart
merged_0016.jpg,an aerial view of the parking lot at the beach,beach;lot;aerial;view;parking
merged_0017.jpg,"munich, germany - munich, germany",germany;munich
merged_0018.jpg,wildlife map of the world,wildlife;map;world
merged_0019.jpg,a group of people in a christmas card,group;people;christmas;card
merged_0020.jpg,a rocky beach with a large rock in the middle,rocky;beach;rock;large;middle
merged_0021.jpg,strawberry fairy watercolor painting,fairy;watercolor;painting;strawberry
merged_0022.jpg,a postcard with a picture of a brick building,brick;building;picture;postcard
merged_0023.jpg,a col col with a col col of the state of wisconsin,state;col;wisconsin
merged_0024.jpg,a cat and a cat in a pumpkin costume,cat;costume;pumpkin
merged_0025.jpg,"a girl in a hat and a red bag stands on the shore of a canal in amsterdam, the",stands;bag;girl;amsterdam;canal;shore;red;hat
merged_0026.jpg,"a heart with the words just remember, we are all family love and other",love;family;remember;heart;words
merged_0027.jpg,"the cover art for the album, ` ' s",album;art;cover
merged_0028.jpg,a postcard with a fence and a picture of a dog,dog;fence;picture;postcard
merged_0029.jpg,arizona and the state of arizona,state;arizona
merged_0030.jpg,a painting of a woman in a forest with crows flying around her,flying;around;forest;painting;crows;woman
merged_0031.jpg,"greetings from new york, new york, new york, new york, new york, new york",greetings;york;new
merged_0032.jpg,a woman walking down a long hallway in a museum,hallway;woman;museum;walking;long
merged_0033.jpg,a little fox with a quote that says it ' s not wonderful,quote;fox;says;wonderful;little
merged_0034.jpg,museum of the natural history of the united states,museum;states;history;united;natural
merged_0035.jpg,a painting of a woman and a man in a park,woman;park;painting;man
merged_0036.jpg,happy birthday from indonesia,indonesia;happy;birthday
merged_0037.jpg,a map of the state of michigan,map;state;michigan
merged_0038.jpg,a dany dany dany dany dany dany dany dany dany dan,dan;dany
merged_0039.jpg,a poster with the words word postcard,poster;word;postcard;words
merged_0040.jpg,a stamp with a painting of a man and woman,man;woman;painting;stamp
merged_0041.jpg,a painting of a bird and flowers,flowers;painting;bird
merged_0042.jpg,a poster advertising a mexican restaurant,advertising;poster;mexican;restaurant
merged_0043.jpg,a cartoon character with a pumpkin and a cat,cat;cartoon;pumpkin;character
merged_0044.jpg,a golden buddha statue in a temple,temple;buddha;golden;statue
merged_0045.jpg,a chair on a dock in front of a lake,chair;dock;front;lake
merged_0046.jpg,pantonee sae sae sae sae sae sae sae sae sa,pantonee;sa;sae
merged_0047.jpg,a postcard of a flower garden in front of a building,flower;front;postcard;garden;building
merged_0048.jpg,the world ' s most magical celebration walt mickey mouse,walt;magical;celebration;world;mouse;mickey
merged_0049.jpg,a poster with the words girls just wannat human rights,poster;girls;rights;wannat;human;words
merged_0050.jpg,a drawing of a skeleton holding a gun,drawing;skeleton;holding;gun
merged_0051.jpg,a drawing of a man with a heart in his hands,drawing;hands;heart;man
merged_0052.jpg,coyote coyote coyote coyote coyote coyote coyote coyote coyote coyote coyote coyote coyote coyote coyote coyote coyote coyote coyote coyote,coyote
merged_0053.jpg,"a postcard with a beach scene in varkala, india",beach;postcard;india;varkala;scene
merged_0054.jpg,a statue of person in the forbidden,forbidden;person;statue
merged_0055.jpg,a birthday card with balloons and cons,balloons;birthday;card;cons
merged_0056.jpg,a green book with a bird on it,book;green;bird
merged_0057.jpg,a group of children playing in the grass,group;grass;children;playing
merged_0058.jpg,a white house with red roof,white;roof;house;red
merged_0059.jpg,a man with tattoos on his chest and chest,man;chest;tattoos
merged_0060.jpg,a painting of a tori tori tori tori tori tori tori tori tori tori tori tori tori tori tori tori,painting;tori
merged_0061.jpg,a painting of a horse with colorful circles around it,around;horse;circles;painting;colorful
merged_0062.jpg,a painting of two women in the snow,snow;painting;women;two
merged_0063.jpg,a painting of two witches flying through a forest,witches;flying;two;forest;painting
merged_0064.jpg,a painting of a storefront with a dog in the window,dog;window;storefront;painting
merged_0065.jpg,a fairy fairy with a flower and a butterfly,flower;fairy;butterfly
merged_0066.jpg,a bridge over a river with the word albia,river;bridge;word;albia
merged_0067.jpg,a girl with a pink background and a pink background with a pink background and a pink background with a,girl;background;pink
merged_0068.jpg,a book with a drawing of a woman in the middle,book;drawing;woman;middle
merged_0069.jpg,a christmas poins with holly and berries,berries;holly;poins;christmas
merged_0070.jpg,a poster for the exhibition of the art of the african people,art;poster;african;exhibition;people
merged_0071.jpg,a drawing of a boat with a flower in it,drawing;flower;boat
merged_0072.jpg,san skyline watercolor print,san;watercolor;print;skyline
merged_0073.jpg,a postage stamp with a baby doll on it,postage;doll;baby;stamp
merged_0074.jpg,hare hare hare hare hare hare hare hare hare hare hare hare hare hare hare hare hare hare hare hare,hare
merged_0075.jpg,a girl in a pink dress is walking through the woods,girl;dress;woods;pink;walking
merged_0076.jpg,a map of the country of nicaragua,map;country;nicaragua
merged_0077.jpg,michigan michigan michigan michigan michigan michigan michigan michigan michigan michigan michigan michigan michigan michigan michigan michigan michigan michigan michigan michigan,michigan
merged_0078.jpg,a painting of a woman in a pink dress,woman;dress;pink;painting
merged_0079.jpg,a light bulb with the words genius is one person and one person is a person,genius;light;one;person;bulb;words
merged_0080.jpg,a poster for the nevada nevada nevada nevada nevada nevada nevada nevada nevada nevada nevada nevada nevada nevada nevada nevada,poster;nevada
merged_0081.jpg,a postcard with pictures of the city of durban,pictures;durban;city;postcard
merged_0082.jpg,a colorful turtle with the words be yourself on it,words;turtle;colorful
merged_0083.jpg,a lighthouse with flowers in front of it,lighthouse;flowers;front
merged_0084.jpg,a poster for the fall festival,poster;festival;fall
merged_0085.jpg,a painting of a group of people holding flags,painting;group;holding;flags;people
merged_0086.jpg,"a flag with the words, this is not a drill",flag;drill;words
merged_0087.jpg,an old photo of a native man with feathers,man;photo;old;feathers;native
merged_0088.jpg,a birthday party with balloons and cons,balloons;birthday;cons;party
merged_0089.jpg,a col of photos of a church and a church,church;photos;col
merged_0090.jpg,a book with a bunch of different colored paper flowers,colored;book;flowers;different;bunch;paper
merged_0091.jpg,a drawing of different donuts,drawing;donuts;different
merged_0092.jpg,a painting of a sunset with the words happy,sunset;happy;painting;words
merged_0093.jpg,two children in a carton carton christmas card,christmas;two;carton;card;children
merged_0094.jpg,a book cover with a picture of a building and a city,picture;cover;book;city;building
merged_0095.jpg,a col with a col of the state of south dakota,south;state;dakota;col
merged_0096.jpg,a picture of a flower and a picture of a lighthouse,flower;lighthouse;picture
merged_0097.jpg,a drawing of a bird on a green field,drawing;field;green;bird
merged_0098.jpg,"bryce canyon national park, utah",park;bryce;canyon;utah;national
merged_0099.jpg,a heart shaped photo with a cityscar in the background,photo;cityscar;background;shaped;heart
merged_0100.jpg,a brown and black bird on a brown background,background;bird;brown;black
merged_0101.jpg,a col of four pictures of a tree and a field,four;field;col;pictures;tree
merged_0102.jpg,"animation animation animation animation, animation animation, animation animation, animation animation, animation animation, animation animation,",animation
merged_0103.jpg,a painting of a raven on top of a skull,raven;top;painting;skull
merged_0104.jpg,a map of the state of west county,west;map;state;county
merged_0105.jpg,"the cover of the first issue of the comic book, tama",issue;cover;comic;book;first;tama
merged_0106.jpg,a map with a pen and a map of the world,world;map;pen
merged_0107.jpg,a botanical illustration of a plant with leaves and flowers,plant;flowers;botanical;leaves;illustration
merged_0108.jpg,sri lanka - a guide to the best places in sri,guide;places;sri;best;lanka
merged_0109.jpg,"greetings from madison, wisconsin",greetings;madison;wisconsin
merged_0110.jpg,a postage with a picture of a man and woman,man;postage;woman;picture
merged_0111.jpg,season greetings from mississippi,season;greetings;mississippi
merged_0112.jpg,a man in a hat and glasses stands next to a sign,man;stands;sign;glasses;next;hat
merged_0113.jpg,a painting of two cats playing the banjo,cats;two;banjo;painting;playing
merged_0114.jpg,greetings from the past greetings from the past greetings from the past greetings from the past,past;greetings
merged_0115.jpg,a cat sitting on top of a tree branch,branch;sitting;top;cat;tree
merged_0116.jpg,two dogs in the grass with a quote,dogs;grass;quote;two
merged_0117.jpg,world postcard - world postcard - world postcard - world postcard - world postcard -,world;postcard
merged_0118.jpg,a christmas card with a drawing of santa and his reindeers,santa;christmas;drawing;card;reindeers
merged_0119.jpg,a poster with a hand holding a flag and the words va oma chile,poster;va;holding;chile;oma;flag;hand;words
merged_0120.jpg,a book with a picture of a man in a sl sler,man;sl;picture;book;sler
merged_0121.jpg,a black and white photo of a store,white;photo;store;black
merged_0122.jpg,a little girl in a red dress holding a christmas present,christmas;girl;dress;present;holding;red;little
merged_0123.jpg,the little red riding on the mushroom,riding;mushroom;red;little
merged_0124.jpg,a yellow sign with a bee on it,yellow;bee;sign
merged_0125.jpg,a statue of lord krishna in front of a building,front;lord;building;krishna;statue
merged_0126.jpg,a drawing of a tiger with the words did you know??,drawing;know;tiger;words
merged_0127.jpg,a cartoon drawing of a snake and a rat,drawing;cartoon;snake;rat
merged_0128.jpg,a painting of a woman giving a man a flower,man;flower;painting;woman;giving
merged_0129.jpg,a postcard with the washington washington washington washington washington washington washington washington washington washington washington washington washington washington washington,washington;postcard
merged_0130.jpg,a picture of a mountain with a road going through it,going;road;picture;mountain
merged_0131.jpg,a pink and white poster with the words do you read me?,poster;read;white;pink;words
merged_0132.jpg,a portrait of a man in uniform,portrait;uniform;man
merged_0133.jpg,a cartoon character with a big nose and big eyes,nose;eyes;cartoon;big;character
merged_0134.jpg,a col of pictures of the different countries,pictures;countries;different;col
merged_0135.jpg,a cartoon drawing of pokemons and their friends,drawing;cartoon;pokemons;friends
merged_0136.jpg,a drawing of a cat with a hat and a book,drawing;cat;book;hat
merged_0137.jpg,"the cover art for the album, ' great night '",art;cover;album;great;night
merged_0138.jpg,texas bird map texas bird map texas bird map texas texas bird map texas bird map texas bird map texas,map;texas;bird
merged_0139.jpg,a yellow flower with white flowers in the background,flower;background;white;flowers;yellow
merged_0140.jpg,the legend of zealod manga manga manga manga manga manga manga manga manga manga manga manga manga manga,manga;legend;zealod
merged_0141.jpg,a vintage valentine card with a little girl in a field of flowers,field;girl;vintage;card;flowers;valentine;little
merged_0142.jpg,postcard - postcard - postcard - postcard - postcard - postcard - postcard,postcard
merged_0143.jpg,a bird sitting on a tree branch with a blue sky in the background,branch;sky;background;sitting;bird;blue;tree
merged_0144.jpg,a bird with a christmas ball on its head,christmas;ball;bird;head
merged_0145.jpg,hello world map - screenshoto,world;map;screenshoto;hello
merged_0146.jpg,a cartoon picture of a woman and a child on a street,street;picture;child;woman;cartoon
merged_0147.jpg,a painting of people on a snowy day,snowy;people;painting;day
merged_0148.jpg,a col of four images of a dog and a man,four;dog;man;col;images
merged_0149.jpg,a painting of a woman holding a cross,woman;cross;holding;painting
merged_0150.jpg,a cartoon character with a dog,dog;cartoon;character
merged_0151.jpg,a poster with a man in a suit and a gun,man;poster;suit;gun
merged_0152.jpg,a blackboard with a message that says happy world post day october 1st,day;happy;message;says;blackboard;world;october;post
merged_0153.jpg,a postcard with a red building and a tree,building;tree;red;postcard
merged_0154.jpg,a drawing of two rabbits and a rabbit,drawing;rabbit;rabbits;two
merged_0155.jpg,a painting of a cat sleeping on top of a white sheet,sheet;painting;white;top;sleeping;cat
merged_0156.jpg,the united states of america,states;united;america
merged_0157.jpg,a drawing of a mail box and a tree,drawing;box;mail;tree
merged_0158.jpg,a bird sitting on top of a field of sunflowers,field;sitting;top;bird;sunflowers
merged_0159.jpg,a book cover with the words ' ' ' ' and ' ' ' ',book;words;cover
merged_0160.jpg,"niagara falls, niagara, niagara falls, niagara falls, niagara falls, niagara falls, niagara falls,",niagara;falls
merged_0161.jpg,a group of wooden sculptures made from different materials,materials;sculptures;wooden;group;made;different
merged_0162.jpg,a poster for the oklahoma state,poster;state;oklahoma
merged_0163.jpg,a painting of santa claus holding a christmas stocking,santa;christmas;painting;holding;claus;stocking
merged_0164.jpg,a bird sitting on top of a white flower,flower;sitting;white;top;bird
merged_0165.jpg,a cat on a pole with a bow around its neck,neck;around;bow;cat;pole
merged_0166.jpg,a horse pulling a carriage down a country road,pulling;horse;country;carriage;road
merged_0167.jpg,a man riding a horse over a jump,man;riding;horse;jump
merged_0168.jpg,a desert scene with cactus trees and mountains,cactus;mountains;trees;desert;scene
merged_0169.jpg,nashville skyline silhouette in black and white with the word nashville in white,silhouette;black;skyline;nashville;word;white
merged_0170.jpg,"a cartoon drawing of a frog with a sign that says, ' here in the field is cowhan",field;sign;drawing;says;frog;cartoon;cowhan
merged_0171.jpg,"a christmas card with the words, wish you merry christmas and happy new year",happy;christmas;merry;card;year;wish;new;words
merged_0172.jpg,a man standing in front of a store,man;front;store;standing
merged_0173.jpg,new york state map,map;state;york;new
merged_0174.jpg,a postcard with a picture of the city of budapest,city;budapest;picture;postcard
merged_0175.jpg,a painting of a woman in a red dress,woman;dress;painting;red
merged_0176.jpg,a drawing of a girl and her friends,drawing;friends;girl
merged_0177.jpg,a postcard of a motel with a large sign,motel;sign;large;postcard
merged_0178.jpg,a painting of a woman in a white dress,woman;white;dress;painting
merged_0179.jpg,a drawing of a woman with flowers in her hand,drawing;flowers;hand;woman
merged_0180.jpg,"greetings from columbus, ohio",ohio;greetings;columbus
merged_0181.jpg,"greetings from fort carolina, postcard",fort;carolina;greetings;postcard
merged_0182.jpg,a dinosaur fossil fossil in the cretaceous period,dinosaur;fossil;cretaceous;period
merged_0183.jpg,a poster with the words god vibes only,poster;vibes;god;words
merged_0184.jpg,a church lit up at night,lit;church;night
merged_0185.jpg,a street with a tree and a car parked on the side,car;street;side;parked;tree
merged_0186.jpg,a bridge over a river with a red roof,river;roof;bridge;red
merged_0187.jpg,a painting of a little girl with a red mushroom,girl;painting;mushroom;red;little
merged_0188.jpg,a poster advertising a circus show,advertising;poster;show;circus
merged_0189.jpg,a cartoon of a woman eating food with a dog,dog;food;woman;cartoon;eating
merged_0190.jpg,welcome sign with gold glitter dots,sign;gold;welcome;dots;glitter
merged_0191.jpg,a woman in a colorful dress dances with feathers,dress;dances;woman;feathers;colorful
merged_0192.jpg,the art of disney ' s the little mermaid,disney;mermaid;art;little
merged_0193.jpg,a poster with pictures of people in the background,pictures;poster;people;background
merged_0194.jpg,a col col col col col col col col col col col col col col col col col col col,col
merged_0195.jpg,nashville music festival poster,poster;festival;music;nashville
merged_0196.jpg,a vintage christmas card with a group of cats,cats;christmas;vintage;card;group
merged_0197.jpg,a postcard of a lake and a boat,boat;lake;postcard
merged_0198.jpg,a little girl with a flower in her hand,flower;hand;girl;little
merged_0199.jpg,a postcard with a col of old buildings,old;buildings;col;postcard
merged_0200.jpg,vermont barn collage,vermont;barn;collage
merged_0201.jpg,a postcard of the disneyland world,world;disneyland;postcard
merged_0202.jpg,a postage stamp with a picture of a planet,postage;planet;stamp;picture
merged_0203.jpg,a whale is in a box with people around it,people;box;around;whale
merged_0204.jpg,a black and white image of a cowboy riding a horse,riding;horse;black;image;white;cowboy
merged_0205.jpg,you got this - watercolor print,watercolor;print;got
merged_0206.jpg,hawaii map with flowers and birds,map;birds;flowers;hawaii
merged_0207.jpg,a map of florida with pictures of the island,pictures;map;island;florida
merged_0208.jpg,greetings from oregon greetings from oregon greetings from oregon greetings from oregon greetings from oregon,greetings;oregon
merged_0209.jpg,a painting of a tree in a cage,cage;painting;tree
merged_0210.jpg,a red book with a black and white letter s,letter;black;book;white;red
merged_0211.jpg,a woman sitting on top of a paper with the words world day written in it,day;sitting;woman;world;top;written;paper;words
merged_0212.jpg,a squirrel looking up at the camera,looking;camera;squirrel
merged_0213.jpg,a poster with the names of the cities of portugal,names;poster;portugal;cities
merged_0214.jpg,a postcard with a picture of a house and trees,trees;house;picture;postcard
merged_0215.jpg,a col of images of the famous places in australia,australia;col;places;famous;images
merged_0216.jpg,a black and white photo of a town,white;photo;town;black
merged_0217.jpg,a painting of a woman and two cats in the woods,cats;two;painting;woman;woods
merged_0218.jpg,a poster advertising a woman in a pilot ' s uniform,pilot;poster;woman;advertising;uniform
merged_0219.jpg,now shine your dreams,dreams;shine
merged_0220.jpg,a wolf and her cub are laying down in the grass,cub;grass;wolf;laying
merged_0221.jpg,a black and white drawing of a pig,drawing;white;pig;black
merged_0222.jpg,a cartoon rabbit with a christmas tree in the background,christmas;rabbit;background;cartoon;tree
merged_0223.jpg,a map with the words hello written on it,map;hello;written;words
merged_0224.jpg,a col with photos of the city and buildings,photos;buildings;city;col
merged_0225.jpg,a painting of a city with people and animals,people;city;painting;animals
merged_0226.jpg,a tree in the middle of a garden,garden;middle;tree
merged_0227.jpg,a small mouse sitting on top of a pile of leaves,small;pile;sitting;top;leaves;mouse
merged_0228.jpg,a rug with blue and green flowers on it,flowers;green;blue;rug
merged_0229.jpg,a group of people sitting around a table,around;sitting;group;table;people
merged_0230.jpg,vintage christmas card with children sled in sles,sles;christmas;vintage;card;sled;children
merged_0231.jpg,kentucky state map with a red bird and a map of kentucky,map;state;kentucky;bird;red
merged_0232.jpg,a christmas card with holly leaves and berries,christmas;card;berries;holly;leaves
merged_0233.jpg,a city skyline with the word seattle in white,seattle;skyline;word;white;city
merged_0234.jpg,a col of a church and a bridge,church;bridge;col
merged_0235.jpg,a poster for the band ' s tour,band;poster;tour
merged_0236.jpg,"vancouver, canada at night",vancouver;canada;night
merged_0237.jpg,a christmas wreath with a deer and berries,berries;deer;christmas;wreath
merged_0238.jpg,a woman and child in a colorful outfit,woman;outfit;child;colorful
merged_0239.jpg,a map of turkey with the names of all the countries,names;map;turkey;countries
merged_0240.jpg,a blue and orange floral print fabric,orange;fabric;print;floral;blue
merged_0241.jpg,a piece of paper with a pattern on it,pattern;piece;paper
merged_0242.jpg,"a map of minneapolis, minnesota, and the surrounding area",map;minneapolis;surrounding;minnesota;area
merged_0243.jpg,a drawing of a woman with a flower in her hand,drawing;hand;flower;woman
merged_0244.jpg,the famous hindu temple in india,temple;hindu;india;famous
merged_0245.jpg,a painting of a woman in a dress and hat,woman;dress;painting;hat
merged_0246.jpg,a view of the mountains from the top of a hill,hill;view;top;mountains
merged_0247.jpg,a drawing of two girls with their faces painted in paste paste paste paste paste paste paste paste paste paste,two;drawing;girls;faces;painted;paste
merged_0248.jpg,a col with pictures of the city and buildings,pictures;buildings;city;col
merged_0249.jpg,world postcard day,world;day;postcard
merged_0250.jpg,a set of irish symbols and symbols,set;symbols;irish
merged_0251.jpg,a small patch with a mushroom on it,small;mushroom;patch
merged_0252.jpg,a drawing of a christmas tree with the words ' every christmas ',christmas;drawing;every;tree;words
merged_0253.jpg,lake clean lake clean lake clean lake clean lake clean lake clean lake clean lake clean lake clean lake clean,lake;clean
merged_0254.jpg,a col with a boat and a house,boat;col;house
merged_0255.jpg,a black and white photo of a group of people,photo;black;white;group;people
merged_0256.jpg,a map of michigan with the cities and towns,map;towns;cities;michigan
merged_0257.jpg,a hippoy in the grass with a yellow background,background;yellow;hippoy;grass
merged_0258.jpg,a painting of a man on horseback with a dog and other animals,man;dog;painting;horseback;animals
merged_0259.jpg,a poster with a bird on it ' s back,poster;back;bird
merged_0260.jpg,a post box with a dog on it,box;post;dog
merged_0261.jpg,a painting of a green house with a sign that says food books,sign;food;says;painting;house;books;green
merged_0262.jpg,a group of dolls wearing traditional costumes,costumes;group;wearing;traditional;dolls
merged_0263.jpg,a little girl in an orange coat holding a baby,orange;girl;baby;coat;holding;little
merged_0264.jpg,a christmas card with a santa carrying a bag,bag;santa;christmas;card;carrying
merged_0265.jpg,a card with a bird and a letter,card;letter;bird
merged_0266.jpg,a vintage botanical print of a flower,flower;vintage;botanical;print
merged_0267.jpg,a propaganda poster with a man holding a gun,man;poster;propaganda;holding;gun
merged_0268.jpg,cows in a field,field;cows
merged_0269.jpg,a painting of a girl and a cat in a window,cat;girl;window;painting
merged_0270.jpg,a painting of a tree with lights hanging from it,hanging;lights;painting;tree
merged_0271.jpg,a col of pictures of the city of antwerp,pictures;city;col;antwerp
merged_0272.jpg,a postcard with a red mail box and envelopes,envelopes;box;postcard;mail;red
merged_0273.jpg,a magazine cover with a bunch of oranges,bunch;oranges;magazine;cover
merged_0274.jpg,flowers are the focus of the earth,focus;flowers;earth
merged_0275.jpg,a postcard showing the old buildings and streets,buildings;showing;postcard;old;streets
merged_0276.jpg,condul country state map,country;state;condul;map
merged_0277.jpg,a map with pictures of the town and the town,pictures;map;town
merged_0278.jpg,a cup of hot chocolate with a spoon,hot;chocolate;spoon;cup
merged_0279.jpg,a poster showing the different pitchers of pitchers,poster;pitchers;different;showing
merged_0280.jpg,a waterfall in the middle of a forest,waterfall;forest;middle
merged_0281.jpg,a poster of a lighthouse and a lighthouse tower,lighthouse;poster;tower
merged_0282.jpg,a christmas card with a dog and cat sitting in front of a christmas tree,dog;christmas;card;front;sitting;cat;tree
merged_0283.jpg,two birds sitting on top of a book,two;birds;sitting;book;top
merged_0284.jpg,a poster for the person show,poster;person;show
merged_0285.jpg,a postcard of a building in the old town,old;town;building;postcard
merged_0286.jpg,a drawing of a bird with its wings spread,drawing;spread;wings;bird
merged_0287.jpg,a poster for the movie,poster;movie
merged_0288.jpg,the smokes - i have never been,smokes;never
merged_0289.jpg,a cat in a kimono kimono,cat;kimono
merged_0290.jpg,a poster advertising a colorado scenic,advertising;poster;scenic;colorado
merged_0291.jpg,a drawing of a group of animals,drawing;group;animals
merged_0292.jpg,a painting of a woman and a cat,woman;cat;painting
merged_0293.jpg,a poster advertising a dish of pasta,advertising;poster;dish;pasta
merged_0294.jpg,the forbidden city of huezhou,forbidden;city;huezhou
merged_0295.jpg,"cape, cape, and the cape coast",coast;cape
merged_0296.jpg,"two butterflies, one with red eyes and one with blue wings",butterflies;one;two;eyes;red;blue;wings
merged_0297.jpg,a painting of people dancing in the street,street;people;dancing;painting
merged_0298.jpg,a painting of a man in a boat with a moon behind him,man;boat;painting;behind;moon
merged_0299.jpg,a waterfall in the middle of a canyon,waterfall;canyon;middle
merged_0300.jpg,a book with pictures of people and animals,book;pictures;people;animals
merged_0301.jpg,a bridge over a river with a boat in the water,river;bridge;boat;water
merged_0302.jpg,a postcard with pictures of the town of badingen,pictures;town;badingen;postcard
merged_0303.jpg,a map of ireland with animals and other animals,ireland;map;animals
merged_0304.jpg,a painting of a bull and a cow,bull;painting;cow
merged_0305.jpg,we ' ll survive the darkness by happylits,survive;darkness;happylits
merged_0306.jpg,a drawing of a cartoon character with the words happy world,happy;drawing;world;cartoon;character;words
merged_0307.jpg,a col col col col col col col col col col col col col col col col col col col,col
merged_0308.jpg,a vintage california state map with the names of the cities,map;state;cities;vintage;names;california
merged_0309.jpg,a dinosaur skeleton in a museum,dinosaur;skeleton;museum
merged_0310.jpg,a white and blue sign with the words coming new york,sign;coming;york;white;new;blue;words
merged_0311.jpg,a black book with different types of su and su,types;black;book;su;different
merged_0312.jpg,a variety of lizards and lizards,lizards;variety
merged_0313.jpg,the forbidden city of the forbidden,forbidden;city
merged_0314.jpg,a drawing of a man with a knife and a handwritten message,man;knife;drawing;message;handwritten
merged_0315.jpg,a cartoon drawing of two people sitting in a car,car;two;drawing;sitting;cartoon;people
merged_0316.jpg,a painting of a man with a beard and a hat,man;beard;painting;hat
merged_0317.jpg,a stamp with a painting of three birds and a cat,three;birds;painting;stamp;cat
merged_0318.jpg,a painting of two children holding hands,two;painting;hands;holding;children
merged_0319.jpg,a lighthouse with a red and white top,lighthouse;white;top;red
merged_0320.jpg,a white house with a thatched roof,roof;white;thatched;house
merged_0321.jpg,a col col col col col col col col col col col col col col col col col col col,col
merged_0322.jpg,a painting of a river and houses in the woods,river;houses;woods;painting
merged_0323.jpg,the red building in the center of the city,building;center;city;red
merged_0324.jpg,a painting of a bunch of fruit on a pink background,background;painting;pink;bunch;fruit
merged_0325.jpg,a watercolor sketch of the city of ottawa,sketch;watercolor;city;ottawa
merged_0326.jpg,a poster with a picture of a person flying over the earth,flying;picture;poster;earth;person
merged_0327.jpg,little twin star sticker,twin;star;sticker;little
merged_0328.jpg,a girl holding a globe in her hands,globe;girl;hands;holding
merged_0329.jpg,a drawing of a crocodile with green and yellow paint,crocodile;drawing;green;yellow;paint
merged_0330.jpg,a stamp with a flower and leaves,flower;leaves;stamp
merged_0331.jpg,a drawing of two people sitting on the ground,ground;drawing;two;sitting;people
merged_0332.jpg,a stone house with a chimney,chimney;stone;house
merged_0333.jpg,the gate to the forbidden garden,forbidden;garden;gate
merged_0334.jpg,a purple and white box with a purple and white logo,white;box;logo;purple
merged_0335.jpg,a red and white sticker with three stars,three;white;stars;red;sticker
merged_0336.jpg,a poster with a picture of a building and a map,poster;building;map;picture
merged_0337.jpg,the tale of peter rabbit,rabbit;peter;tale
merged_0338.jpg,"berlin, germany, berlin, germany, berlin, berlin, berlin, berlin, berlin, berlin,",berlin;germany
merged_0339.jpg,a train traveling through a lush green valley,train;lush;traveling;green;valley
merged_0340.jpg,a map of vermont with the towns and towns,map;vermont;towns
merged_0341.jpg,a christmas tree with a snowman and a house,snowman;house;christmas;tree
merged_0342.jpg,"boston, massachusetts, usa",usa;massachusetts;boston
merged_0343.jpg,mississippi map art print,map;art;mississippi;print
merged_0344.jpg,a birthday card with colorful stripes and the words happy birthday,happy;colorful;card;stripes;birthday;words
merged_0345.jpg,a photo of two women in front of a wall,wall;photo;women;two;front
merged_0346.jpg,a postcard with a picture of a church,church;picture;postcard
merged_0347.jpg,a poster of a fox standing on a hill,hill;poster;standing;fox
merged_0348.jpg,a man sitting on a chair with a cigarette in his mouth,man;sitting;cigarette;chair;mouth
merged_0349.jpg,a postage stamp with a dinosaur and a small dinosaur,dinosaur;postage;small;stamp
merged_0350.jpg,a piece of chocolate with blue and white icing on it,white;piece;icing;chocolate;blue
merged_0351.jpg,a puzzle with dinosaurs and other animals,animals;dinosaurs;puzzle
merged_0352.jpg,a turtle with a brown shell and black head,turtle;black;shell;head;brown
merged_0353.jpg,south carolina state map with birds and flowers,south;state;map;birds;flowers;carolina
merged_0354.jpg,minnesota state vintage travel poster,state;poster;vintage;minnesota;travel
merged_0355.jpg,a poster for the event,poster;event
merged_0356.jpg,a green vase with a bird on it,vase;green;bird
merged_0357.jpg,a group of people are gathered around a red pot,around;group;gathered;red;pot;people
merged_0358.jpg,the cologne cathedral at night,night;cologne;cathedral
merged_0359.jpg,a person typing on a typewriter,typing;person;typewriter
merged_0360.jpg,a postcard with pink flowers on it,flowers;pink;postcard
merged_0361.jpg,a poster advertising a flight service,advertising;poster;flight;service
merged_0362.jpg,"greetings from south carolina, postcard",carolina;south;greetings;postcard
merged_0363.jpg,a group of horses standing on top of a hill,hill;horses;standing;group;top
merged_0364.jpg,two blue birds sitting on a branch,branch;two;birds;sitting;blue
merged_0365.jpg,a picture of the dallas skyline at night,skyline;night;picture;dallas
merged_0366.jpg,an old postcard shows the view of downtown,shows;postcard;old;downtown;view
merged_0367.jpg,an old house with a flag on the front,flag;old;front;house
merged_0368.jpg,"cape hatteras lighthouse, nc",lighthouse;nc;hatteras;cape
merged_0369.jpg,a very large and impressive italian baroque carved and gil,impressive;large;gil;italian;carved;baroque
merged_0370.jpg,switzerland travel guide - screenshoto,guide;screenshoto;travel;switzerland
merged_0371.jpg,a small snake on a postage stamp,small;snake;postage;stamp
merged_0372.jpg,a postcard with a picture of canada and the canadian flag,picture;postcard;canada;flag;canadian
merged_0373.jpg,a black and white poster with a map of vermont,map;black;poster;white;vermont
merged_0374.jpg,a poster for the world of dinosaurs,world;poster;dinosaurs
merged_0375.jpg,an eagle with the words arkansas wildlife,wildlife;arkansas;eagle;words
merged_0376.jpg,a drawing of a city with buildings and a flag,drawing;buildings;city;flag
merged_0377.jpg,a poster advertising a bottle of beer,advertising;poster;beer;bottle
merged_0378.jpg,a poster for the wisconsin state with a bird and flowers,state;poster;flowers;bird;wisconsin
merged_0379.jpg,a painting of a red and green swirl,swirl;green;painting;red
merged_0380.jpg,a card with a bird and a letter,card;letter;bird
merged_0381.jpg,a killer whale swimming in the water with the words washington,killer;water;whale;swimming;washington;words
merged_0382.jpg,a city skyline with boats and buildings,buildings;boats;city;skyline
merged_0383.jpg,a postcard with a cartoon dinosaur and a small dog,dinosaur;small;dog;postcard;cartoon
merged_0384.jpg,a group of people standing around a fire,around;standing;group;people;fire
merged_0385.jpg,a drawing of a deer in the woods,drawing;woods;deer
merged_0386.jpg,a waterfall in the woods with a sign that says hot springs national park,park;sign;says;national;springs;woods;waterfall;hot
merged_0387.jpg,an old photo of a building in the woods,old;photo;woods;building
merged_0388.jpg,an old truck is parked in the woods,old;truck;parked;woods
merged_0389.jpg,a woman sitting on a guitar outside a building,sitting;outside;woman;building;guitar
merged_0390.jpg,a drawing of a mermaid with her two babies,drawing;mermaid;babies;two
merged_0391.jpg,the princess and the pony,princess;pony
merged_0392.jpg,greetings from new mexico,mexico;greetings;new
merged_0393.jpg,a postcard with a picture of a church,church;picture;postcard
merged_0394.jpg,the earth as seen from space,space;earth;seen
merged_0395.jpg,a poster for the california state,poster;state;california
merged_0396.jpg,feather identification chart,chart;feather;identification
merged_0397.jpg,a christmas sweater with a merry message on it,message;sweater;christmas;merry
merged_0398.jpg,a pattern of peppers,pattern;peppers
merged_0399.jpg,a jar of pickled pickled pickled pickled pickled pickled pickled pickled pick,pickled;pick;jar
merged_0400.jpg,a painting of a woman holding a crystal ball in her hands,crystal;painting;ball;woman;hands;holding
merged_0401.jpg,a watercolor painting of a young girl with long hair and a bow,girl;watercolor;painting;bow;hair;young;long
merged_0402.jpg,a watercolor painting of a cat and a basket of apples,watercolor;basket;painting;apples;cat
merged_0403.jpg,two people in black clothing standing in the desert,clothing;black;two;standing;desert;people
merged_0404.jpg,a group of vases and vases on a table,group;table;vases
merged_0405.jpg,a christmas card with santa and his reindeer,santa;card;reindeer;christmas
merged_0406.jpg,two paintings of a landscape with a mountain in the background,landscape;paintings;two;background;mountain
merged_0407.jpg,a red and yellow photo of people in a tunnel,photo;yellow;red;tunnel;people
merged_0408.jpg,a drawing of a carrot and a carrot,drawing;carrot
merged_0409.jpg,two men sitting on the ground,men;ground;sitting;two
merged_0410.jpg,an old postcard shows the front of a school building,shows;school;front;postcard;old;building
merged_0411.jpg,a painting of a ll with a cactus,cactus;painting
merged_0412.jpg,a chinese painting of women in traditional dress,women;chinese;dress;painting;traditional
merged_0413.jpg,a painting of a ho ho ho ho ho ho ho ho ho ho ho ho ho ho ho ho,ho;painting
merged_0414.jpg,"houston, texas, usa, aerial view of the houston space center",usa;aerial;texas;center;view;space;houston
merged_0415.jpg,a book cover with a tree in the middle,book;tree;middle;cover
merged_0416.jpg,a cartoon drawing of a man being pulled by a woman,man;drawing;woman;cartoon;pulled
merged_0417.jpg,"st mary ' s church, virginia city, virginia",mary;church;st;virginia;city
merged_0418.jpg,the cover of the book the secrets of the mountain,book;mountain;secrets;cover
merged_0419.jpg,a train traveling down the tracks near a water tank,train;traveling;water;tank;near;tracks
merged_0420.jpg,a poster with birds and birds on it,poster;birds
merged_0421.jpg,world postcard day - september 6,world;september;day;postcard
merged_0422.jpg,a painting of a fox in a field of flowers,field;flowers;painting;fox
merged_0423.jpg,a pink flower with water droplets on it,flower;droplets;pink;water
merged_0424.jpg,a photo of a tree in the water,photo;water;tree
merged_0425.jpg,a painting of a cow and other animals,animals;painting;cow
merged_0426.jpg,a painting of a knight on horseback with a dragon,dragon;horseback;knight;painting
merged_0427.jpg,a man standing next to a plane in the snow,man;snow;standing;next;plane
merged_0428.jpg,a vase of flowers sitting on a window sie,vase;sie;sitting;flowers;window
merged_0429.jpg,a statue of a man holding a baseball bat,man;holding;bat;baseball;statue
merged_0430.jpg,an angel holding a flower in her hands,flower;angel;hands;holding
merged_0431.jpg,a castle with a lot of snow on it,snow;lot;castle
merged_0432.jpg,a painting of a man and woman holding a pitchfork,man;pitchfork;painting;woman;holding
merged_0433.jpg,a painting of santa claus and his dog,claus;santa;dog;painting
merged_0434.jpg,"a sign that says, ` ` ` ` ` ` ` ` ` ` ` ` ` ` `",says;sign
merged_0435.jpg,a pink card with a cat and a pot of cactus,cactus;card;pink;pot;cat
merged_0436.jpg,a poster with a cartoon character holding a sign,sign;poster;cartoon;character;holding
merged_0437.jpg,a poster for the world postcard day,world;poster;day;postcard
merged_0438.jpg,a christmas card with a cartoon character holding a bag,bag;christmas;card;cartoon;character;holding
merged_0439.jpg,"a sign on a building in chinatown, china",china;chinatown;sign;building
merged_0440.jpg,a painting of a deer with a red background,background;deer;painting;red
merged_0441.jpg,a cartoon character with a speech bubble bubble bubble bubble bubble bubble bubble bubble bubble bubble bubble bubble bubble bubble,cartoon;bubble;speech;character
merged_0442.jpg,north dakota state map,map;north;state;dakota
merged_0443.jpg,a woman in a hat is holding a phone,woman;phone;holding;hat
merged_0444.jpg,"budapest, hungary - postcard",budapest;hungary;postcard
merged_0445.jpg,a col of christmas images,images;col;christmas
merged_0446.jpg,a poster for the world pocard day,world;poster;day;pocard
merged_0447.jpg,a poster for the movie ' s title,poster;title;movie
merged_0448.jpg,the starry night by vincent van gogh van gogh van gogh van gogh van gogh van gogh van gogh,vincent;starry;gogh;van;night
merged_0449.jpg,a cartoon bear with four different expressions,four;expressions;cartoon;bear;different
merged_0450.jpg,a man standing next to a statue of a man with a bag on his head,man;bag;standing;head;next;statue
merged_0451.jpg,a boy and his teddy bear,bear;teddy;boy
merged_0452.jpg,"a poster with the golden gate bridge in san, california",gate;poster;golden;san;bridge;california
merged_0453.jpg,a col of images of the city of detroit,city;images;col;detroit
merged_0454.jpg,a field with a sunset in the background,sunset;field;background
merged_0455.jpg,"mickey, mickey, goofy, goofy and goofy at walt world",walt;goofy;world;mickey
merged_0456.jpg,"the cover of the book, the adventures of the little prince",cover;book;adventures;prince;little
merged_0457.jpg,a poster for the city of langau,poster;city;langau
merged_0458.jpg,two mice in a bucket with candy and candy,mice;bucket;candy;two
merged_0459.jpg,a pink and green tree with pink flowers,flowers;green;pink;tree
merged_0460.jpg,a pen pen and pen on a white paper with a pen pen and pen on it,white;pen;paper
merged_0461.jpg,a drawing of a flower,drawing;flower
merged_0462.jpg,colorado is a state of the united,state;united;colorado
merged_0463.jpg,a group of puffer puffer puffer puffer puffer puffer puffer puffer puff,group;puffer;puff
merged_0464.jpg,west virginia - mountain state,west;state;virginia;mountain
merged_0465.jpg,two birds on a branch with berries,berries;branch;birds;two
merged_0466.jpg,a bunch of los on a stick,bunch;stick;los
merged_0467.jpg,a painting of a cat wearing a santa hat,santa;painting;wearing;cat;hat
merged_0468.jpg,a postcard with a postcard of different buildings,buildings;different;postcard
merged_0469.jpg,a drawing of a bunch of different food items,food;drawing;items;bunch;different
merged_0470.jpg,a col col with a col col of a col col of a col col col of a col col,col
merged_0471.jpg,a drawing of the four main buildings,drawing;main;buildings;four
merged_0472.jpg,a post box with a bird on it,box;post;bird
merged_0473.jpg,a woman in a green skirt dancing with a flower,flower;woman;skirt;green;dancing
merged_0474.jpg,a poster for the 2020 festival,poster;festival
merged_0475.jpg,a postcard with the words new jersey on it,words;new;jersey;postcard
merged_0476.jpg,a dinosaur and other dinosaurs,dinosaur;dinosaurs
merged_0477.jpg,a poster with the words you are so awesome and we ' re,poster;awesome;words
merged_0478.jpg,a bird perched on a flower next to a map,map;flower;bird;next;perched
merged_0479.jpg,a poster with a flag and animals,flag;poster;animals
merged_0480.jpg,a picture of a house in the woods,house;woods;picture
merged_0481.jpg,collage - collage - collage - collage - collage collage collage collage,collage
merged_0482.jpg,a cartoon depicting a man driving a van with the words sending hugs across the miles,man;across;cartoon;driving;hugs;sending;miles;van;depicting;words
merged_0483.jpg,a col of photos of the north dakota,north;photos;dakota;col
merged_0484.jpg,a painting of three men on horses in a field,field;three;men;horses;painting
merged_0485.jpg,a red parrot with a quote on it ' s face,face;quote;red;parrot
merged_0486.jpg,a postcard with pictures of a church and a fountain,pictures;fountain;church;postcard
merged_0487.jpg,a map of virginia with a bird and a flag,flag;map;bird;virginia
merged_0488.jpg,a birthday card with a flower on it,flower;birthday;card
merged_0489.jpg,a map with stamps and stamps on it,stamps;map
merged_0490.jpg,a postcard with a picture of a lake and mountains,lake;mountains;picture;postcard
merged_0491.jpg,a black and white photo of two sies on a farm,photo;two;black;farm;white;sies
merged_0492.jpg,a poster for the green city pride,poster;green;city;pride
merged_0493.jpg,a cat is playing with a ball in the snow,cat;snow;ball;playing
merged_0494.jpg,a cartoon character in a room with plants and plants,cartoon;room;character;plants
merged_0495.jpg,a painting of a girl in a white dress standing on a leaf,girl;standing;dress;painting;white;leaf
merged_0496.jpg,a field of flowers with the words tea,field;flowers;tea;words
merged_0497.jpg,a poster with a red box and envelopes,poster;box;red;envelopes
merged_0498.jpg,a watercolor painting of two women in a forest,women;two;forest;watercolor;painting
merged_0499.jpg,"chicago, illinois, usa, circaed postcard",illinois;circaed;usa;postcard;chicago
merged_0500.jpg,"the earth is in the center of the image, with the words, ' the earth is in the",words;center;earth;image
merged_0501.jpg,a bighorn ram standing on the side of a road,side;standing;bighorn;ram;road
merged_0502.jpg,a jar full of coins with a quote on it,full;quote;coins;jar
merged_0503.jpg,a poster for the international post day,day;poster;post;international
merged_0504.jpg,a picture of a horse drawn carriage with a picture of a couple riding on it,riding;horse;picture;couple;carriage;drawn
merged_0505.jpg,a tapestry depicting a woman and two animals,tapestry;two;woman;animals;depicting
merged_0506.jpg,an image of a map with a horse drawn on it,map;drawn;horse;image
merged_0507.jpg,a bald eagle sits on the edge of a river,bald;eagle;edge;river;sits
merged_0508.jpg,maryland state map with a bird and a flower,map;state;maryland;flower;bird
merged_0509.jpg,stars we meant to,meant;stars
merged_0510.jpg,a painting of an eagle with the american flag,american;eagle;painting;flag
merged_0511.jpg,a deer in the woods with the word love written on it,love;deer;word;woods;written
merged_0512.jpg,a painting of children in a field with flowers,field;flowers;children;painting
merged_0513.jpg,care bears - season 1,season;care;bears
merged_0514.jpg,a boat in the ocean and a ship in the distance,distance;ocean;boat;ship
merged_0515.jpg,a bird sitting on top of a piece of paper,sitting;piece;top;bird;paper
merged_0516.jpg,a mountain with a dirt road and trees,trees;dirt;road;mountain
merged_0517.jpg,a green ink ink with the word ' s name,name;green;word;ink
merged_0518.jpg,a painting of a fox with a pink mane,pink;painting;fox;mane
merged_0519.jpg,a bird sitting on a branch with a quote,branch;quote;sitting;bird
merged_0520.jpg,a collection of vintage tattoo font and lettering,font;vintage;collection;tattoo;lettering
merged_0521.jpg,a poster with different types of birds and flowers,types;poster;birds;flowers;different
merged_0522.jpg,a black and white photo of people walking through a street,photo;street;black;white;walking;people
merged_0523.jpg,a postcard with a picture of a beach and mountains,mountains;beach;picture;postcard
merged_0524.jpg,a drawing of a bucket full of food,drawing;bucket;food;full
merged_0525.jpg,a watercolor painting with the words illinois,illinois;watercolor;painting;words
merged_0526.jpg,a little girl carrying a bunch of flowers,girl;flowers;little;bunch;carrying
merged_0527.jpg,a painting of two deers in a field,field;deers;painting;two
merged_0528.jpg,a red and white sign with the word sos,sign;word;white;red;sos
merged_0529.jpg,a postcard with the words hug point oregon,oregon;postcard;point;hug;words
merged_0530.jpg,a red book with a white title on it,book;white;title;red
merged_0531.jpg,a lighthouse on the coast with waves crashing in front,coast;crashing;lighthouse;front;waves
merged_0532.jpg,the london eye at night,london;night;eye
merged_0533.jpg,a yellow and blue floraled fabric with sunflowers,fabric;blue;yellow;sunflowers;floraled
merged_0534.jpg,a street market in the city of shanghai,street;city;shanghai;market
merged_0535.jpg,berlin by night,berlin;night
merged_0536.jpg,a cartoon drawing of a bird holding a letter,letter;drawing;cartoon;holding;bird
merged_0537.jpg,california coast wildlife park,wildlife;coast;park;california
merged_0538.jpg,a man in a red shirt and hat holding a fish,man;shirt;fish;holding;red;hat
merged_0539.jpg,a couple of people sitting on beach chairs under an umbrella,beach;chairs;couple;umbrella;sitting;people
merged_0540.jpg,"a cartoon character with long hair and green hair, wearing a green outfit",outfit;cartoon;character;wearing;hair;green;long
merged_0541.jpg,three wolves standing on a rock in the moonlight,three;rock;standing;wolves;moonlight
merged_0542.jpg,the mayan temple at night,mayan;temple;night
merged_0543.jpg,a black and white drawing of a group of people,black;drawing;white;group;people
merged_0544.jpg,a poster with illustrations of different types of camping,types;poster;different;illustrations;camping
merged_0545.jpg,a pink and yellow logo with the words barbie,barbie;pink;logo;yellow;words
merged_0546.jpg,"the cover of the book, ' the city of the river '",book;river;city;cover
merged_0547.jpg,las las nevada nevada nevada nevada nevada nevada nevada nevada nevada nevada nevada nevada nevada nevada nevada nevada nevada nevada,nevada;las
merged_0548.jpg,a drawing of various items,drawing;various;items
merged_0549.jpg,a christmas wreath with holly and pine cones,christmas;holly;wreath;pine;cones
merged_0550.jpg,a building with a clock on top of it,top;building;clock
merged_0551.jpg,a painting of a wagon in the snow,snow;painting;wagon
merged_0552.jpg,a postcard with the image of a castle on a hill,hill;castle;image;postcard
merged_0553.jpg,an eagle ' s head with a yellow beak,beak;yellow;eagle;head
merged_0554.jpg,"a cartoon drawing of a man driving a car with a sign that says, ' happy birthday '",man;car;happy;sign;drawing;says;cartoon;driving;birthday
merged_0555.jpg,a map of north carolina with the state names and cities,map;north;state;cities;names;carolina
merged_0556.jpg,a cartoon car with a cat in the back,cat;cartoon;back;car
merged_0557.jpg,a woman is lighting candles in a cemetery,woman;lighting;candles;cemetery
merged_0558.jpg,a stained glass window with a woman kneeling in front of a cross,kneeling;glass;front;woman;window;stained;cross
merged_0559.jpg,a chip chip chip chip chip chip chip chip chip chip chip chip chip chip chip chip chip chip chip,chip
merged_0560.jpg,two horses standing next to each other horses,horses;next;standing;two
merged_0561.jpg,stamps on a black background,stamps;background;black
merged_0562.jpg,the lord of the sea,lord;sea
merged_0563.jpg,a collection of colorful butterflies,butterflies;collection;colorful
merged_0564.jpg,a drawing of a shark and cars,drawing;cars;shark
merged_0565.jpg,a watercolor painting of a woman in the woods,woman;woods;watercolor;painting
merged_0566.jpg,the tara nebula nebula and its surroundings,tara;surroundings;nebula
merged_0567.jpg,a black and white silhouette of a pig with the words written in different languages,silhouette;pig;black;languages;white;written;different;words
merged_0568.jpg,a painting of a woman surrounded by birds,woman;birds;surrounded;painting
merged_0569.jpg,a painting of a man and woman standing next to each other people,man;standing;painting;woman;next;people
merged_0570.jpg,a poster with the words celebrating national weekend in australia,australia;poster;words;celebrating;weekend;national
merged_0571.jpg,a map of the area,map;area
merged_0572.jpg,"greetings from buffalo, michigan",buffalo;greetings;michigan
merged_0573.jpg,"the monument in bennon, vermont",vermont;bennon;monument
merged_0574.jpg,a yellow christmas card with two santas and a snowman,snowman;christmas;two;card;yellow;santas
merged_0575.jpg,a white gaze with a sign that says chester,sign;says;chester;gaze;white
merged_0576.jpg,lord krishna and radha,krishna;lord;radha
merged_0577.jpg,a drawing of a witch with purple hair and a black hat,witch;black;drawing;hair;purple;hat
merged_0578.jpg,a painting of a panda bear and other animals on a swing,painting;panda;swing;bear;animals
merged_0579.jpg,"a poster for the forthcoming album, featuring a woman in a red dress and a man in a black",man;black;album;poster;featuring;dress;woman;red;forthcoming
merged_0580.jpg,keep calm keep calm keep calm keep calm keep calm keep calm keep calm keep calm keep calm keep calm,keep;calm
merged_0581.jpg,i love you california,love;california
merged_0582.jpg,the museum of american glass in west virginia,glass;virginia;museum;american;west
merged_0583.jpg,a statue of a woman holding a bird,woman;bird;holding;statue
merged_0584.jpg,a polar polar polar polar polar polar polar polar polar polar polar polar polar polar polar polar polar polar polar,polar
merged_0585.jpg,a pile of stamps with stamps on them,stamps;pile
merged_0586.jpg,a happy birthday card with colorful letters and stars,happy;letters;card;stars;birthday;colorful
merged_0587.jpg,a map of the state of georgia,georgia;map;state
merged_0588.jpg,a poster for the event,poster;event
merged_0589.jpg,a green sign with a white arrow on it,white;green;arrow;sign
merged_0590.jpg,two dinosaurs on the beach with a wave in the background,beach;two;background;dinosaurs;wave
merged_0591.jpg,a painting of a woman laying on a bed,woman;bed;painting;laying
merged_0592.jpg,a vintage postcard featuring a colorful illustration of a building with flowers and mountains,mountains;vintage;featuring;postcard;flowers;building;illustration;colorful
merged_0593.jpg,a poster advertising a flight to the world,advertising;poster;flight;world
merged_0594.jpg,a black and white photo of a windmill in the middle of a street,photo;street;black;white;windmill;middle
merged_0595.jpg,an astronaut in space with a red background,space;background;astronaut;red
merged_0596.jpg,a book cover with a colorful illustration of a man in a suit and tie,man;suit;cover;tie;book;illustration;colorful
merged_0597.jpg,a poster for the post - postcard event,poster;post;event;postcard
merged_0598.jpg,a poster for the nashville city,poster;city;nashville
merged_0599.jpg,south carolina greeting card,carolina;south;card;greeting
merged_0600.jpg,a christmas scene with a variety of items,items;variety;christmas;scene
merged_0601.jpg,"the cover of the album, ' idaho river '",idaho;album;river;cover
merged_0602.jpg,sri dalaran kandy - the elephant,sri;elephant;kandy;dalaran
merged_0603.jpg,a poster with pictures of the various temples,pictures;poster;temples;various
merged_0604.jpg,two flowers are shown in this image,shown;flowers;image;two
merged_0605.jpg,alberta canada postcard,alberta;canada;postcard
merged_0606.jpg,a painting of a cat in a kitchen,cat;kitchen;painting
merged_0607.jpg,greetings from florida greetings from florida greetings from florida greetings from florida greetings from florida,greetings;florida
merged_0608.jpg,a witch with a broom and a broom in her hand,witch;hand;broom
merged_0609.jpg,a map of alabama with images of the state,map;state;images;alabama
merged_0610.jpg,a snow globe with a christmas tree inside,snow;christmas;globe;inside;tree
merged_0611.jpg,a card with a picture of a lighthouse and pumpkins,lighthouse;card;pumpkins;picture
merged_0612.jpg,a baby rhino and its mother in their enclosure,enclosure;baby;mother;rhino
merged_0613.jpg,a bird with a white head,white;head;bird
merged_0614.jpg,a leopard laying down on the ground,ground;leopard;laying
merged_0615.jpg,a rainbow painted on a piece of paper with the words love is written in black,love;black;rainbow;painted;piece;written;paper;words
merged_0616.jpg,a painting of a girl sitting on a rug with a dog and a pirate ship in the background,dog;girl;background;sitting;painting;pirate;rug;ship
merged_0617.jpg,a poster for the 20th anniversary of the berlin olympics,olympics;poster;anniversary;berlin
merged_0618.jpg,the wizard and his friends in the wizard ' s lair,lair;friends;wizard
merged_0619.jpg,a painting of a woman and child in a garden,woman;child;painting;garden
merged_0620.jpg,a field of corn with the words going to central chicago,field;going;chicago;central;corn;words
merged_0621.jpg,a girl in an astronaut suit is flying through space,flying;suit;girl;astronaut;space
merged_0622.jpg,a small island with a dock and a boat in the water,small;dock;boat;water;island
merged_0623.jpg,a poster with a map of pennsylvania and the state,poster;state;pennsylvania;map
merged_0624.jpg,a stamp with a picture of a fairy sitting on a flower,picture;flower;sitting;fairy;stamp
merged_0625.jpg,a chinese pagoda on the water at sunset,sunset;pagoda;chinese;water
merged_0626.jpg,a christmas card with a mermaid and a mermaid,mermaid;card;christmas
merged_0627.jpg,a poster for the wyoming state,poster;state;wyoming
merged_0628.jpg,the wizard ' s castle from the wizard ' s castle,castle;wizard
merged_0629.jpg,a white background with red chers and the words ` cher ',chers;background;cher;white;red;words
merged_0630.jpg,a poster for the world postcard day,world;poster;day;postcard
merged_0631.jpg,a poster with a cityscape in the background,poster;background;cityscape
merged_0632.jpg,a large building with a green hill in the background,hill;background;large;building;green
merged_0633.jpg,a blue and white pattern with a number 2 on it,pattern;white;blue;number
merged_0634.jpg,a birthday card with the words happy birthday,birthday;card;happy;words
merged_0635.jpg,"a col col with illustrations of hands, letters, and a handwritten text that reads ` ` happy",happy;letters;reads;col;handwritten;hands;illustrations;text
merged_0636.jpg,a painting of flowers on a white background,white;flowers;painting;background
merged_0637.jpg,a person holding a piece of paper with a red dress,dress;piece;person;holding;red;paper
merged_0638.jpg,a map of north - west germany,west;map;north;germany
merged_0639.jpg,mount rain - vinyl lp,vinyl;rain;mount;lp
merged_0640.jpg,a col col with images of the arizona river and cactus,cactus;col;river;arizona;images
merged_0641.jpg,a christmas card with santa claus and other items,santa;christmas;items;card;claus
merged_0642.jpg,a postcard with a sunset and a photo of the cliffs,sunset;photo;cliffs;postcard
merged_0643.jpg,a witch ' s room with a cat and a witch ' s house,cat;witch;room;house
merged_0644.jpg,a group of people holding signs and holding umbrellas,signs;group;holding;umbrellas;people
merged_0645.jpg,an owl with a large beak and a small beak,small;beak;large;owl
merged_0646.jpg,the cover of the book the fars of the fars,book;fars;cover
merged_0647.jpg,a map of the country of france with different types of wine,map;types;country;wine;france;different
merged_0648.jpg,a green christmas card with a black and white floral design,christmas;black;card;floral;white;design;green
merged_0649.jpg,tennessee tennessee state map with birds and flowers,tennessee;state;map;birds;flowers
merged_0650.jpg,a card with a cow and a cat,cat;card;cow
merged_0651.jpg,hello kitty happy birthday card,happy;hello;card;kitty;birthday
merged_0652.jpg,a poster for the new hampshire state,poster;state;hampshire;new
merged_0653.jpg,a painting of a tea set on a table,table;set;painting;tea
merged_0654.jpg,a map of colorado with a flag and a map of the state,flag;map;state;colorado
merged_0655.jpg,there no place like home,like;place;home
merged_0656.jpg,a cow standing in a field next to a tree,field;standing;cow;next;tree
merged_0657.jpg,a cartoon christmas card with a reindeer and a snowman,snowman;christmas;card;cartoon;reindeer
merged_0658.jpg,a night time view of the crowd at the opening of the new opening,time;crowd;opening;new;view;night
merged_0659.jpg,a purple and yellow lotus with the words yoga,yoga;lotus;purple;yellow;words
merged_0660.jpg,a postcard with a picture of people in the ocean,ocean;people;picture;postcard
merged_0661.jpg,two paintings of women in different colors,colors;women;paintings;two;different
merged_0662.jpg,a painting of a deer standing on a road,standing;road;deer;painting
merged_0663.jpg,florida sunset with palm trees,sunset;palm;trees;florida
merged_0664.jpg,a poster with animals and birds in the background,poster;birds;animals;background
merged_0665.jpg,a painting of flowers in a vase,vase;flowers;painting
merged_0666.jpg,a col of photos of a church and a street,church;photos;street;col
merged_0667.jpg,a girl with a teddy bear and other items,bear;teddy;girl;items
merged_0668.jpg,"a mountain range with the words, ` ` ' and ` ` '",words;range;mountain
merged_0669.jpg,a fairy with a flower and a leaf,flower;leaf;fairy
merged_0670.jpg,greetings from the city of phoenix,phoenix;greetings;city
merged_0671.jpg,a painting of a man with a watering hose and a watering hose,man;hose;painting;watering
merged_0672.jpg,a poster with the words sending peace around the world,around;poster;world;peace;sending;words
merged_0673.jpg,a drawing of a woman holding a dog,drawing;woman;holding;dog
merged_0674.jpg,a line of snails with different colors,line;snails;colors;different
merged_0675.jpg,a drawing of a flower,drawing;flower
merged_0676.jpg,a map of ireland with the counties and counties,ireland;map;counties
merged_0677.jpg,a col of images of various people in different colors,colors;col;images;people;various;different
merged_0678.jpg,a poster with a man in a suit and tie,man;poster;tie;suit
merged_0679.jpg,"the moon, taken from the apollo spacecraft",apollo;spacecraft;taken;moon
merged_0680.jpg,a photo of boats on the beach with the words hello taiwan,photo;hello;beach;taiwan;boats;words
merged_0681.jpg,a woman in a purple dress and fur coat,fur;dress;woman;coat;purple
merged_0682.jpg,a poster for the world postcard day,world;poster;day;postcard
merged_0683.jpg,a red squirrel eating a nut,eating;squirrel;nut;red
merged_0684.jpg,a bird with two birds on it ' s back,birds;back;bird;two
merged_0685.jpg,big sky country montana,country;big;sky;montana
merged_0686.jpg,a col col col col col col col col col col col col col col col col col col col,col
merged_0687.jpg,a deer with ants in the snow,snow;deer;ants
merged_0688.jpg,a vintage photo of a woman in a white robe and crown,photo;crown;vintage;woman;white;robe
merged_0689.jpg,a large collection of colorfully painted figures,large;painted;colorfully;collection;figures
merged_0690.jpg,a poster with animals and birds in the background,poster;birds;animals;background
merged_0691.jpg,let snow - let snow,let;snow
merged_0692.jpg,a woman in a green dress holding a dragon,dress;woman;holding;dragon;green
merged_0693.jpg,two dolphins swimming in the ocean,swimming;dolphins;ocean;two
merged_0694.jpg,the strait of gibraltar,strait;gibraltar
merged_0695.jpg,a cartoon tree with a girl hanging on it,cartoon;girl;hanging;tree
merged_0696.jpg,a sticker with a cartoon of a knight on it,cartoon;sticker;knight
merged_0697.jpg,a cartoon map of the world with cats and dogs,cats;map;world;cartoon;dogs
merged_0698.jpg,a bowl of soup with bread and vegetables,bread;bowl;soup;vegetables
merged_0699.jpg,a postcard with a picture of a small town,small;town;picture;postcard
merged_0700.jpg,a card with a drawing of two children hugging each other children are holding a sign that says world tor,sign;hugging;two;drawing;says;card;world;holding;tor;children
merged_0701.jpg,a poster with a drawing of a church and snowflakes,drawing;poster;church;snowflakes
merged_0702.jpg,a poster with a globe and a dove,poster;dove;globe
merged_0703.jpg,an olive tree with the roots exposed,olive;roots;exposed;tree
merged_0704.jpg,a postcard of a park with people and a water fountain,park;fountain;water;postcard;people
merged_0705.jpg,a drawing of a girl with a broom and a fox,drawing;girl;fox;broom
merged_0706.jpg,a drawing of a woman in a hat,drawing;woman;hat
merged_0707.jpg,a postcard with a painting of a man and woman,man;woman;painting;postcard
merged_0708.jpg,a photo of the sun setting over the ocean,setting;photo;ocean;sun
merged_0709.jpg,a woman with a fox head and a fox ' s face,woman;face;head;fox
merged_0710.jpg,a statue of a man with a sword in front of a building,man;front;sword;building;statue
merged_0711.jpg,a watercolor painting of a woman with a cat,woman;cat;watercolor;painting
merged_0712.jpg,a building with a flag on top of it,flag;top;building
merged_0713.jpg,a photo of the water and rocks in washington,photo;rocks;washington;water
merged_0714.jpg,a bird sitting on top of a post,post;top;sitting;bird
merged_0715.jpg,a cowboy called by the cowboy,called;cowboy
merged_0716.jpg,"a poster advertising new orleans, louisiana",orleans;poster;new;advertising;louisiana
merged_0717.jpg,a menu with different types of food,menu;food;different;types
merged_0718.jpg,"the moon, with a small crater in the center",small;moon;crater;center
merged_0719.jpg,a poster for the bird show,poster;show;bird
merged_0720.jpg,happy thanksgiving vintage card with pumpkins and autumn leaves,happy;autumn;vintage;pumpkins;card;leaves;thanksgiving
merged_0721.jpg,a painting of a man walking down a street,man;walking;street;painting
merged_0722.jpg,a stamp with a drawing of a couple kissing,drawing;couple;kissing;stamp
merged_0723.jpg,a group of soldiers in red uniforms,group;uniforms;soldiers;red
merged_0724.jpg,a bird with a red and black head,black;head;bird;red
merged_0725.jpg,greetings from virginia postcard,greetings;virginia;postcard
merged_0726.jpg,a bunch of purple flowers in a white background,background;white;flowers;purple;bunch
merged_0727.jpg,mary stoneman douglas - winter conservation,mary;stoneman;winter;douglas;conservation
merged_0728.jpg,happy international day,day;happy;international
merged_0729.jpg,a black and white drawing of a dog in the woods,dog;black;drawing;white;woods
merged_0730.jpg,a painting of two children playing in the woods,two;painting;woods;children;playing
merged_0731.jpg,a pink background with a cartoon character and a watermelon,background;cartoon;character;pink;watermelon
merged_0732.jpg,a watercolor painting of a table with a pot of plants on it,watercolor;painting;plants;table;pot
merged_0733.jpg,peter rabbit and the red shoes,rabbit;peter;red;shoes
merged_0734.jpg,a man in a hat and glasses is next to a statue of a mouse,man;hat;glasses;next;mouse;statue
merged_0735.jpg,a bird is sitting on top of a mailbox,mailbox;top;sitting;bird
merged_0736.jpg,a picture of a lighthouse on the coast,lighthouse;coast;picture
merged_0737.jpg,the fair at the fair,fair
merged_0738.jpg,a collage of a castle and a tower,collage;tower;castle
merged_0739.jpg,an owl with a wreath on its head sits on a branch,branch;owl;wreath;head;sits
merged_0740.jpg,a poster with a bird on top of a building,poster;building;top;bird
merged_0741.jpg,a boat traveling down the river near a rock formation,traveling;rock;boat;formation;river;near
merged_0742.jpg,an american flag with a gry texture,american;texture;flag;gry
merged_0743.jpg,a watercolor sketch of a house,sketch;watercolor;house
merged_0744.jpg,a dog is running through the water with a sail in the background,dog;running;sail;background;water
merged_0745.jpg,a white dog with flowers and a quote,dog;white;flowers;quote
merged_0746.jpg,a small toy dinosaur,small;dinosaur;toy
merged_0747.jpg,a col col col col col col col col col col col col col col col col col col col,col
merged_0748.jpg,a painting of a woman sitting in a chair,woman;chair;sitting;painting
merged_0749.jpg,a woman in a dress with flowers on her head,woman;flowers;dress;head
merged_0750.jpg,a snowman is standing in the snow,snowman;snow;standing
merged_0751.jpg,a group of people standing around a stage,around;standing;stage;group;people
merged_0752.jpg,florida state map with the names of the state,names;map;state;florida
merged_0753.jpg,a picture of a sunset with the words north carolina,sunset;north;picture;carolina;words
merged_0754.jpg,alaska the last frontier,alaska;frontier;last
merged_0755.jpg,two black bears in a green box,black;two;box;bears;green
merged_0756.jpg,rattle snake facts http http http http http http http http http http http http http http http http http,rattle;snake;facts;http
merged_0757.jpg,a lamp sitting on top of a desk,desk;lamp;top;sitting
merged_0758.jpg,a small owl in a cactus,small;cactus;owl
merged_0759.jpg,a hedge playing the violin in a forest,playing;forest;violin;hedge
merged_0760.jpg,a poster with a dove and the earth,poster;dove;earth
merged_0761.jpg,"greetings from wisconsin, usa greetings from wisconsin, usa greetings from wisconsin, wisconsin, wisconsin",greetings;wisconsin;usa
merged_0762.jpg,"the olive trees, 1889 by vincent van gogh van gogh van gogh van gogh van gogh van gogh van",olive;vincent;trees;gogh;van
merged_0763.jpg,a black woman with a smile on her face,woman;face;smile;black
merged_0764.jpg,a painting of a dragon and other animals,dragon;animals;painting
merged_0765.jpg,a black and white photograph of a man with a beard,man;black;photograph;white;beard
merged_0766.jpg,a card with a bear wearing a bow tie,tie;card;bow;wearing;bear
merged_0767.jpg,a christmas card with a city skyline and a santa claus on the roof,santa;roof;christmas;skyline;card;city;claus
merged_0768.jpg,"a drawing of flowers and a sign that says, ' save our nature '",sign;drawing;save;says;flowers;nature
merged_0769.jpg,a painting of a woman and a man in the water,woman;painting;man;water
merged_0770.jpg,a heart made out of flowers and the words ' love ',love;flowers;made;heart;words
merged_0771.jpg,a red fox flying through the air with a house in the background,flying;fox;air;background;house;red
merged_0772.jpg,a bird and other birds are depicted in this vintage sign,sign;depicted;birds;vintage;bird
merged_0773.jpg,"a cartoon character from the japanese animated film, person",japanese;film;cartoon;character;person;animated
merged_0774.jpg,a poster for the world postbox day,world;poster;day;postbox
merged_0775.jpg,a painting of a group of people playing a game,game;painting;group;people;playing
merged_0776.jpg,a tree in the snow with a sunset behind it,snow;behind;sunset;tree
merged_0777.jpg,sri sri sri sri sri temple,sri;temple
merged_0778.jpg,a small troll troll troll troll troll troll troll troll troll troll troll troll troll troll troll troll troll troll,small;troll
merged_0779.jpg,grow with a person,person;grow
merged_0780.jpg,a picture of a street with buildings and a blue sky,street;buildings;sky;picture;blue
merged_0781.jpg,a poster advertising the new zealand light house,zealand;poster;house;new;advertising;light
merged_0782.jpg,a drawing of a man and woman in a forest,drawing;forest;woman;man
merged_0783.jpg,lord krishna and goddess,krishna;goddess;lord
merged_0784.jpg,"a city street with a sign that says, ' the best place to live in new york '",street;sign;york;live;says;city;place;new;best
merged_0785.jpg,a painting of a cow and a cow in a field,field;painting;cow
merged_0786.jpg,an old red truck parked in front of a building,front;parked;old;red;building;truck
merged_0787.jpg,a col of a woman standing in front of a building,front;standing;col;woman;building
merged_0788.jpg,a man wearing a hat and glasses standing next to a turkey,man;standing;wearing;glasses;next;turkey;hat
merged_0789.jpg,a drawing of a pattern with a green leaf,drawing;leaf;green;pattern
merged_0790.jpg,a woman and a child are playing in the garden,woman;child;garden;playing
merged_0791.jpg,a map of the hawaiian islands,islands;map;hawaiian
merged_0792.jpg,a light bulb with flowers on it,bulb;flowers;light
merged_0793.jpg,a display of masks and masks for sale,display;sale;masks
merged_0794.jpg,a pile of potatoes,pile;potatoes
merged_0795.jpg,a purple and black colored illustration of a woman with a dragon wings,black;colored;woman;purple;dragon;wings;illustration
merged_0796.jpg,a tar tar tar tar tar tar tar tar tar tar tar tar tar tar tar tar tar tar tar,tar
merged_0797.jpg,the interior of the church,interior;church
merged_0798.jpg,garden city of iowa,garden;city;iowa
merged_0799.jpg,a black and white photo of a building,white;photo;building;black
merged_0800.jpg,a pink flower with green leaves and a white background,flower;background;white;pink;leaves;green
merged_0801.jpg,a map of indiana with a bird and a red rose,map;indiana;rose;bird;red
merged_0802.jpg,a painting of a woman and a bird on a tree,woman;painting;bird;tree
merged_0803.jpg,a poster for the virginia state,poster;state;virginia
merged_0804.jpg,a kitten and a kitten with a bow on it ' s neck,neck;bow;kitten
merged_0805.jpg,a cartoon character with a pink background and a rainbow colored background,rainbow;colored;background;cartoon;character;pink
merged_0806.jpg,a poster with a dog in the middle of it,dog;poster;middle
merged_0807.jpg,a col of a col of a village,village;col
merged_0808.jpg,a cartoon drawing of a dog in a store,drawing;cartoon;dog;store
merged_0809.jpg,a poster for the new hampshire state,poster;state;hampshire;new
merged_0810.jpg,a poster advertising a restaurant with a menu,advertising;poster;menu;restaurant
merged_0811.jpg,a drawing of a rainbow colored doo doo doo doo doo doo doo doo doo doo doo doo doo doo,drawing;rainbow;colored;doo
merged_0812.jpg,disney frozen princess frozen frozen frozen frozen frozen frozen frozen frozen frozen frozen frozen frozen frozen frozen frozen frozen frozen,frozen;disney;princess
merged_0813.jpg,a drawing of a man and a cat in the grass,drawing;cat;man;grass
merged_0814.jpg,disney christmas cards,disney;cards;christmas
merged_0815.jpg,a picture of boats docked in the water,docked;boats;picture;water
merged_0816.jpg,a black background with pink roses and green leaves,black;background;roses;pink;leaves;green
merged_0817.jpg,"niagara falls, niagara, canada",niagara;falls;canada
merged_0818.jpg,a vintage disney winnie and pig toy,disney;pig;vintage;winnie;toy
merged_0819.jpg,brazil postage with the flag of brazil,flag;brazil;postage
merged_0820.jpg,watercolor painting of a building in the city,watercolor;city;painting;building
merged_0821.jpg,a poster of a heron in the evergles national park,park;evergles;poster;heron;national
merged_0822.jpg,a drawing of a flower with people around it,drawing;flower;people;around
merged_0823.jpg,a bird flying over a boat with a fish in it,flying;boat;bird;fish
merged_0824.jpg,a woman holding balloons with the words happy birthday,balloons;happy;woman;holding;birthday;words
merged_0825.jpg,a bunch of old cars in a garage,bunch;old;cars;garage
merged_0826.jpg,a large dinosaur skeleton,dinosaur;skeleton;large
merged_0827.jpg,a painting of a mountain with cherry blossoms,cherry;blossoms;painting;mountain
merged_0828.jpg,panama city beach florida,panama;florida;city;beach
merged_0829.jpg,a vintage christmas card with a little girl holding an umbrella,christmas;girl;vintage;card;umbrella;holding;little
merged_0830.jpg,a cartoon strip strip strip strip strip strip strip strip strip strip strip strip strip strip strip strip strip strip,cartoon;strip
merged_0831.jpg,getting from arizona by david kreg,getting;arizona;kreg;david
merged_0832.jpg,a col col with the words world postcard meetup post,meetup;col;postcard;world;post;words
merged_0833.jpg,a poster for the exhibition,exhibition;poster
merged_0834.jpg,a black and white image of a witch flying over a house,witch;flying;black;house;image;white
merged_0835.jpg,a gold statue of a woman with a blue stone,gold;woman;stone;blue;statue
merged_0836.jpg,a close up of a purple flower,flower;close;purple
merged_0837.jpg,a cloudy day at the beach,day;cloudy;beach
merged_0838.jpg,a painting of a window with a view of the city,city;view;window;painting
merged_0839.jpg,a painting of a group of girls sitting around a table,around;girls;sitting;painting;group;table
merged_0840.jpg,a poster with a couple holding a sign that says save the world day,day;sign;save;poster;says;couple;world;holding
merged_0841.jpg,a black poster with the words you love what takes,love;black;poster;takes;words
merged_0842.jpg,the jungle book cover,book;jungle;cover
merged_0843.jpg,singapore cityscangs,singapore;cityscangs
merged_0844.jpg,a painting of a woman reading a book,woman;reading;book;painting
merged_0845.jpg,a rainbow card with the words happy pride,happy;pride;rainbow;card;words
merged_0846.jpg,"the moon, with a small hole in the center",small;hole;moon;center
merged_0847.jpg,a cat sitting at a desk with a computer,cat;computer;desk;sitting
merged_0848.jpg,a col of a city with a donkey and a man,man;donkey;city;col
merged_0849.jpg,"florida, florida, florida, florida, florida, florida, florida, florida, florida, florida,",florida
merged_0850.jpg,buffalo buffalo wings recipe,buffalo;wings;recipe
merged_0851.jpg,a painting of a woman in a forest,woman;forest;painting
merged_0852.jpg,"the cover of the album, the river crossing",river;album;crossing;cover
merged_0853.jpg,a poster with a bird sitting on top of a map,map;poster;sitting;top;bird
merged_0854.jpg,a watercolor painting of two dogs sitting next to a sign that says world postcard day,day;sign;two;says;watercolor;sitting;painting;postcard;world;next;dogs
merged_0855.jpg,a painting of a girl with a cat on her head,cat;girl;painting;head
merged_0856.jpg,a map of the united with dinosaurs and other animals,map;united;dinosaurs;animals
merged_0857.jpg,a poster for the movie la vie de oro,la;poster;vie;oro;movie;de
merged_0858.jpg,"a poster for the book, ' the book of the year '",book;poster;year
merged_0859.jpg,a poster with a heart and the words may your shoes not your tears,poster;may;heart;shoes;tears;words
merged_0860.jpg,a drawing of a teddy bear surrounded by sprin,surrounded;drawing;sprin;bear;teddy
merged_0861.jpg,two birds on a white background,background;white;birds;two
merged_0862.jpg,a sign on a wall in the forbidden,wall;sign;forbidden
merged_0863.jpg,"a postcard with the statue of liberty, the statue of liberty and the statue of liberty",liberty;statue;postcard
merged_0864.jpg,a painting of a man on a horse with other animals,man;animals;painting;horse
merged_0865.jpg,a postcard with a picture of a castle,castle;picture;postcard
merged_0866.jpg,a painting of a christmas tree with presents,presents;painting;christmas;tree
merged_0867.jpg,the cris spectacular show poster,poster;cris;show;spectacular
merged_0868.jpg,a map of utah with a bird and a flag,flag;map;utah;bird
merged_0869.jpg,a drawing of a fern plant,drawing;fern;plant
merged_0870.jpg,"lake erie, michigan",erie;lake;michigan
merged_0871.jpg,the new zealand experience album cover art,zealand;art;cover;album;experience;new
merged_0872.jpg,a poster for the festival,poster;festival
merged_0873.jpg,iowa we are here,iowa
merged_0874.jpg,"a sunset with the words, ' there is no place to go '",sunset;go;place;words
merged_0875.jpg,happy new year wallpapers,wallpapers;happy;year;new
merged_0876.jpg,happy birthday wishes for friends,friends;happy;birthday;wishes
merged_0877.jpg,a poster of the northern mountains with the aurora aurora aurora aurora aurora aurora aurora aurora aurora aurora aurora aurora,poster;northern;mountains;aurora
merged_0878.jpg,a green monster with a large mouth and a large mouth,green;large;monster;mouth
merged_0879.jpg,a postcard with a dinosaur and a flag,dinosaur;flag;postcard
merged_0880.jpg,a painting of a girl holding a colorful umbrella,girl;umbrella;painting;holding;colorful
merged_0881.jpg,world postcard day,world;day;postcard
merged_0882.jpg,an airplane flying over a green field with flowers,flying;field;flowers;airplane;green
merged_0883.jpg,a map of india with different landmarks,map;landmarks;different;india
merged_0884.jpg,a poster for the chiey rock state park,park;state;chiey;poster;rock
merged_0885.jpg,a group of manns in a store window,manns;group;window;store
merged_0886.jpg,two penguins sitting on a rock,rock;penguins;sitting;two
merged_0887.jpg,a sign that says texas with flowers in the fore,fore;sign;says;texas;flowers
merged_0888.jpg,a vintage christmas card with a santa claus and his elves,santa;christmas;vintage;card;elves;claus
merged_0889.jpg,a poster with the names of various dance styles,poster;dance;styles;names;various
merged_0890.jpg,iowa state map with birds and flowers,map;state;birds;flowers;iowa
merged_0891.jpg,a poster for the kentucky state of kentucky,poster;state;kentucky
merged_0892.jpg,a poster on the wall of a rafting area,wall;poster;rafting;area
merged_0893.jpg,a vintage christmas card with santa and elves on a hot air balloon,santa;christmas;air;vintage;elves;card;balloon;hot
merged_0894.jpg,a book with a cow and a man,book;cow;man
merged_0895.jpg,a yellow rose with green leaves and a white background,background;white;rose;leaves;green;yellow
merged_0896.jpg,a cartoon drawing of a computer with a heart,drawing;cartoon;heart;computer
merged_0897.jpg,a group of clay figures sitting around a bowl,around;sitting;bowl;group;figures;clay
merged_0898.jpg,a woman with red hair and a pink shirt is holding a small box of candy,small;shirt;candy;box;woman;pink;holding;hair;red
merged_0899.jpg,a chinese painting with a dragon and a bird,dragon;bird;painting;chinese
merged_0900.jpg,a palm tree in front of a sunset,sunset;palm;front;tree
merged_0901.jpg,a poster with various things on it,poster;things;various
merged_0902.jpg,a picture of a lion and a baby,baby;picture;lion
merged_0903.jpg,rattle snake rattle snake rattle snake rattle snake rattle snake rattle rattle rattle rattle rattle rattle rattle rattle rattle rattle,rattle;snake
merged_0904.jpg,a poster advertising a variety of nuts,advertising;poster;variety;nuts
merged_0905.jpg,a painting of a man on a giant monster,man;giant;painting;monster
merged_0906.jpg,a girl in a red dress holding a green frog,girl;dress;frog;holding;red;green
merged_0907.jpg,a drawing of four cats with a hat and a cat with a hat,cats;four;drawing;cat;hat
merged_0908.jpg,a map of europe with the countries and their capitals,map;europe;capitals;countries
merged_0909.jpg,a bird is perched on a pine tree,perched;pine;bird;tree
merged_0910.jpg,a tall tower in a green field with trees,field;tall;tower;trees;green
merged_0911.jpg,a col col col col col col col col col col col col col col col col col col col,col
merged_0912.jpg,a col of images of people and animals,people;images;col;animals
merged_0913.jpg,a halloween photo frame with a little girl in a pumpkin costume,frame;halloween;photo;pumpkin;girl;little;costume
merged_0914.jpg,a col of a city with a lake and boats,boats;city;col;lake
merged_0915.jpg,a col of pictures of a building with a clock,pictures;col;building;clock
merged_0916.jpg,a fossil fossil fossil is shown in this image,fossil;shown;image
merged_0917.jpg,a black and orange cater on a white background,orange;black;background;cater;white
merged_0918.jpg,a painting of three dogs laying on a wooden floor,three;painting;wooden;floor;dogs;laying
merged_0919.jpg,a picture of a woman in a white dress,woman;white;dress;picture
merged_0920.jpg,a cow with a big nose and a big nose,nose;big;cow
merged_0921.jpg,a drawing of a man holding a bike,drawing;holding;man;bike
merged_0922.jpg,a black and white photo of a man in a prison,man;photo;black;white;prison
merged_0923.jpg,two birds sitting on a wire fence,wire;two;birds;sitting;fence
merged_0924.jpg,a shark with a camera attached to it ' s mouth,attached;camera;shark;mouth
merged_0925.jpg,a train track with a train on it,train;track
merged_0926.jpg,a close up of a jumping spider,spider;close;jumping
merged_0927.jpg,a christmas tree made out of paper and a stamp,christmas;made;stamp;paper;tree
merged_0928.jpg,a red christmas card with a pink bird on it,christmas;card;pink;red;bird
merged_0929.jpg,a group of people standing next to a statue,standing;group;next;people;statue
merged_0930.jpg,a boy holding a snake in his hand,snake;hand;holding;boy
merged_0931.jpg,"a painting of two boys with the words, ' the best friends '",two;painting;friends;boys;best;words
merged_0932.jpg,a book with a picture of a woman ' s face and flowers,face;picture;book;woman;flowers
merged_0933.jpg,a postcard with a photo of a waterfall,waterfall;photo;postcard
merged_0934.jpg,a poster with australian symbols and a map,poster;symbols;map;australian
merged_0935.jpg,a drawing of a bird on a branch,drawing;branch;bird
merged_0936.jpg,a group of dinosaurs with their mouths open,open;group;mouths;dinosaurs
merged_0937.jpg,a sailer in the ocean with a sky background,sailer;ocean;sky;background
merged_0938.jpg,a stamp with a painting of a man and a woman,man;woman;painting;stamp
merged_0939.jpg,a book with illustrations of animals and birds,book;illustrations;animals;birds
merged_0940.jpg,a colorful image of a circle with a rainbow colored center,rainbow;colored;image;circle;center;colorful
merged_0941.jpg,a card with a fairy holding a bunch of tomatoes,card;fairy;holding;tomatoes;bunch
merged_0942.jpg,a postcard with a picture of a dinosaur skeleton,dinosaur;skeleton;picture;postcard
merged_0943.jpg,harry and hermik in the library,hermik;library;harry
merged_0944.jpg,a painting of a bear and a girl,bear;girl;painting
merged_0945.jpg,a large structure with many lights on it,many;large;structure;lights
merged_0946.jpg,a vintage halloween postcard with a witch and a cat,witch;halloween;vintage;postcard;cat
merged_0947.jpg,a little girl with a flower in her hand,flower;hand;girl;little
merged_0948.jpg,a group of cows grazing in a field,field;group;grazing;cows
merged_0949.jpg,a painting of fairies in the woods,woods;painting;fairies
merged_0950.jpg,a col of a col of a city with people,people;city;col
merged_0951.jpg,a windmill in the middle of a village,windmill;village;middle
merged_0952.jpg,a group of horses standing in a field,horses;field;group;standing
merged_0953.jpg,a black and white photo of a woman ' s face,face;photo;black;woman;white
merged_0954.jpg,a col of a house and a river,river;col;house
merged_0955.jpg,two women in a pool with flowers,pool;flowers;women;two
merged_0956.jpg,a bird sitting on a snowy surface,snowy;surface;sitting;bird
merged_0957.jpg,a castle with a reflection in the water,water;reflection;castle
merged_0958.jpg,a little fairy with a flower in her hand,flower;hand;fairy;little
merged_0959.jpg,a man in a suit and tie is holding a cigarette,man;suit;tie;cigarette;holding
merged_0960.jpg,a drawing of a fairy with a butterfly on her back,drawing;fairy;back;butterfly
merged_0961.jpg,an angel with wings and a halo,angel;halo;wings
merged_0962.jpg,a snowman in a graveyard,snowman;graveyard
merged_0963.jpg,a heart shaped photo with a boat and a sunset,sunset;photo;boat;shaped;heart
merged_0964.jpg,two lambs in the grass,grass;lambs;two
merged_0965.jpg,a group of cars racing down a track,track;group;cars;racing
merged_0966.jpg,a bird flying over the ocean with a white bird in the background,flying;background;ocean;white;bird
merged_0967.jpg,a piece of art with a pattern on it,pattern;piece;art
merged_0968.jpg,a view of the mountains from a window in the train,train;view;window;mountains
merged_0969.jpg,a red pepper sitting on top of a white paper,sitting;white;pepper;top;red;paper
merged_0970.jpg,a girl with a fried egg and a cup of coffee,girl;coffee;fried;egg;cup
merged_0971.jpg,a large metal object,metal;large;object
merged_0972.jpg,a painting of a man with a bird on his head,man;head;painting;bird
merged_0973.jpg,a dark and snowy city with a christmas tree,christmas;city;snowy;dark;tree
merged_0974.jpg,a painting of a woman with a headdre,woman;headdre;painting
merged_0975.jpg,a painting of three girls in white dresses and flowers,three;girls;painting;white;dresses;flowers
merged_0976.jpg,a statue of a man with a bird on his shoulder,man;bird;statue;shoulder
merged_0977.jpg,a painting of a bird and roses,roses;painting;bird
merged_0978.jpg,a fairy with a wand in her hand,hand;wand;fairy
merged_0979.jpg,a bird flying in the sky with its wings spread,flying;spread;sky;bird;wings
merged_0980.jpg,a drawing of a man with a scarf on his head,drawing;scarf;head;man
merged_0981.jpg,a painting of a man looking out a window,man;looking;window;painting
merged_0982.jpg,a painting of two foxes in the woods,woods;foxes;painting;two
merged_0983.jpg,a dinosaur with a christmas tree and presents,dinosaur;presents;christmas;tree
merged_0984.jpg,a painting of a group of people sitting at a table,sitting;painting;group;table;people
merged_0985.jpg,a bird sitting on top of a tall grass,tall;sitting;top;bird;grass
merged_0986.jpg,a map of the us route,us;map;route
merged_0987.jpg,a church in a small town,small;town;church
merged_0988.jpg,icon of the holy family,holy;icon;family
merged_0989.jpg,a large group of people standing around a large building,around;standing;large;group;building;people
merged_0990.jpg,a watercolor painting of a house with a green roof and a green roof,roof;watercolor;painting;house;green
merged_0991.jpg,a painting of a woman with her eyes closed and her head in the fire,painting;woman;eyes;closed;head;fire
merged_0992.jpg,an owl sits on a branch surrounded by autumn leaves,branch;surrounded;autumn;owl;leaves;sits
merged_0993.jpg,a cartoon bison with a letter in its mouth,bison;cartoon;letter;mouth
merged_0994.jpg,a watercolor painting of a church in the town of person,church;town;watercolor;painting;person
merged_0995.jpg,a squirrel is sitting on a tree branch,branch;sitting;squirrel;tree
merged_0996.jpg,a christmas card with a santa claus and a reindeer,santa;christmas;card;reindeer;claus
merged_0997.jpg,two children dressed as witches and a ghost,witches;two;dressed;children;ghost
merged_0998.jpg,a bird standing in the grass,standing;bird;grass
merged_0999.jpg,a painting of a unicorn with a quote on it,unicorn;painting;quote
merged_1000.jpg,a drawing of a woman and a man sitting in the grass,man;drawing;sitting;woman;grass
merged_1001.jpg,a painting of a dog in a bowl,dog;bowl;painting
merged_1002.jpg,a pang pang pang pang pang pang pang pang pang pang pang pang pang pang pang pang pang pang pang,pang
merged_1003.jpg,a painting of a forest with many animals,forest;many;painting;animals
merged_1004.jpg,an old photo of a man with a beard,man;old;photo;beard
merged_1005.jpg,a poster with a picture of a city at night,poster;city;picture;night
merged_1006.jpg,a map of canada with the canadian flag,flag;map;canadian;canada
merged_1007.jpg,a poster with pictures of different buildings,pictures;poster;buildings;different
merged_1008.jpg,a beaver is sitting in the woods with a canadian flag,sitting;woods;flag;beaver;canadian
merged_1009.jpg,a canadian moose with a hockey sticker on it ' s back,back;moose;canadian;sticker;hockey
merged_1010.jpg,a stamp with a picture of a man on a horse,man;horse;stamp;picture
merged_1011.jpg,"a pink poster with the words, ' lady like ' and ' resident '",poster;resident;like;pink;lady;words
merged_1012.jpg,a poster with a cat on it,cat;poster
merged_1013.jpg,a blue album cover with a sculpture in the fore,fore;cover;album;sculpture;blue
merged_1014.jpg,cow cow cow cow cow cow cow cow cow cow cow cow cow cow cow cow cow cow cow cow,cow
merged_1015.jpg,a woman in a native dress is standing on a horse,horse;standing;dress;woman;native
merged_1016.jpg,a picture of a city with a lot of buildings,buildings;city;picture;lot
merged_1017.jpg,an aerial view of the city of toronto,aerial;view;toronto;city
merged_1018.jpg,a bird standing on a rock near the water,rock;standing;water;bird;near
merged_1019.jpg,a painting of a man with a sword and a bird,man;sword;painting;bird
merged_1020.jpg,a painting of a person in a black hat,person;painting;hat;black
merged_1021.jpg,a painting of a bottle of wine and flowers,flowers;painting;wine;bottle
merged_1022.jpg,a bird with a yellow beak and brown feathers,beak;bird;yellow;feathers;brown
merged_1023.jpg,the interior of the church of san san,interior;san;church
merged_1024.jpg,a black and white bird with red eyes swimming in water,black;water;eyes;white;red;bird;swimming
merged_1025.jpg,a fairy fairy with purple flowers,flowers;fairy;purple
merged_1026.jpg,a black and white photo of a soldier holding a flag,photo;black;white;holding;soldier;flag
merged_1027.jpg,a red orchid with white spots,orchid;white;spots;red
merged_1028.jpg,a painting of a man in a green robe,man;green;painting;robe
merged_1029.jpg,a painting of a fish on a pink background,fish;background;pink;painting
merged_1030.jpg,a polar polar polar polar polar polar polar polar polar polar polar polar polar polar polar polar polar polar polar,polar
merged_1031.jpg,a moose with a large ant ant ant ant ant ant ant ant ant ant ant ant ant ant ant,ant;large;moose
merged_1032.jpg,a painting of a girl in a white dress,white;girl;dress;painting
merged_1033.jpg,a postcard with a totem pole in the middle of a park,park;postcard;totem;pole;middle
merged_1034.jpg,two people riding horses through a river,riding;two;horses;river;people
merged_1035.jpg,a long narrow tunnel in the rock wall,wall;rock;narrow;tunnel;long
merged_1036.jpg,a drawing of a bird with yellow eyes,drawing;eyes;yellow;bird
merged_1037.jpg,a painting of a lady bug on a blue background,bug;background;painting;lady;blue
merged_1038.jpg,a cow with a flower in its mouth,flower;cow;mouth
merged_1039.jpg,a bus is parked in front of a gas station,station;gas;front;bus;parked
merged_1040.jpg,a map of switzerland with the names of all the countries,names;map;countries;switzerland
merged_1041.jpg,a painting of a man riding a horse,man;riding;painting;horse
merged_1042.jpg,a drawing of a park with a bench and a tree,drawing;park;bench;tree
merged_1043.jpg,a painting of a woman with a book,woman;book;painting
merged_1044.jpg,a deer is standing in the grass with a qr code,deer;standing;qr;code;grass
merged_1045.jpg,a green valley with mountains in the background,green;mountains;valley;background
merged_1046.jpg,a clay sculpture of mice and mice,mice;sculpture;clay
merged_1047.jpg,a bird sitting on top of a red berry,berry;sitting;top;bird;red
merged_1048.jpg,two cows standing in a field with mountains in the background,field;mountains;two;background;standing;cows
merged_1049.jpg,a poster for the event with a picture of a building,poster;building;event;picture
merged_1050.jpg,a postcard with a picture of a woman and a child,woman;child;picture;postcard
merged_1051.jpg,a painting of two women dancing in the grass,women;two;painting;dancing;grass
merged_1052.jpg,a postcard with a cityscar and a flag,flag;cityscar;postcard
merged_1053.jpg,a bird flying in the sky,flying;sky;bird
merged_1054.jpg,halloween sticker,halloween;sticker
merged_1055.jpg,the best of the best by beast,best;beast
merged_1056.jpg,a painting of a village with boats and people,people;village;boats;painting
merged_1057.jpg,a painting of a white rabbit in a green background,rabbit;background;painting;white;green
merged_1058.jpg,a painting of a man flying through the sky,man;flying;sky;painting
merged_1059.jpg,a ticket for the tokyo olympics,olympics;ticket;tokyo
merged_1060.jpg,chinese new year card,year;card;chinese;new
merged_1061.jpg,a picture of a tower with a bird on top,tower;bird;top;picture
merged_1062.jpg,a restaurant with neon signs above the bar,neon;bar;signs;restaurant
merged_1063.jpg,a drawing of a cat hanging from a tree,drawing;cat;tree;hanging
merged_1064.jpg,a yellow tree in the background with a red roof,roof;background;red;yellow;tree
merged_1065.jpg,the hall of supreme palace,supreme;hall;palace
merged_1066.jpg,the cover of the book almond blossom,book;almond;blossom;cover
merged_1067.jpg,a poster for the japanese railway,poster;railway;japanese
merged_1068.jpg,a drawing of a dragon with a red tail,drawing;dragon;red;tail
merged_1069.jpg,a drawing of a man with many items,drawing;many;items;man
merged_1070.jpg,a cartoon character with chinese characters,cartoon;characters;character;chinese
merged_1071.jpg,a poster for the boston marathon,poster;marathon;boston
merged_1072.jpg,a painting of a cloud with a street light,cloud;street;painting;light
merged_1073.jpg,a red panda eating a leaf,leaf;eating;red;panda
merged_1074.jpg,a red flower in a green background,flower;green;red;background
merged_1075.jpg,a magazine cover with a castle in the background,background;castle;magazine;cover
merged_1076.jpg,mickey mouse wallpapers by the - mouse - wallpapers - by - the - mouse -,wallpapers;mouse;mickey
merged_1077.jpg,a man in a boat on a lake,man;boat;lake
merged_1078.jpg,a painting of a squirrel surrounded by flowers,flowers;surrounded;painting;squirrel
merged_1079.jpg,a bunch of plastic pigs in a glass case,glass;plastic;case;bunch;pigs
merged_1080.jpg,a chinese calligraphy with the words ` ` ` ` ` ` ` ` ` ` ` ` `,words;chinese;calligraphy
merged_1081.jpg,a small garden with a pagoda in the background,small;background;garden;pagoda
merged_1082.jpg,a statue of a lion in a pond,pond;statue;lion
merged_1083.jpg,a small pond with flowers in it,small;pond;flowers
merged_1084.jpg,a view of a pagoda tower from a distance,tower;view;distance;pagoda
merged_1085.jpg,the logo for shanghai,logo;shanghai
merged_1086.jpg,a narrow street in the old town of san,street;town;narrow;old;san
merged_1087.jpg,a chinese painting of a man with a sword,man;sword;painting;chinese
merged_1088.jpg,a poster for the exhibition,exhibition;poster
merged_1089.jpg,a red dragon on a white background,dragon;background;red;white
merged_1090.jpg,a statue of buddha in a temple,temple;buddha;statue
merged_1091.jpg,a painting of a woman sitting on a bench,woman;bench;sitting;painting
merged_1092.jpg,a cemetery with a sunset in the background,sunset;background;cemetery
merged_1093.jpg,a col of pictures of the town of poje,pictures;town;poje;col
merged_1094.jpg,a small bird sitting on top of a tree branch,small;branch;sitting;top;bird;tree
merged_1095.jpg,"the cover of the book, the story of the island",book;island;story;cover
merged_1096.jpg,"a map of the city of sarajevo, with the names of the towns",map;sarajevo;names;towns;city
merged_1097.jpg,a pink flamingo with its baby,flamingo;pink;baby
merged_1098.jpg,prague watercolor painting by elise,prague;watercolor;painting;elise
merged_1099.jpg,"the cover art for the album, ' zody brity ran '",art;cover;brity;album;zody;ran
merged_1100.jpg,a bat flying in the night sky,flying;sky;bat;night
merged_1101.jpg,a painting of two pumpkins with the words halloween ghost trick,halloween;trick;two;pumpkins;painting;ghost;words
merged_1102.jpg,a small bird sitting on a branch,small;branch;sitting;bird
merged_1103.jpg,a city with a steeple and a steeple tower,steeple;city;tower
merged_1104.jpg,"person and bugs bugs bugs, bugs, bugs, bugs, bugs, bugs, bugs, bugs,",bugs;person
merged_1105.jpg,a postcard with a picture of a town,town;picture;postcard
merged_1106.jpg,a woman sitting on a couch with a cat,woman;cat;couch;sitting
merged_1107.jpg,a small lamb standing in the grass,small;grass;standing;lamb
merged_1108.jpg,a cartoon character with two small animals and a hedge,small;two;hedge;cartoon;character;animals
merged_1109.jpg,an alligator with its mouth open and tongue out,open;tongue;alligator;mouth
merged_1110.jpg,a christmas tree in the middle of a snowy street,street;christmas;snowy;middle;tree
merged_1111.jpg,a cemetery with two statues in the grass,two;grass;statues;cemetery
merged_1112.jpg,the palace in the early 1900s,palace;early
merged_1113.jpg,a bird with a flower crown on its head,flower;crown;head;bird
merged_1114.jpg,a baby goat sticking its tongue out,sticking;baby;tongue;goat
merged_1115.jpg,two lambs in a field,field;lambs;two
merged_1116.jpg,a street with buildings and lights at night,street;buildings;night;lights
merged_1117.jpg,a fox with the words ' detroit ' written on it,written;detroit;fox;words
merged_1118.jpg,"comet, comet, comet, comet, comet, comet, comet, comet, comet, comet,",comet
merged_1119.jpg,a red fox standing in the grass,fox;standing;red;grass
merged_1120.jpg,a picture of a bird and a seagul,bird;seagul;picture
merged_1121.jpg,a picture of a building with a sky background,building;background;sky;picture
merged_1122.jpg,a brown rabbit sitting in the grass,rabbit;sitting;brown;grass
merged_1123.jpg,a painting of a tree with a man sitting under it,man;sitting;painting;tree
merged_1124.jpg,a herd of sheep grazing in a field,sheep;field;grazing;herd
merged_1125.jpg,two birds sitting on a wooden post,two;birds;sitting;wooden;post
merged_1126.jpg,a group of wolves flee blanket,wolves;group;blanket;flee
merged_1127.jpg,a group of birds,group;birds
merged_1128.jpg,a person standing on a rock in the ocean,standing;rock;ocean;person
merged_1129.jpg,a little girl holding flowers in her hands,girl;flowers;holding;hands;little
merged_1130.jpg,a bird with a red head and black beak,black;beak;bird;red;head
merged_1131.jpg,a sheep standing in the grass at sunset,sheep;sunset;standing;grass
merged_1132.jpg,a statue of a woman holding a book,woman;holding;book;statue
merged_1133.jpg,a sheep with a speech bubble in the middle of it,sheep;bubble;speech;middle
merged_1134.jpg,a drawing of a city with buildings and a boat,drawing;buildings;city;boat
merged_1135.jpg,"the cross in monse, louth",monse;cross;louth
merged_1136.jpg,a white horse running in a field of flowers,field;running;horse;white;flowers
merged_1137.jpg,a bird perched on top of a pine tree,top;bird;perched;pine;tree
merged_1138.jpg,a church with stained glass windows and a statue,windows;church;glass;stained;statue
merged_1139.jpg,a col of cows,cows;col
merged_1140.jpg,a poster for a birthday party with a couple,poster;birthday;couple;party
merged_1141.jpg,a girl flying through the air with a balloon,air;flying;girl;balloon
merged_1142.jpg,a rainbow flag with the word i love berlin,love;rainbow;word;berlin;flag
merged_1143.jpg,a sign that says the town of haghen,town;says;sign;haghen
merged_1144.jpg,a map of germany with the names of all the countries,names;map;germany;countries
merged_1145.jpg,a stamp with a painting of a man sitting on a chair,man;sitting;painting;stamp;chair
merged_1146.jpg,a field of grass,field;grass
merged_1147.jpg,a city at night with a lot of traffic,traffic;city;lot;night
merged_1148.jpg,two cows standing in a field with a reflection,field;reflection;two;standing;cows
merged_1149.jpg,a painting of a mountain scene with flowers,flowers;painting;scene;mountain
merged_1150.jpg,a poster with clothes hanging on a clothes line,line;poster;clothes;hanging
merged_1151.jpg,a bat with a long tail and a long tail,long;bat;tail
merged_1152.jpg,a vintage halloween postcard with a little girl and a cat,halloween;girl;vintage;postcard;little;cat
merged_1153.jpg,postcard col col - postcard - postcard - postcard - postcard - postcard -,col;postcard
merged_1154.jpg,a seal seal laying on the beach,seal;beach;laying
merged_1155.jpg,a painting of a man and woman in a garden,man;woman;garden;painting
merged_1156.jpg,a group of people walking down a dirt road with cows,dirt;road;group;cows;walking;people
merged_1157.jpg,two birds sitting on a branch with flowers,branch;two;birds;sitting;flowers
merged_1158.jpg,a bat in the cave,cave;bat
merged_1159.jpg,a manuscript with a drawing of a circle,drawing;circle;manuscript
merged_1160.jpg,berlin berlin berlin berlin berlin berlin berlin berlin berlin berlin berlin berlin berlin berlin berlin berlin berlin berlin berlin berlin,berlin
merged_1161.jpg,a goldfish in a tank,tank;goldfish
merged_1162.jpg,a bird is perched on a branch with red berries,branch;berries;bird;red;perched
merged_1163.jpg,a life preserveer on the beach with the ocean in the background,beach;background;ocean;preserveer;life
merged_1164.jpg,a woman in a green hat and green gloves,woman;gloves;green;hat
merged_1165.jpg,a sign that reads pacific overlook on a hill,hill;sign;overlook;pacific;reads
merged_1166.jpg,a donkey with a yellow collar laying on rocks,collar;rocks;donkey;yellow;laying
merged_1167.jpg,a drawing of a cup of coffee with the words everything is better than,cup;better;drawing;coffee;everything;words
merged_1168.jpg,a christmas market in the old town of tallinn,christmas;town;tallinn;market;old
merged_1169.jpg,an old photo of a large building on a hill,hill;photo;large;old;building
merged_1170.jpg,a car parked on the side of a road,car;parked;side;road
merged_1171.jpg,a baby seal seal on the beach,seal;baby;beach
merged_1172.jpg,a dog with a sign that says made in germany,dog;sign;germany;says;made
merged_1173.jpg,a cow standing in a field with a sky background,field;sky;background;standing;cow
merged_1174.jpg,a seagul and a seagul on the ice,seagul;ice
merged_1175.jpg,a sheep with a speech bubble above it,sheep;bubble;speech
merged_1176.jpg,a house with a painting on the side,side;painting;house
merged_1177.jpg,a poster advertising a concert for the berlin philharmonic,poster;concert;philharmonic;berlin;advertising
merged_1178.jpg,a bird is flying in the air with a circle,air;flying;circle;bird
merged_1179.jpg,a painting of a girl and a rabbit in the grass,rabbit;girl;painting;grass
merged_1180.jpg,a col of pictures of the city of st petersburg,st;col;pictures;petersburg;city
merged_1181.jpg,"a col of photos of a waterfall, a waterfall and a waterfall",waterfall;photos;col
merged_1182.jpg,a painting of a horse drawn carriage on a road,horse;carriage;painting;road;drawn
merged_1183.jpg,a painting of fish and plants on a white background,fish;background;painting;white;plants
merged_1184.jpg,a small roderoa in the grass,small;roderoa;grass
merged_1185.jpg,a seal on the beach,seal;beach
merged_1186.jpg,an old photo of a church in the country,old;photo;country;church
merged_1187.jpg,a colorful deer head made out of triangles,deer;triangles;made;head;colorful
merged_1188.jpg,a dog with its mouth open and its tongue out,dog;open;tongue;mouth
merged_1189.jpg,a ghost in a house,ghost;house
merged_1190.jpg,a white and black sign with the words,words;white;sign;black
merged_1191.jpg,a cow with a big nose and a big nose,nose;big;cow
merged_1192.jpg,a black dog is standing behind a fence,dog;black;standing;fence;behind
merged_1193.jpg,a pink rose with green leaves and a yellow flower,flower;rose;pink;leaves;green;yellow
merged_1194.jpg,a seal on the beach,seal;beach
merged_1195.jpg,a cartoon of a doctor talking to a patient,doctor;cartoon;patient;talking
merged_1196.jpg,a map of the world with animals and trees,world;map;trees;animals
merged_1197.jpg,a col with a col of people in costumes,costumes;people;col
merged_1198.jpg,a group of sheep standing in a field,sheep;field;group;standing
merged_1199.jpg,a map of the city of london,map;city;london
merged_1200.jpg,a group of bats,bats;group
merged_1201.jpg,a watercolor painting of a boy and a fox,fox;watercolor;painting;boy
merged_1202.jpg,a large collection of minerals,minerals;large;collection
merged_1203.jpg,"a collage of a windmill, a windmill tower, and a windmill",windmill;collage;tower
merged_1204.jpg,the tower of babel,tower;babel
merged_1205.jpg,a painting of an apple with a worm inside,worm;inside;painting;apple
merged_1206.jpg,a seagul standing on a rock,standing;rock;seagul
merged_1207.jpg,a poster with a globe and a pen,poster;pen;globe
merged_1208.jpg,a blue tire perched on a branch,branch;perched;blue;tire
merged_1209.jpg,a path through a forest with trees and grass,forest;trees;path;grass
merged_1210.jpg,a postcard with a picture of a lake and a boat,lake;boat;picture;postcard
merged_1211.jpg,polar bear cubs in the snow,bear;snow;polar;cubs
merged_1212.jpg,a cow standing in a field with a lighthouse in the background,field;lighthouse;background;standing;cow
merged_1213.jpg,a brown cow standing in the snow,cow;snow;standing;brown
merged_1214.jpg,a church in the middle of a field,middle;field;church
merged_1215.jpg,a watercolor painting of a castle,watercolor;painting;castle
merged_1216.jpg,a tar tar tar tar tar tar tar tar tar tar tar tar tar tar tar tar tar tar tar,tar
merged_1217.jpg,a stamp with the word peace painted on it,painted;word;stamp;peace
merged_1218.jpg,a hedge hedge in the grass,grass;hedge
merged_1219.jpg,a view of a city from a plane,view;city;plane
merged_1220.jpg,a racco is sitting on a wooden fence,wooden;fence;racco;sitting
merged_1221.jpg,a painting of birds and deer in the snow,snow;birds;deer;painting
merged_1222.jpg,a cat with green eyes sitting on a wooden table,sitting;wooden;eyes;table;cat;green
merged_1223.jpg,a painting of tomatoes growing on a hillside,hillside;tomatoes;painting;growing
merged_1224.jpg,a painting of a man on horseback surrounded by animals,man;surrounded;painting;horseback;animals
merged_1225.jpg,a badger is standing in the dirt,badger;standing;dirt
merged_1226.jpg,a pink pig face with many different expressions,face;many;pig;expressions;pink;different
merged_1227.jpg,a dog with a flower in its mouth,dog;flower;mouth
merged_1228.jpg,a barrel of beer sitting next to a barrel,next;sitting;barrel;beer
merged_1229.jpg,a drawing of a castle with a dragon on top,drawing;dragon;top;castle
merged_1230.jpg,a sheep in a barn with other sheep,sheep;barn
merged_1231.jpg,a bird with yellow eyes and a speech bubble,eyes;bubble;speech;bird;yellow
merged_1232.jpg,a group of sheep grazing on a grassy hill,hill;grazing;group;sheep;grassy
merged_1233.jpg,berlin skyline at sunset ipad case,sunset;skyline;ipad;berlin;case
merged_1234.jpg,a postcard with a cartoon of a man and woman in front of a castle,man;front;postcard;woman;cartoon;castle
merged_1235.jpg,a photo of the golden gate bridge at sunset,sunset;photo;gate;golden;bridge
merged_1236.jpg,a watercolor painting of two birds on a branch,branch;two;birds;watercolor;painting
merged_1237.jpg,a woman holding a tray with a bird on it,woman;bird;holding;tray
merged_1238.jpg,a bird is standing on a tree branch,branch;standing;bird;tree
merged_1239.jpg,a red and white sign with a picture of a fountain,sign;fountain;picture;white;red
merged_1240.jpg,"a poster advertising new york, new york",advertising;poster;york;new
merged_1241.jpg,a map of the netherlands with a lot of different places,map;netherlands;lot;places;different
merged_1242.jpg,a photo of a castle with a blue sky in the background,photo;sky;background;castle;blue
merged_1243.jpg,a poster for the berlin festival,poster;festival;berlin
merged_1244.jpg,a painting of a man holding a shield,man;holding;painting;shield
merged_1245.jpg,"the cover art for the album, ' gera painters and the artists '",art;artists;cover;album;gera;painters
merged_1246.jpg,a postcard with a painting of two fairies in the grass,fairies;two;painting;postcard;grass
merged_1247.jpg,a picture of a dog sitting in the grass,dog;sitting;picture;grass
merged_1248.jpg,cows in the field,field;cows
merged_1249.jpg,a shark swimming in the ocean surrounded by school of fish,school;surrounded;shark;fish;ocean;swimming
merged_1250.jpg,a book with a bear on it,book;bear
merged_1251.jpg,a painting of a group of animals and the word ' sea ',sea;word;painting;group;animals
merged_1252.jpg,a herd of ya ya ya ya ya ya ya ya ya ya ya ya ya ya ya ya ya,ya;herd
merged_1253.jpg,"a postcard with the word, ' fano ' in front of a cityscaing image",cityscaing;front;word;postcard;image;fano
merged_1254.jpg,a postcard with a picture of a church and a church tower,tower;church;picture;postcard
merged_1255.jpg,a painting of a woman and a cat,woman;cat;painting
merged_1256.jpg,two birds standing on top of a grass covered field,field;two;birds;standing;top;covered;grass
merged_1257.jpg,a view of a city with a church and a bridge,view;bridge;city;church
merged_1258.jpg,a polar polar polar polar polar polar polar polar polar polar polar polar polar polar polar polar polar polar polar,polar
merged_1259.jpg,a picture of a house with a german flag,flag;house;german;picture
merged_1260.jpg,a painting of two birds on a tree branch,branch;two;birds;painting;tree
merged_1261.jpg,"hamburg, germany, hamburg, germany, hamburg, hamburg, hamburg, hamburg, hamburg, hamburg,",germany;hamburg
merged_1262.jpg,the princess and the fairies by edmund edmund edmund edmund edmund edmund edmund edmund edmund edmund edmund edmund edmund edmund,princess;edmund;fairies
merged_1263.jpg,a col col col col col col col col col col col col col col col col col col col,col
merged_1264.jpg,a bird sitting on top of a green field,field;sitting;top;bird;green
merged_1265.jpg,a herd of sheep,sheep;herd
merged_1266.jpg,a woman in a red hat and black dress,black;dress;woman;red;hat
merged_1267.jpg,a lake with mountains in the background,background;mountains;lake
merged_1268.jpg,a poster with a bird on it ' s back,poster;back;bird
merged_1269.jpg,a painting of a girl sitting on a butterfly,girl;sitting;painting;butterfly
merged_1270.jpg,a fox in the woods with purple flowers,flowers;woods;fox;purple
merged_1271.jpg,a painting of three birds on a rock,rock;birds;painting;three
merged_1272.jpg,a herd of cows,cows;herd
merged_1273.jpg,a boat traveling down the river in front of a church,church;traveling;front;boat;river
merged_1274.jpg,a bald eagle standing on a rock in the water,bald;rock;standing;eagle;water
merged_1275.jpg,a herd of sheep,sheep;herd
merged_1276.jpg,a col of pictures of people in traditional costumes,costumes;col;pictures;traditional;people
merged_1277.jpg,a painting of a village with a tower,village;painting;tower
merged_1278.jpg,a group of birds standing on a beach,group;birds;standing;beach
merged_1279.jpg,"stained glass window in the church of the holy trinity, st mary, toronto",holy;trinity;mary;church;st;glass;toronto;window;stained
merged_1280.jpg,a woman in a dress with flowers and butterflies,woman;butterflies;flowers;dress
merged_1281.jpg,a passport with a map and a passport,map;passport
merged_1282.jpg,a statue of a person sitting in a church,church;person;sitting;statue
merged_1283.jpg,a sheep standing on top of a green field,field;standing;top;sheep;green
merged_1284.jpg,a seal in the water,seal;water
merged_1285.jpg,a cow eating grass in a field,field;eating;cow;grass
merged_1286.jpg,a col of pictures of the different buildings,pictures;buildings;different;col
merged_1287.jpg,a cow standing in a field of grass,field;standing;cow;grass
merged_1288.jpg,a seal laying on the ground,ground;seal;laying
merged_1289.jpg,a bird sitting on a branch with pink flowers,branch;sitting;flowers;pink;bird
merged_1290.jpg,a picture of a postcard with stamps and stamps,stamps;picture;postcard
merged_1291.jpg,a painting of a river and a church,river;church;painting
merged_1292.jpg,the book cover for the book the night,book;night;cover
merged_1293.jpg,a drawing of a bird with a bird on its back,drawing;back;bird
merged_1294.jpg,a man walking down a road with cows,man;walking;road;cows
merged_1295.jpg,a bird perched on a branch with leaves,branch;perched;leaves;bird
merged_1296.jpg,a woman in a white dress standing on a rock,rock;dress;standing;woman;white
merged_1297.jpg,a bird sitting on a star shaped object,sitting;shaped;object;bird;star
merged_1298.jpg,a picture of a city with a fountain,city;fountain;picture
merged_1299.jpg,a painting of a bird with a red shirt on it ' s back,back;shirt;painting;bird;red
merged_1300.jpg,an island in the middle of the ocean,ocean;island;middle
merged_1301.jpg,a polaroid polaroid polaroid polaroid polaroid polaroid polaroid polaroid polaroid polar,polaroid;polar
merged_1302.jpg,a green bird sitting in a hole in a tree,hole;sitting;bird;green;tree
merged_1303.jpg,a bird with a long beak sitting on a branch,branch;beak;sitting;bird;long
merged_1304.jpg,a bird with a yellow beak and black head,black;beak;bird;yellow;head
merged_1305.jpg,a col of photos of a town,town;photos;col
merged_1306.jpg,the story of the trojans,trojans;story
merged_1307.jpg,a painting of a castle on the water,water;painting;castle
merged_1308.jpg,a painting of a dragon and a man on a cliff,man;dragon;cliff;painting
merged_1309.jpg,a painting of three women in a cave,cave;painting;three;women
merged_1310.jpg,a painting of flowers and butterflies on a green background,butterflies;background;painting;flowers;green
merged_1311.jpg,a painting of two foxes and butterflies,butterflies;foxes;painting;two
merged_1312.jpg,a fox ya ya ya ya ya ya ya ya ya ya ya ya ya ya ya ya ya ya,ya;fox
merged_1313.jpg,a gold silhouette of a bird on a white paper,silhouette;gold;white;bird;paper
merged_1314.jpg,a yellow flower with a bee on it,flower;yellow;bee
merged_1315.jpg,a col with pictures of different buildings and trees,buildings;col;pictures;trees;different
merged_1316.jpg,a map of the trail,map;trail
merged_1317.jpg,a large yellow building,yellow;large;building
merged_1318.jpg,a cat is standing in the doorway of a house,cat;doorway;standing;house
merged_1319.jpg,a manuscript with a picture of a man in a suit and a woman in a dress,man;suit;picture;manuscript;dress;woman
merged_1320.jpg,two girls in white dresses and hats standing in the grass,hats;two;girls;standing;white;dresses;grass
merged_1321.jpg,a stone statue with a quote on it,stone;quote;statue
merged_1322.jpg,a bird perched on a branch with a green background,branch;background;bird;green;perched
merged_1323.jpg,three sheep standing in a field with the words ' ksten ',field;three;standing;ksten;sheep;words
merged_1324.jpg,a polar bear in the snow with a polar bear,bear;snow;polar
merged_1325.jpg,a bird with a red head and black feathers,black;bird;red;feathers;head
merged_1326.jpg,a black mercedes car parked on a cobb road,car;black;road;cobb;mercedes;parked
merged_1327.jpg,a painting of three women standing together,women;three;standing;painting;together
merged_1328.jpg,a field with yellow flowers and a small house in the background,small;field;background;house;flowers;yellow
merged_1329.jpg,a white house with a garden in front,garden;white;front;house
merged_1330.jpg,a poster for a movie with a gnome holding a sign,sign;poster;gnome;holding;movie
merged_1331.jpg,a rabbit in a blue jacket and red pants is sitting on a log,rabbit;sitting;log;red;jacket;blue;pants
merged_1332.jpg,a drawing of a unicorn with balloons,drawing;balloons;unicorn
merged_1333.jpg,a col of photos of the different types of plants,types;col;plants;photos;different
merged_1334.jpg,a group of colorfully painted birds in a garden,birds;painted;colorfully;group;garden
merged_1335.jpg,a yellow postcard with a blue and red writing on it,postcard;red;writing;yellow;blue
merged_1336.jpg,a seal seal with a white background,seal;background;white
merged_1337.jpg,two cows are standing in the grass,standing;grass;cows;two
merged_1338.jpg,a puzzle with a picture of a city,city;picture;puzzle
merged_1339.jpg,a close up of a cow with a blury background,blury;background;close;cow
merged_1340.jpg,a cow wearing a flower crown,flower;crown;wearing;cow
merged_1341.jpg,a piece of paper with watercolors on it,piece;watercolors;paper
merged_1342.jpg,a puzzle with cats on it,cats;puzzle
merged_1343.jpg,a white falcon on a branch with a bird in the background,branch;background;falcon;white;bird
merged_1344.jpg,a bird sitting on the ground with its beak open,ground;beak;sitting;open;bird
merged_1345.jpg,an eagle sitting on a branch with its wings spread,branch;spread;eagle;sitting;wings
merged_1346.jpg,a bee on a flower with a quote,flower;bee;quote
merged_1347.jpg,boats in the harbor of the town of chana,harbor;town;chana;boats
merged_1348.jpg,a drawing of a group of children in a village,drawing;group;children;village
merged_1349.jpg,a poster with different languages and languages,languages;poster;different
merged_1350.jpg,a statue of a man in a cemetery,man;statue;cemetery
merged_1351.jpg,a green cassette with two buttons and a white button,buttons;two;white;button;green;cassette
merged_1352.jpg,a book with a white swan on it,book;white;swan
merged_1353.jpg,a red and white building with a red roof,white;roof;building;red
merged_1354.jpg,a bird is perched on a tree branch,branch;perched;bird;tree
merged_1355.jpg,a red fox in the grass,fox;red;grass
merged_1356.jpg,a painting of two cows and a cat,cat;cows;painting;two
merged_1357.jpg,a train engine is on the tracks,train;tracks;engine
merged_1358.jpg,a path in the woods with leaves on it,woods;path;leaves
merged_1359.jpg,a red fox cub,fox;cub;red
merged_1360.jpg,a large building with a large mural on the side,mural;side;large;building
merged_1361.jpg,a postcard of a view of the palace,view;palace;postcard
merged_1362.jpg,mushrooms growing in the grass,mushrooms;growing;grass
merged_1363.jpg,a col col col col col col col col col col col col col col col col col col col,col
merged_1364.jpg,cologne cologne cologne cologne cologne cologne cologne cologne cologne cologne cologne cologne cologne cologne cologne cologne cologne cologne cologne cologne,cologne
merged_1365.jpg,a bird sitting on a branch in the snow,snow;branch;sitting;bird
merged_1366.jpg,a poster with a hot air balloon surrounded by flowers,surrounded;air;poster;flowers;balloon;hot
merged_1367.jpg,a map of the city of paris with the names of all the major cities,map;paris;cities;major;names;city
merged_1368.jpg,a cartoon character looking through a telescope,cartoon;looking;character;telescope
merged_1369.jpg,a cross with a face on it,face;cross
merged_1370.jpg,the world is more postcards,world;postcards
merged_1371.jpg,a black and white photo of two cows,photo;two;black;white;cows
merged_1372.jpg,an osm looking at the camera,looking;osm;camera
merged_1373.jpg,two birds are standing next to each other birds,next;birds;standing;two
merged_1374.jpg,a col of photos of the town of st - paul,st;town;paul;col;photos
merged_1375.jpg,a painting of a toucan bird on a branch,toucan;branch;painting;bird
merged_1376.jpg,a painting of a christmas tree with presents,presents;painting;christmas;tree
merged_1377.jpg,a pair of red and green sapphires,sapphires;green;pair;red
merged_1378.jpg,a painting of birds on a branch with fruit,branch;birds;painting;fruit
merged_1379.jpg,a couple of birds standing on top of a nest,birds;couple;standing;top;nest
merged_1380.jpg,a cow standing on top of a mountain,top;standing;cow;mountain
merged_1381.jpg,a sheep standing in a field with other sheep,sheep;field;standing
merged_1382.jpg,a map of the city of the netherlands,map;netherlands;city
merged_1383.jpg,a bird sitting on top of a rock,rock;top;sitting;bird
merged_1384.jpg,a painting of a mountain scene,painting;scene;mountain
merged_1385.jpg,a bird with a red head and yellow beak,beak;bird;red;yellow;head
merged_1386.jpg,a book with cows standing on top of a hill,hill;standing;book;top;cows
merged_1387.jpg,a woman holding a cat in her arms,woman;cat;holding;arms
merged_1388.jpg,a painting with a green and yellow background,yellow;green;painting;background
merged_1389.jpg,"a poster advertising vienna, france",advertising;poster;france;vienna
merged_1390.jpg,a painting of a bridge over a river,river;bridge;painting
merged_1391.jpg,a poster with birds and words that say the names of different birds,say;poster;birds;names;different;words
merged_1392.jpg,a dog with a bow on its head,dog;head;bow
merged_1393.jpg,a wolf with its mouth open and it ' s mouth open,open;wolf;mouth
merged_1394.jpg,a drawing of a knight on horseback with a dog,drawing;horseback;knight;dog
merged_1395.jpg,a yellow bird with a black and white background,black;background;white;bird;yellow
merged_1396.jpg,a poster with dinosaurs and their names,names;poster;dinosaurs
merged_1397.jpg,a woman in a wheelchair with two other women,woman;women;wheelchair;two
merged_1398.jpg,a herd of cows grazing in a field,field;grazing;cows;herd
merged_1399.jpg,a painting on a wall in a room,wall;room;painting
merged_1400.jpg,a hedge and pumpkins,pumpkins;hedge
merged_1401.jpg,legoland review - legoland review - legoland review - legoland review - legoland review -,legoland;review
merged_1402.jpg,a statue of a woman in a christmas wreath,woman;christmas;statue;wreath
merged_1403.jpg,a vintage halloween postcard with a witch riding a broom,witch;riding;halloween;broom;vintage;postcard
merged_1404.jpg,a white sheet with the words ' mon for ostreland germany ',germany;sheet;ostreland;white;mon;words
merged_1405.jpg,a sheep grazing in an orchard with trees,sheep;trees;grazing;orchard
merged_1406.jpg,a red panda cub peers out from a tree,cub;panda;red;peers;tree
merged_1407.jpg,a map of germany with the names of the countries,names;map;germany;countries
merged_1408.jpg,a leopard and flowers on a green background,background;flowers;leopard;green
merged_1409.jpg,a rainbow colored sticker with the word peace on it,rainbow;colored;word;peace;sticker
merged_1410.jpg,a stamp with a painting of two knights fighting,fighting;knights;two;painting;stamp
merged_1411.jpg,"the memorial garden in the city of san, california",garden;san;city;memorial;california
merged_1412.jpg,two baby sea lions on the beach,sea;beach;two;baby;lions
merged_1413.jpg,a black and white bird with a red beak walking on the beach,black;beach;beak;white;red;bird;walking
merged_1414.jpg,a book cover with a yellow and black image of a man in a suit,man;suit;black;cover;image;book;yellow
merged_1415.jpg,a postcard with a picture of a house on the water,house;water;picture;postcard
merged_1416.jpg,a seal seal on rocks,seal;rocks
merged_1417.jpg,a stamp with a drawing of a man in a wheelchair,drawing;wheelchair;stamp;man
merged_1418.jpg,a col of four pictures of animals and birds,four;birds;col;pictures;animals
merged_1419.jpg,a group of deer standing in a field,standing;group;deer;field
merged_1420.jpg,a cat with blue eyes and a white background,background;eyes;white;cat;blue
merged_1421.jpg,the lion and the mouse in the jungle,jungle;mouse;lion
merged_1422.jpg,"two men in suits and ties, one is holding a cigarette",one;two;men;ties;cigarette;holding;suits
merged_1423.jpg,a painting of a mountain scene with a goat and a rabbit,rabbit;painting;goat;mountain;scene
merged_1424.jpg,a poster for a chocolate shop,poster;shop;chocolate
merged_1425.jpg,a tree in the middle of a field,field;middle;tree
merged_1426.jpg,a group of hands with different tattoos,group;hands;different;tattoos
merged_1427.jpg,peter rabbit and peter rabbit,rabbit;peter
merged_1428.jpg,a small fox cub,small;cub;fox
merged_1429.jpg,a bust of a man with a green face,man;face;green;bust
merged_1430.jpg,a bridge over a river,river;bridge
merged_1431.jpg,a bird sitting on a branch of a flower,flower;branch;sitting;bird
merged_1432.jpg,an illustration of a city with a castle,city;illustration;castle
merged_1433.jpg,the dome of the church,church;dome
merged_1434.jpg,a picture of a building with a clock on it,building;picture;clock
merged_1435.jpg,the building is next to the water,water;building;next
merged_1436.jpg,a poster for the festival in the town of sce,poster;sce;festival;town
merged_1437.jpg,a wooden board with pictures of different buildings,buildings;wooden;pictures;board;different
merged_1438.jpg,a bird flying over a field with snow on it,snow;flying;field;bird
merged_1439.jpg,a girl sitting on top of a flower,flower;girl;top;sitting
merged_1440.jpg,a fish swimming in the water near a coral,fish;coral;water;swimming;near
merged_1441.jpg,a postcard with a photo of a town,town;photo;postcard
merged_1442.jpg,a col of photos of the landscape of the mountains,landscape;photos;mountains;col
merged_1443.jpg,a castle in the middle of a forest,forest;middle;castle
merged_1444.jpg,a cow standing in a field of grass,field;standing;cow;grass
merged_1445.jpg,a dog with a hat and sunglasses on it ' s face,dog;face;sunglasses;hat
merged_1446.jpg,tales of the dark knight tales of the dark knight tales of the dark knight tales of the dark knight,dark;knight;tales
merged_1447.jpg,a small chamel chamel chamel chamel chamel chamel chamel chamel chamel,small;chamel
merged_1448.jpg,an old black and white drawing of a city,black;drawing;old;white;city
merged_1449.jpg,a painting of a woman in a dress,woman;dress;painting
merged_1450.jpg,a drawing of a woman in a black dress,drawing;woman;dress;black
merged_1451.jpg,a room with a wall covered in paintings,wall;covered;room;paintings
merged_1452.jpg,a collection of beetles,beetles;collection
merged_1453.jpg,a small roderoa in the grass,small;roderoa;grass
merged_1454.jpg,a poster with pictures of different places and places,pictures;poster;different;places
merged_1455.jpg,a group of people riding horses in a field,field;riding;horses;group;people
merged_1456.jpg,the interior of the church of the holy,holy;interior;church
merged_1457.jpg,a statue of a woman sitting on a rock,woman;rock;sitting;statue
merged_1458.jpg,a small mouse sitting on top of a tree,small;sitting;top;mouse;tree
merged_1459.jpg,a postcard with the skyline of poland,skyline;poland;postcard
merged_1460.jpg,a beetle on a pink flower,pink;flower;beetle
merged_1461.jpg,pantone candy pink candy candy candy candy candy candy candy candy candy candy candy candy candy candy candy candy,pantone;candy;pink
merged_1462.jpg,"barcelona, spain, the city of the golden years",spain;golden;barcelona;city;years
merged_1463.jpg,a close up of a colorful scarf,scarf;close;colorful
merged_1464.jpg,"a poster for the animated movie, the muppets",animated;poster;muppets;movie
merged_1465.jpg,"a col of pictures of the ruins and ruins of the city of laga, argentina",ruins;col;argentina;pictures;laga;city
merged_1466.jpg,a person standing in front of a river,river;standing;front;person
merged_1467.jpg,a picture of a house on the water,house;picture;water
merged_1468.jpg,a view of the city of san from the top of a hill,hill;san;top;city;view
merged_1469.jpg,a bird is sitting on the ground with its baby,baby;sitting;bird;ground
merged_1470.jpg,a col of photos of a small town,small;town;photos;col
merged_1471.jpg,a painting of purple flowers with a bee,flowers;bee;painting;purple
merged_1472.jpg,a bird sitting on a branch,branch;sitting;bird
merged_1473.jpg,a cemetery with a few gravestones in the fore,fore;gravestones;cemetery
merged_1474.jpg,a group of swans swimming in a lake,swans;group;swimming;lake
merged_1475.jpg,a postcard with a drawing of a building and a blue sky,sky;drawing;postcard;building;blue
merged_1476.jpg,a group of cows laying in a field,field;group;cows;laying
merged_1477.jpg,"the hord, a painting by artist mark stott",hord;painting;mark;stott;artist
merged_1478.jpg,a red fox standing on top of a rock,fox;rock;standing;top;red
merged_1479.jpg,a painting of a boy and a girl in the snow,snow;girl;painting;boy
merged_1480.jpg,a painting of two cats in a garden,cats;garden;painting;two
merged_1481.jpg,a postcard with a picture of a canal,canal;picture;postcard
merged_1482.jpg,a red fox with its head in the air,air;fox;head;red
merged_1483.jpg,a cow standing in the shade of a tree,shade;standing;cow;tree
merged_1484.jpg,a bear in the woods,bear;woods
merged_1485.jpg,a bird perched on a tree branch,branch;perched;bird;tree
merged_1486.jpg,a bird sitting on top of snow covered ground,snow;ground;sitting;top;bird;covered
merged_1487.jpg,a statue of a man on a horse,man;horse;statue
merged_1488.jpg,a col of birds and birds in the water,birds;col;water
merged_1489.jpg,finland travel guide info,guide;finland;travel;info
merged_1490.jpg,a black bird with red head and white wings,black;white;red;bird;wings;head
merged_1491.jpg,a cow is walking through a field of tall grass,field;tall;cow;walking;grass
merged_1492.jpg,a woman in a blue dress and a child in a white dress,dress;child;woman;white;blue
merged_1493.jpg,finland stamps with the symbols of finland,stamps;finland;symbols
merged_1494.jpg,a bird flying through the air with its wings spread,flying;spread;air;bird;wings
merged_1495.jpg,a bear standing on top of a pile of hay,hay;pile;standing;top;bear
merged_1496.jpg,a cow standing in a field of tall grass,field;tall;standing;cow;grass
merged_1497.jpg,a painting of a woman in a blue dress,woman;dress;blue;painting
merged_1498.jpg,a fox with a book and a flower,book;flower;fox
merged_1499.jpg,a sheep in a field,sheep;field
merged_1500.jpg,a book cover with a horse drawn by two men,horse;two;cover;men;book;drawn
merged_1501.jpg,the ho ho ho ho ho ho ho ho ho ho ho ho ho ho ho ho ho ho ho,ho
merged_1502.jpg,a painting of a mirror and a bird,painting;bird;mirror
merged_1503.jpg,a boy in a boat with sheep,sheep;boat;boy
merged_1504.jpg,some animals are standing in a circle,circle;animals;standing
merged_1505.jpg,a fox standing in the grass next to a tree,fox;standing;grass;next;tree
merged_1506.jpg,a cow wearing a hat and sunglasses with the words on it,sunglasses;wearing;cow;hat;words
merged_1507.jpg,a black bird flying through the air,air;flying;bird;black
merged_1508.jpg,a painting of a black bird sitting on a branch of a tree,branch;black;sitting;painting;bird;tree
merged_1509.jpg,a christmas wreath with two bears and a pine,christmas;two;bears;wreath;pine
merged_1510.jpg,a poster for the film ' s final title,poster;final;title;film
merged_1511.jpg,an old couple gardening in the garden,garden;old;couple;gardening
merged_1512.jpg,a cow holding a heart in its paws,paws;holding;heart;cow
merged_1513.jpg,a red bird perched on a tree branch,branch;bird;red;perched;tree
merged_1514.jpg,a poster for the festival,poster;festival
merged_1515.jpg,a black and white photo of a man with a cross,man;photo;black;white;cross
merged_1516.jpg,a painting of a forest with trees and animals,forest;trees;animals;painting
merged_1517.jpg,a man in a canoe on a lake at sunset,man;canoe;lake;sunset
merged_1518.jpg,a cat is standing in front of a pot,cat;front;standing;pot
merged_1519.jpg,a drawing of an eagle and a skull,drawing;eagle;skull
merged_1520.jpg,"collage of the port of lemaire, france",collage;lemaire;port;france
merged_1521.jpg,a kitten sitting in a box with a blue ribbon,kitten;box;sitting;ribbon;blue
merged_1522.jpg,a badger is walking through the woods,woods;walking;badger
merged_1523.jpg,a poster with a cup of coffee and a cat,cat;poster;coffee;cup
merged_1524.jpg,a little girl in a pink dress and red hat standing in front of a tree with fruit,girl;dress;standing;front;fruit;pink;red;little;hat;tree
merged_1525.jpg,a col of photos of the cathedrals,cathedrals;photos;col
merged_1526.jpg,a stamp with the word love in the middle,middle;love;word;stamp
merged_1527.jpg,a herd of cows,cows;herd
merged_1528.jpg,a baby goat sitting in the grass,baby;sitting;goat;grass
merged_1529.jpg,a couple of puppets are standing in front of a painting,couple;front;standing;painting;puppets
merged_1530.jpg,a painting of a group of figures,group;painting;figures
merged_1531.jpg,a drawing of a church with a clock on the front,drawing;front;church;clock
merged_1532.jpg,a col of stormass in the sky,sky;col;stormass
merged_1533.jpg,a cartoon drawing of a group of elephants,drawing;cartoon;group;elephants
merged_1534.jpg,a groundhog in the wildflowers,wildflowers;groundhog
merged_1535.jpg,a col with pictures of people and vegetables,pictures;people;col;vegetables
merged_1536.jpg,a cow standing on the beach with a blue sky in the background,sky;beach;background;standing;cow;blue
merged_1537.jpg,a book cover with a picture of a building,book;building;picture;cover
merged_1538.jpg,a book cover with a witch and pumpkins,book;witch;pumpkins;cover
merged_1539.jpg,"the cover of the book, the art of the flame",book;art;flame;cover
merged_1540.jpg,a col with a picture of a mountain and a teddy bear,picture;col;mountain;bear;teddy
merged_1541.jpg,"a woman with a sword in her hand, holding a skull",woman;sword;holding;skull;hand
merged_1542.jpg,collager - collager - collager - collager - collager -,collager
merged_1543.jpg,a fox in the snow,snow;fox
merged_1544.jpg,a watercolor painting of a rabbit,rabbit;watercolor;painting
merged_1545.jpg,a person walking down a street at night,walking;person;street;night
merged_1546.jpg,a photo of a town with a cloudy sky,town;photo;sky;cloudy
merged_1547.jpg,the statues of the virgins and saints,virgins;statues;saints
merged_1548.jpg,a poster with birds and birds names,names;poster;birds
merged_1549.jpg,a stamp with a painting of a woman in a red dress,dress;painting;woman;stamp;red
merged_1550.jpg,a fox in the snow,snow;fox
merged_1551.jpg,a halloween scene with a skeleton on top of a building,halloween;skeleton;top;building;scene
merged_1552.jpg,a woman in a black coat and hat with a pink and blue background,black;background;woman;coat;pink;blue;hat
merged_1553.jpg,a seal seal laying on the beach,seal;beach;laying
merged_1554.jpg,a painting of cattle in a mountainous landscape,landscape;mountainous;cattle;painting
merged_1555.jpg,a stamp with a cartoon of a man and a dog,man;cartoon;dog;stamp
merged_1556.jpg,a bird perched on a branch with a brown background,branch;background;bird;perched;brown
merged_1557.jpg,a drawing of two rabbits and a rabbit,drawing;rabbit;rabbits;two
merged_1558.jpg,a map with pictures of different places on it,pictures;map;different;places
merged_1559.jpg,a gold plate with a man and woman on it,plate;woman;gold;man
merged_1560.jpg,a church in the middle of a park,middle;park;church
merged_1561.jpg,a poster with birds and seaguls,poster;birds;seaguls
merged_1562.jpg,a painting of jesus carrying the cross,carrying;cross;jesus;painting
merged_1563.jpg,a poster with a clock on it,poster;clock
merged_1564.jpg,a map of london with a large city in the background,map;background;large;city;london
merged_1565.jpg,a seal in the water with its head above the water,seal;head;water
merged_1566.jpg,a stamp with a flower on it,flower;stamp
merged_1567.jpg,a photo of a cliff with a small building on it,small;photo;cliff;building
merged_1568.jpg,a watercolor painting of a seagul,watercolor;seagul;painting
merged_1569.jpg,"the great hall, york cathedral",great;cathedral;hall;york
merged_1570.jpg,a cartoon sheep with a red banda on its head,banda;cartoon;red;sheep;head
merged_1571.jpg,a cartoon drawing of a woman and a child,drawing;cartoon;woman;child
merged_1572.jpg,a bird sitting on a tree branch,branch;sitting;bird;tree
merged_1573.jpg,a woman in a blue dress and a man in a brown coat stand in front of a yellow wall,man;wall;stand;dress;front;woman;coat;yellow;blue;brown
merged_1574.jpg,a stamp with a bird and a man,man;bird;stamp
merged_1575.jpg,a drawing of various marine animals,drawing;animals;various;marine
merged_1576.jpg,a manuscript with a depiction of a bearded man,man;bearded;depiction;manuscript
merged_1577.jpg,a group of people picking strawberries in a field,field;strawberries;group;picking;people
merged_1578.jpg,a yard with lots of red and white furniture,lots;furniture;white;red;yard
merged_1579.jpg,a painting of a river scene with people on a raft,painting;raft;river;people;scene
merged_1580.jpg,"the acropolis in acropolis, acropolis, acropolis, acropolis, acropolis, ac",acropolis;ac
merged_1581.jpg,a silver bracelet with a design on it,design;silver;bracelet
merged_1582.jpg,a book with two dogs on it,book;dogs;two
merged_1583.jpg,a herd of sheep,sheep;herd
merged_1584.jpg,a postcard of a pond in the fall,pond;fall;postcard
merged_1585.jpg,love is love by the beatles,love;beatles
merged_1586.jpg,a painting of a man with a surfboard,man;painting;surfboard
merged_1587.jpg,a col of pictures of tropical landscapes,pictures;tropical;col;landscapes
merged_1588.jpg,a restaurant with lots of lights hanging from the ceiling,lots;hanging;ceiling;lights;restaurant
merged_1589.jpg,a painting of a wolf looking at the stars,looking;wolf;painting;stars
merged_1590.jpg,hong skyline at night mouse pad,skyline;hong;pad;mouse;night
merged_1591.jpg,"the cover of the book, the financial and financial markets",book;markets;financial;cover
merged_1592.jpg,a lantern is lit up in the dark sky,lit;sky;lantern;dark
merged_1593.jpg,a flower in the window of a house,flower;window;house
merged_1594.jpg,the church at auvers,auvers;church
merged_1595.jpg,a chinese building with a chinese writing on the front,building;writing;front;chinese
merged_1596.jpg,a barcode barcode barcode barcode barcode barcode barcode barcode barcode bar,bar;barcode
merged_1597.jpg,a poster advertising a service for the british navy,british;service;poster;advertising;navy
merged_1598.jpg,hong skyline at night,hong;night;skyline
merged_1599.jpg,the tale of little pigkins,pigkins;tale;little
merged_1600.jpg,a bell on the stairs of a house,house;stairs;bell
merged_1601.jpg,a poster with a clock and many different colors,many;colors;poster;clock;different
merged_1602.jpg,a small building with a red door and a tree,small;building;red;door;tree
merged_1603.jpg,a painting of a group of people in a room,room;group;people;painting
merged_1604.jpg,a fish and a boat in the water,fish;boat;water
merged_1605.jpg,a poster advertising a new era,advertising;poster;era;new
merged_1606.jpg,a painting of two men on horses in the water,two;men;horses;painting;water
merged_1607.jpg,a green and black print of a city,green;city;print;black
merged_1608.jpg,a lake with a boat in it and a quote on the side,quote;boat;side;lake
merged_1609.jpg,a photo of a temple in the middle of a lake,temple;photo;middle;lake
merged_1610.jpg,"wild island, isle, isle of the isle, isle of the isle, isle of the isle,",wild;isle;island
merged_1611.jpg,a green and white photo of a woman in a garden,photo;woman;white;garden;green
merged_1612.jpg,a vintage tin tin sign with an image of a gnome sitting on a mushroom,sign;tin;vintage;sitting;gnome;image;mushroom
merged_1613.jpg,a poster for the movie money,poster;money;movie
merged_1614.jpg,a bird sitting on top of a wooden post,sitting;wooden;top;bird;post
merged_1615.jpg,a tall tower with a clock on top,tall;top;tower;clock
merged_1616.jpg,a monk in a red robe sitting on a wall,wall;sitting;robe;red;monk
merged_1617.jpg,a small owl sitting on the ground,small;sitting;owl;ground
merged_1618.jpg,a cow with a hat and a bunch of flowers,bunch;flowers;hat;cow
merged_1619.jpg,the sun setting over the ruins of the vi vi vi vi vi vi vi vi vi vi vi vi,setting;vi;ruins;sun
merged_1620.jpg,a goat walking down a dirt road next to a tree,goat;road;next;walking;dirt;tree
merged_1621.jpg,a pole with a bunch of street signs on it,bunch;pole;signs;street
merged_1622.jpg,a red fox running in the snow,snow;fox;running;red
merged_1623.jpg,a col col col col col col col col col col col col col col col col col col col,col
merged_1624.jpg,a painting of a town with a church and palm trees,palm;church;town;painting;trees
merged_1625.jpg,a mana in the water,mana;water
merged_1626.jpg,a col col col col col col col col col col col col col col col col col col col,col
merged_1627.jpg,a cross with a cross on it and a cross on the cross,cross
merged_1628.jpg,a col of pictures of the mountains and horses,pictures;mountains;col;horses
merged_1629.jpg,"venice, italy, with the grand canal in the background",venice;background;canal;italy;grand
merged_1630.jpg,a col col col col col col col col col col col col col col col col col col col,col
merged_1631.jpg,a deer standing in tall grass,standing;tall;deer;grass
merged_1632.jpg,"the city of genoa, italy with the words la genva",genva;la;city;genoa;italy;words
merged_1633.jpg,a poster for the london olympics,poster;london;olympics
merged_1634.jpg,a painting on the ceiling of a temple,temple;ceiling;painting
merged_1635.jpg,a piece of su su su su su su su su su su su su su su su su su,piece;su
merged_1636.jpg,a man in a white coat and black wings stands in front of a large dragon,man;stands;black;front;large;white;coat;dragon;wings
merged_1637.jpg,a building in the middle of a lake,lake;middle;building
merged_1638.jpg,a street with a light streaking down the side of it,street;side;streaking;light
merged_1639.jpg,a painting of an elephant and a leopard,elephant;leopard;painting
merged_1640.jpg,a vintage postcard with a rabbit and flowers,rabbit;vintage;flowers;postcard
merged_1641.jpg,a blue and white striped background with a rhino,rhino;background;striped;white;blue
merged_1642.jpg,a snowflorer in the blue sky,sky;blue;snowflorer
merged_1643.jpg,a japanese postcard with a picture of a squirrel and a maple tree,japanese;picture;postcard;maple;squirrel;tree
merged_1644.jpg,a girl with green hair and white flowers,girl;white;flowers;hair;green
merged_1645.jpg,a large group of people in uniform standing in front of a building,people;standing;large;front;group;building;uniform
merged_1646.jpg,a woman in a red dress sits on the floor,dress;woman;floor;red;sits
merged_1647.jpg,a drawing of a bird with a scarf on its neck,drawing;neck;scarf;bird
merged_1648.jpg,a cat holding a mushroom and a mushroom,cat;mushroom;holding
merged_1649.jpg,a drawing of a rabbit and an orange,drawing;rabbit;orange
merged_1650.jpg,a drawing of two dogs under an umbrella,drawing;dogs;umbrella;two
merged_1651.jpg,two sheep standing next to each other sheep,sheep;next;standing;two
merged_1652.jpg,a cat with a red nose and a blue and white background,nose;background;white;red;cat;blue
merged_1653.jpg,a small box with a picture of a beaver,small;beaver;box;picture
merged_1654.jpg,the lion and the mouse in the lion and the mouse,mouse;lion
merged_1655.jpg,a pink background with a tiger and cherry blossoms,background;blossoms;pink;tiger;cherry
merged_1656.jpg,a dog laying on the ground in front of a pagoda,dog;ground;front;pagoda;laying
merged_1657.jpg,a group of cows grazing in a field,field;group;grazing;cows
merged_1658.jpg,a quilt with birds and flowers on it,quilt;flowers;birds
merged_1659.jpg,a bird sitting on top of a lotus flower,flower;sitting;lotus;top;bird
merged_1660.jpg,a table full of halloween food,full;halloween;food;table
merged_1661.jpg,a polaroid polaroid polaroid polaroid polaroid polaroid polaroid polaroid polaroid polar,polaroid;polar
merged_1662.jpg,a painting of a woman in a kimono,woman;kimono;painting
merged_1663.jpg,a painting of a bear and a mouse,bear;painting;mouse
merged_1664.jpg,"a chinese silk embroidered robe, with flowers and birds",embroidered;chinese;birds;flowers;robe;silk
merged_1665.jpg,a painting of a bear and watermelon,bear;painting;watermelon
merged_1666.jpg,a little girl with a flower in her hand,flower;hand;girl;little
merged_1667.jpg,a bird sitting on a window sie,sie;window;sitting;bird
merged_1668.jpg,an illustration of owls and birds on a purple background,background;birds;owls;purple;illustration
merged_1669.jpg,a sunset view from the top of a mountain,sunset;view;top;mountain
merged_1670.jpg,"a green and white book with illustrations of animals, birds, and other animals",animals;birds;book;white;illustrations;green
merged_1671.jpg,a bird flying over a snowy landscape,snowy;flying;landscape;bird
merged_1672.jpg,a drawing of a woman with a knife and the words no to the sun,knife;drawing;woman;words;sun
merged_1673.jpg,a postcard with a picture of a pagoda tower,tower;pagoda;picture;postcard
merged_1674.jpg,a drawing of a bird and a man,drawing;bird;man
merged_1675.jpg,a drawing of people and plants,drawing;plants;people
merged_1676.jpg,a painting of a man in a boat,man;boat;painting
merged_1677.jpg,a painting of a cup and saucer with flowers,flowers;painting;saucer;cup
merged_1678.jpg,a poster for a horror movie,poster;horror;movie
merged_1679.jpg,a christmas wreath with gold lettering and holly leaves,gold;christmas;holly;leaves;wreath;lettering
merged_1680.jpg,a painting of a cow in a field of tulipis,field;painting;cow;tulipis
merged_1681.jpg,a drawing of a map with animals and flowers,drawing;map;animals;flowers
merged_1682.jpg,a painting of a witch flying over a tree,witch;painting;flying;tree
merged_1683.jpg,a watercolor painting of a street scene in the city,street;watercolor;painting;city;scene
merged_1684.jpg,a bird sitting on top of a tree branch,branch;sitting;top;bird;tree
merged_1685.jpg,a col of pictures of the city of vilnius,pictures;vilnius;city;col
merged_1686.jpg,a white stork in a field of yellow flowers,field;white;stork;flowers;yellow
merged_1687.jpg,a drawing of a fish with a man on it ' s back,drawing;fish;back;man
merged_1688.jpg,a fox sitting on top of a hay bale,hay;fox;sitting;bale;top
merged_1689.jpg,a painting of two foxes kissing,foxes;painting;kissing;two
merged_1690.jpg,a painting of a castle with a red roof,roof;painting;red;castle
merged_1691.jpg,a view of a city in the winter,view;winter;city
merged_1692.jpg,"madonna and child, c 1470 - 150",c;child;madonna
merged_1693.jpg,a snowy scene with a small town in the distance,small;distance;town;snowy;scene
merged_1694.jpg,a watercolor painting of a street in the old town,street;town;watercolor;painting;old
merged_1695.jpg,luxembourg map,luxembourg;map
merged_1696.jpg,a stamp with a painting of a man and woman,man;woman;painting;stamp
merged_1697.jpg,a butterfly on a flower,flower;butterfly
merged_1698.jpg,two ra ra ra ra ra ra ra ra ra ra ra ra ra ra ra ra ra ra ra,ra;two
merged_1699.jpg,a map of the world,world;map
merged_1700.jpg,a red fox in the snow,snow;fox;red
merged_1701.jpg,a bird sitting on a branch with the words latisa,latisa;branch;sitting;bird;words
merged_1702.jpg,col col colue molja,colue;col;molja
merged_1703.jpg,a col of various fruits and berries,fruits;various;col;berries
merged_1704.jpg,a small toy with a gas mask on it,small;gas;mask;toy
merged_1705.jpg,a church with two towers and palm trees,towers;palm;church;two;trees
merged_1706.jpg,a large crowd of people walking up a steep hill,hill;steep;large;crowd;walking;people
merged_1707.jpg,a drawing of food on a plate with a fork,drawing;fork;food;plate
merged_1708.jpg,a painting of two crescents and a star,star;crescents;painting;two
merged_1709.jpg,a picture of a windmill in the water,windmill;picture;water
merged_1710.jpg,a poster with a man on a motorcycle,man;poster;motorcycle
merged_1711.jpg,a sheep with its head in the shape of a brain,sheep;brain;shape;head
merged_1712.jpg,amsterdam amsterdam amsterdam amsterdam amsterdam amsterdam amsterdam amsterdam amsterdam amsterdam amsterdam amsterdam amsterdam amsterdam amsterdam amsterdam amsterdam amsterdam amsterdam amsterdam,amsterdam
merged_1713.jpg,a fox in the grass with a leaf in its mouth,leaf;mouth;fox;grass
merged_1714.jpg,a map of the city of prague,prague;map;city
merged_1715.jpg,a pink silhouette of a man with a flower in his hand,man;silhouette;flower;pink;hand
merged_1716.jpg,a painting of boats on the beach,boats;painting;beach
merged_1717.jpg,a cartoon cow with a flag on its back,flag;cartoon;back;cow
merged_1718.jpg,amsterdam amsterdam amsterdam amsterdam amsterdam amsterdam amsterdam amsterdam amsterdam amsterdam amsterdam amsterdam amsterdam amsterdam amsterdam amsterdam amsterdam amsterdam amsterdam amsterdam,amsterdam
merged_1719.jpg,a drawing of a dog on a boat,drawing;dog;boat
merged_1720.jpg,a small shrine with a statue of a woman in the center,small;shrine;woman;center;statue
merged_1721.jpg,three cows standing in the snow with trees in the background,snow;three;background;standing;trees;cows
merged_1722.jpg,a drawing of a door with a window,drawing;window;door
merged_1723.jpg,a picture of a woman in a dress and a basket,woman;dress;picture;basket
merged_1724.jpg,a flock of birds flying over the water,flying;water;birds;flock
merged_1725.jpg,a poster with a picture of a beach and seaguls,poster;seaguls;picture;beach
merged_1726.jpg,two badgers in the grass,grass;badgers;two
merged_1727.jpg,a black and white photo of a sheep,sheep;white;photo;black
merged_1728.jpg,a painting of a woman climbing a ladder in the woods,ladder;painting;woman;woods;climbing
merged_1729.jpg,peter rabbit and the red robin,rabbit;peter;red;robin
merged_1730.jpg,a painting of blue and yellow paint,paint;yellow;blue;painting
merged_1731.jpg,a bird sitting on a branch with a white background,branch;background;sitting;white;bird
merged_1732.jpg,a poster for the festival,poster;festival
merged_1733.jpg,a picture of two seaguls fighting in the water,fighting;picture;two;water;seaguls
merged_1734.jpg,a painting of a village with a lake and trees,trees;village;painting;lake
merged_1735.jpg,a children ' s book with a picture of a girl and a dog,dog;picture;girl;book;children
merged_1736.jpg,a man and woman in white robes are standing in a yard,man;robes;standing;woman;white;yard
merged_1737.jpg,a fox walking through the sand dunes,walking;sand;dunes;fox
merged_1738.jpg,a large crowd of people gathered around a table in a street,street;around;large;crowd;gathered;table;people
merged_1739.jpg,a poster with birds and birds on it,poster;birds
merged_1740.jpg,"olive trees, vincent van goght",olive;vincent;trees;van;goght
merged_1741.jpg,a poster with various items and a number of items,items;poster;various;number
merged_1742.jpg,the gardens of versailles,gardens;versailles
merged_1743.jpg,a black and white cat is shown in a black and white photo,photo;black;white;cat;shown
merged_1744.jpg,a picture of a building with a boat in the water,building;boat;picture;water
merged_1745.jpg,a picture of a building near a lake,near;building;picture;lake
merged_1746.jpg,a moose crossing the road in the canadian rockies,crossing;moose;canadian;road;rockies
merged_1747.jpg,a painting of flowers on a purple background,background;flowers;painting;purple
merged_1748.jpg,a cassette with a drawing of a cassette,drawing;cassette
merged_1749.jpg,a woman in a green dress and blue jacket is standing next to a sewing machine,sewing;next;dress;standing;woman;machine;green;jacket;blue
merged_1750.jpg,a painting of a building with people walking around it,around;painting;building;walking;people
merged_1751.jpg,a painting of a castle with people and animals,people;animals;painting;castle
merged_1752.jpg,a bird is perched on a mailbox,perched;mailbox;bird
merged_1753.jpg,a painting of a woman sitting on a boat,woman;sitting;painting;boat
merged_1754.jpg,two magpies in a nest,nest;magpies;two
merged_1755.jpg,a col of photos of a kitchen and a person,kitchen;photos;person;col
merged_1756.jpg,a col col with photos of animals and birds,birds;photos;animals;col
merged_1757.jpg,a white background with a rainbow and a cow on it,white;background;rainbow;cow
merged_1758.jpg,a painting of a whale and a wave,painting;wave;whale
merged_1759.jpg,a vintage advertisement for a camera and a camera,advertisement;vintage;camera
merged_1760.jpg,a painting of a bat with pink and purple leaves,painting;pink;bat;leaves;purple
merged_1761.jpg,a bird standing in the grass near a wall,wall;standing;bird;near;grass
merged_1762.jpg,a picture of sheeps on the shore of a body of water,picture;sheeps;shore;water;body
merged_1763.jpg,a black and white photo of a table with various objects,photo;black;white;table;objects;various
merged_1764.jpg,a painting of two men with mustaches and flowers,two;men;mustaches;painting;flowers
merged_1765.jpg,a drawing of rabbits and a handwritten poem,drawing;poem;rabbits;handwritten
merged_1766.jpg,the tale of two mice by felix dotter,two;dotter;mice;felix;tale
merged_1767.jpg,a postcard with a boat and buildings,buildings;boat;postcard
merged_1768.jpg,a windmill in the water near a house,windmill;near;house;water
merged_1769.jpg,two birds sitting on a wooden fence,two;birds;sitting;wooden;fence
merged_1770.jpg,a cartoon of a dinosaur and a man in front of a building,dinosaur;man;front;cartoon;building
merged_1771.jpg,collage - collage - collage - collage - collage collage collage collage,collage
merged_1772.jpg,a bird sitting on top of a cactus,cactus;top;sitting;bird
merged_1773.jpg,a phea bird in the grass with a red lighthouse in the background,phea;lighthouse;background;red;bird;grass
merged_1774.jpg,a windmill sitting on top of a flooded street,street;sitting;flooded;top;windmill
merged_1775.jpg,a moose in the water,moose;water
merged_1776.jpg,a man holding a flag on top of a mountain,man;top;holding;mountain;flag
merged_1777.jpg,a green glow in the dark,green;dark;glow
merged_1778.jpg,a black and white poster with the words keep calm and stop racism,black;poster;keep;calm;racism;white;stop;words
merged_1779.jpg,a picture of a stadium with a fire in the middle,middle;stadium;picture;fire
merged_1780.jpg,a fox in a field of purple flowers,field;flowers;fox;purple
merged_1781.jpg,barred owl flee blanket featuring the barred owl by michael gron,barred;featuring;blanket;owl;michael;gron;flee
merged_1782.jpg,an illustration of a bird perched on a branch,branch;bird;illustration;perched
merged_1783.jpg,sheep grazing in a field,sheep;field;grazing
merged_1784.jpg,a painting of a woman reading a book,woman;reading;book;painting
merged_1785.jpg,"a poster for the movie, the little prince",poster;little;prince;movie
merged_1786.jpg,"the palace of versailles, france",palace;france;versailles
merged_1787.jpg,postcard - postcard - postcard - postcard - postcard - postcard - postcard,postcard
merged_1788.jpg,a book with a bunch of anime characters on it,book;anime;bunch;characters
merged_1789.jpg,a small bird with a blue head and white chest,small;white;chest;bird;blue;head
merged_1790.jpg,a map of wisconsin with the state name and location,map;state;name;location;wisconsin
merged_1791.jpg,a group of people in colorful costumes,costumes;group;people;colorful
merged_1792.jpg,"the cover of the book, ' the castle of the moors '",book;moors;castle;cover
merged_1793.jpg,a bird sitting on top of a building,building;top;sitting;bird
merged_1794.jpg,a drawing of a man laying on a bed,drawing;bed;man;laying
merged_1795.jpg,a poster for the exhibition of the exhibition of the exhibition of the exhibition of the exhibition of the exhibition,exhibition;poster
merged_1796.jpg,a polar polar polar polar polar polar polar polar polar polar polar polar polar polar polar polar polar polar polar,polar
merged_1797.jpg,a fox in a circle with leaves around it,leaves;circle;around;fox
merged_1798.jpg,a col of postage stamps with various images,stamps;col;images;postage;various
merged_1799.jpg,a painting of a sheep and its lamb,sheep;painting;lamb
merged_1800.jpg,a painting of a house in the snow,snow;painting;house
merged_1801.jpg,a watercolor painting of a dogwood plant,watercolor;plant;painting;dogwood
merged_1802.jpg,a painting of a girl with a butterfly wings,wings;girl;painting;butterfly
merged_1803.jpg,a living room with a fireplace and a chair,chair;fireplace;room;living
merged_1804.jpg,a bird with its mouth open and it ' s mouth open,open;bird;mouth
merged_1805.jpg,a black and white photo of a man standing on top of a pile of leaves,man;photo;black;pile;standing;white;top;leaves
merged_1806.jpg,a snowy owl with its wings open,snowy;wings;open;owl
merged_1807.jpg,a painting of a woman and a wolf,woman;wolf;painting
merged_1808.jpg,a painting of two children dressed as witches and a ghost,witches;two;painting;dressed;children;ghost
merged_1809.jpg,an owl is sitting on a rock with the words ' owl ',rock;sitting;owl;words
merged_1810.jpg,a painting of a girl reading a book,reading;girl;book;painting
merged_1811.jpg,a bird flying over a snowy mountain,snowy;flying;bird;mountain
merged_1812.jpg,a statue of a man holding a large metal object,man;metal;large;holding;object;statue
merged_1813.jpg,barbie paper doll envelope,barbie;envelope;doll;paper
merged_1814.jpg,a painting of a girl in a forest surrounded by pumpkins,surrounded;forest;girl;pumpkins;painting
merged_1815.jpg,a cat with a hat and playing cards,cat;cards;hat;playing
merged_1816.jpg,a watercolor painting of a crow and a lantern,lantern;watercolor;crow;painting
merged_1817.jpg,a poster advertising a plane that is flying over the city,flying;poster;city;advertising;plane
merged_1818.jpg,a red fox curled its tail in the snow,snow;tail;fox;curled;red
merged_1819.jpg,a girl with long hair and a black hat is looking at a fish in a pond,black;fish;girl;pond;hair;looking;long;hat
merged_1820.jpg,a squirrel in the woods,woods;squirrel
merged_1821.jpg,a painting of a woman holding a knife and a knife,woman;knife;holding;painting
merged_1822.jpg,a painting of a man and a bird,man;painting;bird
merged_1823.jpg,an owl sitting on a branch with a green background,branch;background;sitting;owl;green
merged_1824.jpg,the view from the top of the building in the sky,view;sky;top;building
merged_1825.jpg,a painting of an angel with a bird on its back,angel;back;painting;bird
merged_1826.jpg,a candle in a glass jar with a candle inside,candle;glass;inside;jar
merged_1827.jpg,a poster with a cityscape and buildings,poster;buildings;cityscape
merged_1828.jpg,a little girl with a cat on her back,cat;girl;back;little
merged_1829.jpg,a poster with many different pictures of people,many;poster;pictures;people;different
merged_1830.jpg,a woman laying on a rug in a room,woman;room;rug;laying
merged_1831.jpg,a drawing of a girl holding a baby,drawing;baby;girl;holding
merged_1832.jpg,a stuffed animal with a dress and shoes,stuffed;shoes;animal;dress
merged_1833.jpg,a painting of a horse drawn by a man in the snow,man;snow;horse;painting;drawn
merged_1834.jpg,a bird perched on a branch in the snow,snow;branch;perched;bird
merged_1835.jpg,a woman with a tiger and a tiger in the jungle,woman;jungle;tiger
merged_1836.jpg,a stamp with a cartoon of people outside a restaurant,outside;cartoon;stamp;people;restaurant
merged_1837.jpg,a col col of a mammoth and a mammoth,col;mammoth
merged_1838.jpg,a painting of a woman wearing a gold headdre,headdre;gold;painting;woman;wearing
merged_1839.jpg,a red rose with yellow flowers and green leaves,rose;flowers;red;green;leaves;yellow
merged_1840.jpg,a painting of a man with a red flower,man;flower;painting;red
merged_1841.jpg,a painting of a woman sitting on the grass with a fox,fox;sitting;painting;woman;grass
merged_1842.jpg,a poster with two men in the middle of the image,two;men;poster;image;middle
merged_1843.jpg,the hoit the hoit chronicles,chronicles;hoit
merged_1844.jpg,a group of people are riding horses down a dirt road,riding;dirt;horses;road;group;people
merged_1845.jpg,a painting of two people walking through a forest,two;forest;painting;walking;people
merged_1846.jpg,a church in the snow with a green building,snow;green;church;building
merged_1847.jpg,a russian poster for the exhibition of the exhibition of the exhibition of the exhibition of the exhibition of the,exhibition;poster;russian
merged_1848.jpg,a bird nest with two eggs in it,eggs;nest;bird;two
merged_1849.jpg,a painting of a woman in a wreath with birds,woman;birds;painting;wreath
merged_1850.jpg,a painting of people walking down a street,walking;people;painting;street
merged_1851.jpg,a windmill in the middle of a river,windmill;river;middle
merged_1852.jpg,"a map of the city of constantinople, turkey",map;city;constantinople;turkey
merged_1853.jpg,a small kitten sleeping next to a flower,small;kitten;flower;sleeping;next
merged_1854.jpg,moscow bath towel featuring the photograph moscow by david g,david;g;featuring;photograph;moscow;towel;bath
merged_1855.jpg,a painting of a girl in a forest surrounded by pumpkins,surrounded;forest;girl;pumpkins;painting
merged_1856.jpg,a bird sitting on top of a tree branch,branch;sitting;top;bird;tree
merged_1857.jpg,a river with a bridge and a castle in the background,river;background;bridge;castle
merged_1858.jpg,a postcard with a lighthouse on top of a rock,lighthouse;rock;top;postcard
merged_1859.jpg,a person standing on a rocky mountain,standing;rocky;person;mountain
merged_1860.jpg,a woman with a bird on her head,woman;head;bird
merged_1861.jpg,a painting of a lighthouse at sunset,lighthouse;sunset;painting
merged_1862.jpg,a painting of a woman in a white dress,woman;white;dress;painting
merged_1863.jpg,a painting of a woman sitting on a tree branch,branch;sitting;painting;woman;tree
merged_1864.jpg,two birds are standing next to each other birds,next;birds;standing;two
merged_1865.jpg,moscow moscow moscow moscow moscow moscow moscow moscow moscow moscow moscow moscow moscow moscow moscow moscow moscow moscow moscow moscow,moscow
merged_1866.jpg,"a watercolor drawing of a unicorn with the words, ` ` ' ' ' ' ' ' '",drawing;watercolor;unicorn;words
merged_1867.jpg,two cats in a floral frame with flowers,cats;frame;two;floral;flowers
merged_1868.jpg,a watercolor painting of a dancer in a colorful dress,watercolor;dress;painting;dancer;colorful
merged_1869.jpg,a woman in a red dress and red hat,woman;hat;dress;red
merged_1870.jpg,the tale of peter rabbit,rabbit;peter;tale
merged_1871.jpg,joker playing card,joker;card;playing
merged_1872.jpg,two postcards with a church and a star,postcards;star;church;two
merged_1873.jpg,a painting of a girl holding a bird,girl;holding;painting;bird
merged_1874.jpg,a building with a large white portico,white;portico;large;building
merged_1875.jpg,a bird is sitting in a tree,sitting;bird;tree
merged_1876.jpg,a painting of a man on a horse,man;painting;horse
merged_1877.jpg,a painting of a little girl in a forest surrounded by pumpkins,surrounded;forest;girl;pumpkins;painting;little
merged_1878.jpg,a drawing of a city with buildings and a man,drawing;buildings;city;man
merged_1879.jpg,"the cover of the album, ' the island '",album;island;cover
merged_1880.jpg,a painting of a woman with green hair and a dragon,painting;woman;hair;dragon;green
merged_1881.jpg,a painting of a woman wearing a headdre,woman;headdre;wearing;painting
merged_1882.jpg,a vintage halloween postcard with two children in costumes and a cat,costumes;halloween;two;vintage;postcard;cat;children
merged_1883.jpg,a monument in the middle of a park,park;middle;monument
merged_1884.jpg,a pair of vases with flowers on the base,base;flowers;pair;vases
merged_1885.jpg,a painting of a woman with flowers in her hair,woman;flowers;painting;hair
merged_1886.jpg,a cat is sitting in a persons ' s lap,cat;sitting;lap;persons
merged_1887.jpg,a cow standing in a field with a blue sky in the background,field;sky;background;standing;cow;blue
merged_1888.jpg,a col of photos of the city of stockholm,stockholm;photos;city;col
merged_1889.jpg,the goddess of the earth,goddess;earth
merged_1890.jpg,"the cover art for the album, ` ' s album",album;art;cover
merged_1891.jpg,a large painting of a man standing in front of a table,man;front;standing;large;painting;table
merged_1892.jpg,a woman walking down a snowy street in the city,street;woman;city;snowy;walking
merged_1893.jpg,a painting of a teapot and a tea pot with flowers,painting;flowers;tea;pot;teapot
merged_1894.jpg,a painting of a woman holding a white bird,painting;woman;white;holding;bird
merged_1895.jpg,"a bird wearing a red scarf and a red hat, sitting on a branch with a cup of coffee",branch;scarf;sitting;coffee;wearing;bird;red;hat;cup
merged_1896.jpg,"a city skyline with the words, ` ' s, and the words ` ' s on it",words;city;skyline
merged_1897.jpg,a christmas card with santa riding in a sled sler,riding;santa;christmas;card;sled;sler
merged_1898.jpg,a watercolor painting of a fairy sitting on a flower,flower;watercolor;sitting;painting;fairy
merged_1899.jpg,a painting of a bird sitting on a branch of cher,branch;sitting;painting;cher;bird
merged_1900.jpg,a book with a drawing of a fish,book;drawing;fish
merged_1901.jpg,a watercolor painting of the arc de triode in paris,paris;triode;watercolor;arc;painting;de
merged_1902.jpg,a book with illustrations of fish and plants,book;fish;illustrations;plants
merged_1903.jpg,a cupcake with a sail and a lighthouse,cupcake;lighthouse;sail
merged_1904.jpg,a mermaid with a large fish in her hand,fish;mermaid;large;hand
merged_1905.jpg,a poster advertising a russian newspaper,advertising;poster;russian;newspaper
merged_1906.jpg,a painting of a woman looking in a mirror,woman;looking;painting;mirror
merged_1907.jpg,a small figurine with a green hat and a red dress,small;dress;red;green;hat;figurine
merged_1908.jpg,a postcard with a picture of a house in the snow,snow;house;picture;postcard
merged_1909.jpg,a fox in the snow,snow;fox
merged_1910.jpg,a poster for the women ' s day,day;poster;women
merged_1911.jpg,a dragon flying over a sunset,sunset;dragon;flying
merged_1912.jpg,a poster for the russian communist party,poster;communist;russian;party
merged_1913.jpg,a postcard with stamps on it,stamps;postcard
merged_1914.jpg,a bird with its wings open and a bird in the fore,fore;open;wings;bird
merged_1915.jpg,a painting of a city skyline with ducks swimming in the water,skyline;painting;ducks;water;city;swimming
merged_1916.jpg,"a couple in a dress and hat, with a bag and a wine glass",bag;couple;dress;glass;wine;hat
merged_1917.jpg,a bear with a kite flying in the sky,bear;flying;sky;kite
merged_1918.jpg,a painting of a woman in a white dress and a white hat,dress;painting;woman;white;hat
merged_1919.jpg,a painting of a ballerina in a tutue,ballerina;painting;tutue
merged_1920.jpg,a painting of a woman in a kitchen,woman;kitchen;painting
merged_1921.jpg,a painting of a bear and a bird on a dock,bear;dock;painting;bird
merged_1922.jpg,a bird sitting on a branch of a tree with pink flowers,branch;sitting;flowers;pink;bird;tree
merged_1923.jpg,a painting of a leopard laying on a rock,rock;leopard;painting;laying
merged_1924.jpg,a painting of a fox wearing a scarf,scarf;wearing;painting;fox
merged_1925.jpg,a medieval painting of a knight being thrown from a crowd,medieval;thrown;knight;painting;crowd
merged_1926.jpg,a puzzle with the flag of russia and a map of the country,map;puzzle;country;russia;flag
merged_1927.jpg,a cow standing in a field with a mountain in the background,field;background;standing;cow;mountain
merged_1928.jpg,a painting of a cat sitting on a window sie,sie;sitting;painting;window;cat
merged_1929.jpg,a poster for the circus,poster;circus
merged_1930.jpg,a white bird flying in the snow,snow;white;bird;flying
merged_1931.jpg,a painting of a woman holding a cat,woman;cat;holding;painting
merged_1932.jpg,a painting of cows and birds in a field,field;birds;cows;painting
merged_1933.jpg,a city with many tall buildings and cars,tall;many;buildings;cars;city
merged_1934.jpg,a painting of a tree in the middle of a river,river;middle;painting;tree
merged_1935.jpg,a group of birds on a branch,branch;group;birds
merged_1936.jpg,a painting of people in a red mailbox,mailbox;people;painting;red
merged_1937.jpg,a painting of a boy and girl in front of a blue wall,wall;boy;girl;front;painting;blue
merged_1938.jpg,a fish with a pink head and a white tail,tail;fish;white;pink;head
merged_1939.jpg,a painting of a pink dragon in a city,city;dragon;pink;painting
merged_1940.jpg,a painting of boats in the water,boats;painting;water
merged_1941.jpg,a col of photos of the village and river,river;photos;village;col
merged_1942.jpg,a postcard showing a view of a river and a town,town;showing;postcard;river;view
merged_1943.jpg,a bro cover with images of buildings and a fountain,buildings;fountain;cover;images;bro
merged_1944.jpg,a col with pictures of the countries,pictures;countries;col
merged_1945.jpg,a poster for the communist communist party,poster;communist;party
merged_1946.jpg,a postcard with a picture of a beach and buildings,buildings;beach;picture;postcard
merged_1947.jpg,a drawing of a bird with the words ducked spirit,drawing;spirit;bird;ducked;words
merged_1948.jpg,a bird standing in the water with its wings spread,spread;standing;water;bird;wings
merged_1949.jpg,a painting of a landscape with trees and grass,landscape;trees;painting;grass
merged_1950.jpg,a cat and a cat sleeping in a field of sunflowers,cat;field;sunflowers;sleeping
merged_1951.jpg,a card with a cartoon character and a dog,dog;cartoon;card;character
merged_1952.jpg,an aerial view of the beach and the ocean,aerial;view;ocean;beach
merged_1953.jpg,the entrance to the temple,entrance;temple
merged_1954.jpg,a drawing of two women in black and white dresses,women;black;drawing;two;white;dresses
merged_1955.jpg,a watercolor illustration of two rabbits and a butterfly,two;watercolor;rabbits;butterfly;illustration
merged_1956.jpg,a painting of a bridge over a river,river;bridge;painting
merged_1957.jpg,a picture of a wind turbine,turbine;wind;picture
merged_1958.jpg,a cat is sitting on a plate with food,cat;food;plate;sitting
merged_1959.jpg,"a sign that says, ' the first day of the war '",day;sign;says;first;war
merged_1960.jpg,a bird is sitting on the nest in the water,nest;sitting;bird;water
merged_1961.jpg,a man in a suit holding two oranges,man;oranges;suit;two;holding
merged_1962.jpg,a green and white book cover with a cat on it,cover;book;white;cat;green
merged_1963.jpg,a map of the world with different countries,world;map;countries;different
merged_1964.jpg,a blue and white photograph with the words ' the best one way ' written on it,one;photograph;way;white;written;best;blue;words
merged_1965.jpg,an aerial view of the ocean and coastline,aerial;view;ocean;coastline
merged_1966.jpg,a small bird eating food from a small bird,small;food;eating;bird
merged_1967.jpg,os oss oss oss oss oss oss oss oss oss os,os;oss
merged_1968.jpg,a painting of a building with a horse drawn by a man,man;horse;painting;building;drawn
merged_1969.jpg,"the tale of peter rabbit by beate, by beate",rabbit;peter;tale;beate
merged_1970.jpg,a bee flying over water lilies in the rain,flying;bee;water;rain;lilies
merged_1971.jpg,a painting of a train going through a cherry tree,train;going;painting;cherry;tree
merged_1972.jpg,a painting of a woman sitting in a chair,woman;chair;sitting;painting
merged_1973.jpg,a statue of a woman holding a bird,woman;bird;holding;statue
merged_1974.jpg,a painting of a woman with a flag,woman;flag;painting
merged_1975.jpg,a couple dancing in the middle of a circle with flowers and birds,couple;dancing;birds;circle;flowers;middle
merged_1976.jpg,easter basket - easter greeting cards,cards;basket;greeting;easter
merged_1977.jpg,a bird sitting on a branch with berries,branch;sitting;bird;berries
merged_1978.jpg,a woman in a dress and hat is standing next to a tractor,standing;dress;woman;tractor;next;hat
merged_1979.jpg,a bird sitting on a branch of a tree with red berries,branch;sitting;berries;red;bird;tree
merged_1980.jpg,a painting of a bird with its wings spread,spread;wings;painting;bird
merged_1981.jpg,a man in a field with a hat and a jacket,man;field;jacket;hat
merged_1982.jpg,"a poster for the children ' s book, there ' s no place like home",poster;like;book;place;home;children
merged_1983.jpg,a little girl with a flower in her hand,flower;hand;girl;little
merged_1984.jpg,the castle of the dead,dead;castle
merged_1985.jpg,maryland maryland maryland maryland maryland maryland maryland maryland maryland maryland maryland maryland maryland maryland maryland maryland maryland maryland maryland maryland,maryland
merged_1986.jpg,a display with a large display of various items,display;various;large;items
merged_1987.jpg,a roadrunner bird with a poem on it ' s back,poem;back;roadrunner;bird
merged_1988.jpg,a fish with a long tail and a long tail,fish;long;tail
merged_1989.jpg,a red fox cub cub cub cub cub cub cub cub cub cub cub cub cub cub cub cub cub,fox;cub;red
merged_1990.jpg,a large gaming mouse pad with a dragon on it,gaming;pad;large;dragon;mouse
merged_1991.jpg,a mermaid with a fish in her hand,fish;mermaid;hand
merged_1992.jpg,a river in the forest with trees and rocks,river;forest;trees;rocks
merged_1993.jpg,a painting of a house on the water,painting;house;water
merged_1994.jpg,a painting of two men in a desert,men;desert;painting;two
merged_1995.jpg,a poster with the words in our love wins,poster;love;wins;words
merged_1996.jpg,"a tree with the words, ' indian '",words;indian;tree
merged_1997.jpg,a statue on the side of a building,building;side;statue
merged_1998.jpg,a room with a table and a mirror,table;room;mirror
merged_1999.jpg,a painting of a rabbit and a flower,flower;rabbit;painting
merged_2000.jpg,a red barn sits in the middle of a green field,field;barn;red;green;middle;sits
merged_2001.jpg,a painting of a cat in a cup,cat;painting;cup
merged_2002.jpg,a view of a city with a lake and mountains in the background,mountains;background;city;view;lake
merged_2003.jpg,a man standing in front of a window,man;front;window;standing
merged_2004.jpg,a red bird and a red cardinal are shown in this vintage book,vintage;book;cardinal;bird;red;shown
merged_2005.jpg,a poster with the names of the different minerals,names;poster;minerals;different
merged_2006.jpg,a vintage strawberry crate label with a hand holding three strawberries,three;label;vintage;strawberries;crate;holding;strawberry;hand
merged_2007.jpg,a picture of two birds flying over a body of water,flying;picture;two;birds;water;body
merged_2008.jpg,a poster with the words eughts amendment,poster;eughts;amendment;words
merged_2009.jpg,the great mouse ' s kitchen,kitchen;great;mouse
merged_2010.jpg,a sunflower with a quote on it,sunflower;quote
merged_2011.jpg,a poster with a picture of times square in times square,poster;times;picture;square
merged_2012.jpg,two women holding signs that say i don to fight for women,women;say;two;fight;signs;holding
merged_2013.jpg,oregon state postcard,state;oregon;postcard
merged_2014.jpg,a poster for the appaloa horse show,show;poster;appaloa;horse
merged_2015.jpg,a black and white photo of a man in overalls,man;photo;overalls;black;white
merged_2016.jpg,a poster advertising a cruise ship,advertising;poster;cruise;ship
merged_2017.jpg,a poster for the person ' s concert,poster;person;concert
merged_2018.jpg,"a fox wearing a suit and bow tie, with a black tie",suit;fox;black;tie;bow;wearing
merged_2019.jpg,a poster for the museum of the cherokee,museum;poster;cherokee
merged_2020.jpg,a lighthouse on the beach,lighthouse;beach
merged_2021.jpg,"the cover art for the album, ' the devil '",album;devil;art;cover
merged_2022.jpg,the cover of the album don ' s house,album;house;cover
merged_2023.jpg,a painting of people holding signs that say to each other people,say;signs;painting;holding;people
merged_2024.jpg,the wizard of oz by frank bak,bak;oz;frank;wizard
merged_2025.jpg,a card with a shark and fish on it,fish;card;shark
merged_2026.jpg,a poster for the movie,poster;movie
merged_2027.jpg,a protest in london,protest;london
merged_2028.jpg,a fox in the grass,fox;grass
merged_2029.jpg,a poster for the city of illinois,poster;illinois;city
merged_2030.jpg,a couple of people riding on top of a jet ski,riding;couple;top;people;ski;jet
merged_2031.jpg,a dinosaur skeleton in a museum,dinosaur;skeleton;museum
merged_2032.jpg,a poster with the words you can flyin you can flyin,poster;flyin;words
merged_2033.jpg,a beetle with orange and black stripes on its back,orange;back;black;beetle;stripes
merged_2034.jpg,a poster for the missouri state,poster;state;missouri
merged_2035.jpg,a sign that says connecticut connecticut and a map of connecticut,connecticut;map;says;sign
merged_2036.jpg,a woman sitting on a grave with a dog,woman;dog;grave;sitting
merged_2037.jpg,a watercolor painting of a fox running,running;watercolor;painting;fox
merged_2038.jpg,a man sitting on a chair holding a dog,man;dog;sitting;holding;chair
merged_2039.jpg,the cover of the first issue of the avengers universe,avengers;issue;universe;cover;first
merged_2040.jpg,u is for usa,u;usa
merged_2041.jpg,a dinosaur attacking another dinosaur,dinosaur;another;attacking
merged_2042.jpg,a bird sitting on top of a green field,field;sitting;top;bird;green
merged_2043.jpg,a painting of a girl with flowers,girl;flowers;painting
merged_2044.jpg,a book cover with a sail and a black background,sail;black;cover;background;book
merged_2045.jpg,a drawing of flamings with their wings,drawing;wings;flamings
merged_2046.jpg,a person holding a plate with food on it,plate;food;person;holding
merged_2047.jpg,a lighthouse on the rocks of a rocky coastline,lighthouse;rocky;rocks;coastline
merged_2048.jpg,a watercolor sketch of a tree,sketch;watercolor;tree
merged_2049.jpg,a large tree in the middle of a forest,middle;forest;large;tree
merged_2050.jpg,a stamp with a space shuttle on it,space;shuttle;stamp
merged_2051.jpg,a poster for a beach resort in the philippines,poster;resort;philippines;beach
merged_2052.jpg,a poster with a picture of a city,poster;city;picture
merged_2053.jpg,north carolina state map,carolina;map;north;state
merged_2054.jpg,a map of the state of texas with illustrations,illustrations;map;state;texas
merged_2055.jpg,a map of oklahoma with the state of oklahoma in the middle,map;state;middle;oklahoma
merged_2056.jpg,a map of the area where the game is played,played;map;game;area
merged_2057.jpg,a col of mushrooms and mushrooms,mushrooms;col
merged_2058.jpg,a map of the island of person,map;person;island
merged_2059.jpg,"a poster for the circus circus circus circus circus, circus circus, circus circus, circus circus, circus",poster;circus
merged_2060.jpg,a map of the united with cats and dogs,cats;map;dogs;united
merged_2061.jpg,a halloween sign with a witch flying over the moon,witch;halloween;sign;flying;moon
merged_2062.jpg,a cemetery with many headstones and flags,headstones;many;flags;cemetery
merged_2063.jpg,a heart with many different colors and shapes,shapes;many;colors;heart;different
merged_2064.jpg,two dolphins in the water,dolphins;water;two
merged_2065.jpg,a col of animals and birds in the woods,woods;birds;animals;col
merged_2066.jpg,a drawing of a woman holding a sign,drawing;woman;holding;sign
merged_2067.jpg,a watercolor painting of a bunch of mail boxes,boxes;watercolor;painting;mail;bunch
merged_2068.jpg,"the jungle jungle jungle, disney movies, disney movies, disney and dream, disney world, disney pi",disney;movies;world;jungle;pi;dream
merged_2069.jpg,a close up of a piece of art with a red flower,art;flower;close;piece;red
merged_2070.jpg,a sign that says happy world postcard day from the portland oregon postcard family,day;happy;sign;family;oregon;says;postcard;world;portland
merged_2071.jpg,thanksgiving clipart clipart clipart clipart clipart clipart clipart clipart clipart clip,thanksgiving;clipart;clip
merged_2072.jpg,a woman with a yellow shirt and glasses,woman;glasses;yellow;shirt
merged_2073.jpg,a cartoon character in a spaceship with a spaceship in the background,cartoon;spaceship;character;background
merged_2074.jpg,a drawing of a rabbit and a rabbit with a quote,drawing;rabbit;quote
merged_2075.jpg,a wooden box with a painting of a man on it,wooden;box;painting;man
merged_2076.jpg,a clown with a clown mask on his face,face;clown;mask
merged_2077.jpg,a photo of a forest with a swing chair,swing;forest;photo;chair
merged_2078.jpg,a clock tower in a park with trees,trees;park;tower;clock
merged_2079.jpg,a poster with a quote from president obama,poster;obama;president;quote
merged_2080.jpg,the arenas - the arenas,arenas
merged_2081.jpg,a green teapot with a bird on top,top;green;teapot;bird
merged_2082.jpg,a crossword with the names of the names of the names,names;crossword
merged_2083.jpg,a little girl carrying a bunch of strawberries,girl;strawberries;little;bunch;carrying
merged_2084.jpg,the oklahoma national museum,museum;national;oklahoma
merged_2085.jpg,a field with purple flowers and a mountain in the background,field;purple;background;flowers;mountain
merged_2086.jpg,birds of the world,world;birds
merged_2087.jpg,a man and two boys are sitting in front of a camper,man;two;camper;front;sitting;boys
merged_2088.jpg,a poster for the event,poster;event
merged_2089.jpg,a map of new mexico,map;mexico;new
merged_2090.jpg,a drawing of two bears in the woods,drawing;woods;bears;two
merged_2091.jpg,a view of the mountains from the top of a mountain,view;top;mountains;mountain
merged_2092.jpg,the garden of earthly by leonardo leonardo leonardo leonardo leonardo leonardo leonardo leonardo leonardo leonardo leonardo leonardo leonardo leonardo leonardo,garden;leonardo;earthly
merged_2093.jpg,one love cover art,love;art;one;cover
merged_2094.jpg,a bird perched on a tree branch in the snow,snow;branch;bird;perched;tree
merged_2095.jpg,a poster for the mermaid club,poster;mermaid;club
merged_2096.jpg,a painting of a man on a horse,man;painting;horse
merged_2097.jpg,a rainbow in the sky,rainbow;sky
merged_2098.jpg,a bird sitting on top of a tree stump,stump;sitting;top;bird;tree
merged_2099.jpg,a picture of a mountain range with a lake in the fore,fore;picture;range;mountain;lake
merged_2100.jpg,a child is looking at the moon and a man is looking at it,man;looking;moon;child
merged_2101.jpg,a wolf and a baby wolf are in the grass,baby;wolf;grass
merged_2102.jpg,a map of virginia with the state names,names;map;state;virginia
merged_2103.jpg,a river with trees and water in it,river;trees;water
merged_2104.jpg,"the parthenon temple, athens, greece",temple;parthenon;athens;greece
merged_2105.jpg,a cartoon character in front of a map,cartoon;front;map;character
merged_2106.jpg,a man riding a horse through a river,man;riding;river;horse
merged_2107.jpg,a poster for the great smoky mountain park,park;poster;mountain;smoky;great
merged_2108.jpg,a lake with a pink sky and trees in the background,sky;background;trees;pink;lake
merged_2109.jpg,the map of the united showing the location of the proposed pipeline,pipeline;map;proposed;showing;united;location
merged_2110.jpg,a floral pattern with a leopard and flowers,pattern;flowers;leopard;floral
merged_2111.jpg,a mammoth skull on display in a museum,display;skull;mammoth;museum
merged_2112.jpg,a drawing of a woman in a dress,drawing;woman;dress
merged_2113.jpg,a map of michigan with the state names,names;map;state;michigan
merged_2114.jpg,a drawing of the indian american symbols,drawing;american;symbols;indian
merged_2115.jpg,a map of the island of cleveland,map;cleveland;island
merged_2116.jpg,"the field museum, the field museum, the field museum, the field museum, the field museum,",museum;field
merged_2117.jpg,a pekin bird sitting on a post in the water,sitting;water;bird;pekin;post
merged_2118.jpg,stained glass window in the chapel,stained;glass;window;chapel
merged_2119.jpg,a herd of cattle grazing in a field,field;grazing;cattle;herd
merged_2120.jpg,a mosaic depicting the baptism of jesus and mary,mary;baptism;jesus;depicting;mosaic
merged_2121.jpg,a giant tornt in the forest,forest;giant;tornt
merged_2122.jpg,the cave is filled with stalas,cave;stalas;filled
merged_2123.jpg,a shark swimming in the water,swimming;shark;water
merged_2124.jpg,a parking lot with a lot of cars parked in it,parked;lot;cars;parking
merged_2125.jpg,a col col of a man playing a guitar,man;guitar;col;playing
merged_2126.jpg,a vintage illustration of two hummings,vintage;hummings;illustration;two
merged_2127.jpg,a map of the united with all the symbols and symbols,map;united;symbols
merged_2128.jpg,a black and white drawing of a woman in a black dress,black;drawing;dress;woman;white
merged_2129.jpg,a map of the grand canyon trail,map;trail;canyon;grand
merged_2130.jpg,a painting of a woman sitting on a tree,woman;sitting;painting;tree
merged_2131.jpg,a woman in a red dress is standing on a whale,standing;dress;woman;red;whale
merged_2132.jpg,"seona, sedona, sedona, sedona, sedona, se",sedona;se;seona
merged_2133.jpg,a bird flying over the ocean with the words washington,flying;ocean;bird;washington;words
merged_2134.jpg,a wooden plaque with a tiger on it,wooden;tiger;plaque
merged_2135.jpg,a col col col col col col col col col col col col col col col col col col col,col
merged_2136.jpg,a deer standing in the woods near a tree,deer;standing;woods;near;tree
merged_2137.jpg,x - men the movie 1,men;x;movie
merged_2138.jpg,a vintage halloween postcard with a girl holding a pumpkin,halloween;pumpkin;girl;vintage;postcard;holding
merged_2139.jpg,a pink and green abstract painting with a pattern of leaves,painting;pattern;pink;leaves;green;abstract
merged_2140.jpg,a close up of a piece of paper with a pink and green background,background;close;piece;pink;green;paper
merged_2141.jpg,the ann of the virgin and the ann of the virgin,ann;virgin
merged_2142.jpg,a poster for a concert with a woman in a mask,woman;poster;mask;concert
merged_2143.jpg,hawaii vintage travel poster,poster;vintage;hawaii;travel
merged_2144.jpg,an image of a dog with a thought bubble,dog;bubble;thought;image
merged_2145.jpg,a poster for the world potd day,world;poster;day;potd
merged_2146.jpg,a is for angela,angela
merged_2147.jpg,a carved relief of a cat,cat;carved;relief
merged_2148.jpg,a koloa with its head on a tree,head;koloa;tree
merged_2149.jpg,a bird standing on top of a tree stump,stump;standing;top;bird;tree
merged_2150.jpg,a poster of two turtles swimming in the ocean,turtles;two;poster;ocean;swimming
merged_2151.jpg,"a green monster with the words, ' grs mill never '",mill;monster;never;grs;green;words
merged_2152.jpg,a man with a guitar in his hand,man;hand;guitar
merged_2153.jpg,dungeons dungeons dungeons dungeons dungeons dungeons dungeons dungeons dungeons dungeons dungeons dungeons dungeons dungeons dungeons dungeons dungeons dungeons dungeons dungeons,dungeons
merged_2154.jpg,a bird with two different colors and a bird with a red tail,colors;tail;two;red;bird;different
merged_2155.jpg,a christmas card with a wreath and ornaments,card;ornaments;christmas;wreath
merged_2156.jpg,a picture of palm trees and the ocean,trees;palm;ocean;picture
merged_2157.jpg,a medieval illustration of a woman in a white robe and a black hat,medieval;hat;black;woman;white;robe;illustration
merged_2158.jpg,seattle skyline at night,night;seattle;skyline
merged_2159.jpg,a poster with the words let let let let let let let let let let let let let let let,let;poster;words
merged_2160.jpg,a black and white photo of a building,white;photo;building;black
merged_2161.jpg,a display case with a variety of glass bottles,display;glass;bottles;case;variety
merged_2162.jpg,a col col with animals and birds,birds;animals;col
merged_2163.jpg,a woman holding a sign that says don ' t sh,sign;sh;says;woman;holding
merged_2164.jpg,sandhill sandhill sandhill sandhill sandhill sandhill sandhill sandhill sandhill sandhill,sandhill
merged_2165.jpg,lightning over arizona,arizona;lightning
merged_2166.jpg,a painting of a man on horseback with horses,man;horseback;painting;horses
merged_2167.jpg,a poster with a woman wearing a flower crown,crown;flower;poster;woman;wearing
merged_2168.jpg,a poster advertising a hotel in the city,advertising;poster;hotel;city
merged_2169.jpg,a medieval manuscript with a depiction of a man and woman in a bed,medieval;man;manuscript;depiction;woman;bed
merged_2170.jpg,a surfboard sitting on top of a pole,top;pole;sitting;surfboard
merged_2171.jpg,a space shuttle flies over the earth,space;flies;shuttle;earth
merged_2172.jpg,a bird with orange flowers in the background,orange;flowers;bird;background
merged_2173.jpg,a black and yellow owl sitting on a branch,branch;black;sitting;owl;yellow
merged_2174.jpg,"a road with a sign that says, ' north carolina state park '",north;sign;state;park;says;carolina;road
merged_2175.jpg,a knight in full armor,full;armor;knight
merged_2176.jpg,"a sign that says, oil spills into the forest",sign;forest;says;oil;spills
merged_2177.jpg,a painting of a hand reaching out to a person,person;hand;reaching;painting
merged_2178.jpg,crystals and their meanings,meanings;crystals
merged_2179.jpg,a postcard of a palm tree in the garden,garden;palm;tree;postcard
merged_2180.jpg,a book with a picture of a robot and other robots,book;robot;robots;picture
merged_2181.jpg,a black and white drawing of a tombstone,drawing;white;tombstone;black
merged_2182.jpg,uranus - fuge factory,fuge;uranus;factory
merged_2183.jpg,a painting of a woman holding a child,woman;child;holding;painting
merged_2184.jpg,"a cat with a capt that says, ` ` ` ` ` ` ` ` ` ` ` `",cat;says;capt
merged_2185.jpg,the supernatural supernatural supernatural supernatural supernatural supernatural supernatural supernatural supernatural supernatural supernatural supernatural supernatural supernatural supernatural supernatural supernatural supernatural supernatural,supernatural
merged_2186.jpg,"a black and white poster with the words, ` ` ', ' ' ' ', ' '",words;white;poster;black
merged_2187.jpg,a black background with a bee surrounded by flowers,surrounded;bee;black;background;flowers
merged_2188.jpg,florida by various artists,various;artists;florida
merged_2189.jpg,a black and white photo of a man with a balloon,man;photo;black;white;balloon
merged_2190.jpg,two wild turkeys in a field,wild;field;turkeys;two
merged_2191.jpg,a bird sitting on top of a tree branch,branch;sitting;top;bird;tree
merged_2192.jpg,a drawing of a bear and a bear in the woods,drawing;woods;bear
merged_2193.jpg,a fairy with a flower in her hand,flower;hand;fairy
merged_2194.jpg,"give every human, give every human, give every human, give every human, give every human,",human;give;every
merged_2195.jpg,massachusetts state map with landmarks and landmarks,map;state;massachusetts;landmarks
merged_2196.jpg,yo yo yo yo yo yo yo yo yo yo yo yo yo yo yo yo yo yo yo yo,yo
merged_2197.jpg,a drawing of halloween items,drawing;halloween;items
merged_2198.jpg,a stamp with a stamp with a stamp of orange flowers,orange;flowers;stamp
merged_2199.jpg,a col col col col col col col col col col col col col col col col col col col,col
merged_2200.jpg,a shark with its mouth open and the words california on it,mouth;shark;open;california;words
merged_2201.jpg,a map of the state of nevada with a bird on it,map;state;bird;nevada
merged_2202.jpg,a map of the area,map;area
merged_2203.jpg,a bald eagle with the words ` ` ` ` ` ` ` ` ` ` ` ` ` `,eagle;bald;words
merged_2204.jpg,a floral arrangement with blue flowers and green leaves,floral;flowers;arrangement;leaves;green;blue
merged_2205.jpg,a blue and white map with the words get for pennsylvania,map;white;get;blue;pennsylvania;words
merged_2206.jpg,a close up of a sculpture of a leopard,sculpture;close;leopard
merged_2207.jpg,a painting of a woman sitting in a forest,woman;forest;sitting;painting
merged_2208.jpg,a painting of a woman ' s face with colorful flowers and birds,face;birds;painting;woman;flowers;colorful
merged_2209.jpg,a poster advertising a restaurant,advertising;poster;restaurant
merged_2210.jpg,a bird with its wings spread out in the air,air;spread;wings;bird
merged_2211.jpg,native tribes map,tribes;map;native
merged_2212.jpg,"a postcard of a street scene in the town of person, ontario",street;town;postcard;ontario;person;scene
merged_2213.jpg,a map of michigan with the names of the towns and towns,names;map;towns;michigan
merged_2214.jpg,a totem pole in front of a lake,pole;totem;front;lake
merged_2215.jpg,a postcard with the words getting for the first postcard,words;getting;first;postcard
merged_2216.jpg,three mail boxes covered in snow with ghost faces,snow;boxes;three;faces;mail;covered;ghost
merged_2217.jpg,arkansas state map with birds and flowers,map;state;birds;flowers;arkansas
merged_2218.jpg,a cow standing in a field with the words hello from southern illinois,field;illinois;hello;southern;standing;cow;words
merged_2219.jpg,a painting of a horse race with a man on the back,man;back;horse;painting;race
merged_2220.jpg,a poster of dinosaurs and other animals,poster;animals;dinosaurs
merged_2221.jpg,"greetings from the city of toledo, spain",spain;toledo;greetings;city
merged_2222.jpg,a group of horses standing in a field,horses;field;group;standing
merged_2223.jpg,a little boy and a duck in the woods,woods;duck;boy;little
merged_2224.jpg,a poster advertising minnesota,advertising;poster;minnesota
merged_2225.jpg,a poster for the national battlefield,poster;battlefield;national
merged_2226.jpg,a group of people walking down a street,group;people;street;walking
merged_2227.jpg,two goldfishs on a beige background,beige;background;goldfishs;two
merged_2228.jpg,a yellow and purple fabric with a pattern of buildings,buildings;fabric;pattern;purple;yellow
merged_2229.jpg,a woman sitting next to a large dinosaur,dinosaur;large;sitting;woman;next
merged_2230.jpg,a fish in the water with a yellow ball,fish;yellow;ball;water
merged_2231.jpg,a black dog with a tag on it ' s collar,dog;tag;collar;black
merged_2232.jpg,a watercolor painting of a woman with flowers,woman;flowers;watercolor;painting
merged_2233.jpg,a piece of art that is made out of squares,piece;art;made;squares
merged_2234.jpg,a little girl dressed as a witch with a broom and a broom,witch;broom;girl;little;dressed
merged_2235.jpg,a seal seal sitting on top of snow,snow;seal;top;sitting
merged_2236.jpg,a postcard with an alligator in the grass,grass;alligator;postcard
merged_2237.jpg,san city lights,san;city;lights
merged_2238.jpg,a poster advertising a school for children,advertising;poster;school;children
merged_2239.jpg,a vintage botanical print of aloea and aloea,aloea;vintage;botanical;print
merged_2240.jpg,washington magazine cover,washington;magazine;cover
merged_2241.jpg,a piece of paper with a handwritten message,handwritten;message;piece;paper
merged_2242.jpg,a roadrunner bird in the desert,desert;roadrunner;bird
merged_2243.jpg,a stamp with a painting of a fire in the middle of the night,fire;painting;stamp;middle;night
merged_2244.jpg,"the terminal hotel, person, ca",hotel;person;terminal;ca
merged_2245.jpg,a fairy with a butterfly wings and a flower,flower;fairy;wings;butterfly
merged_2246.jpg,texas texas texas texas texas texas texas texas texas texas texas texas texas texas texas texas texas texas texas texas,texas
merged_2247.jpg,a poster for the film,poster;film
merged_2248.jpg,a poster for the national park,poster;park;national
merged_2249.jpg,a yellow poster with white lines and a black spider,black;poster;white;spider;yellow;lines
merged_2250.jpg,a cartoon of a woman surfing on a wave,woman;cartoon;surfing;wave
merged_2251.jpg,a road with a yellow line,line;yellow;road
merged_2252.jpg,the sunflowers - sunflowers of love,love;sunflowers
merged_2253.jpg,a manuscript with an illustration of a man and woman on horseback,man;manuscript;woman;horseback;illustration
merged_2254.jpg,a seal seal laying on the ground with its head in the air,ground;air;seal;head;laying
merged_2255.jpg,a painting of a bird with a long neck,neck;long;painting;bird
merged_2256.jpg,a green pool surrounded by yellow and red hot water,surrounded;pool;water;red;green;yellow;hot
merged_2257.jpg,a group of bats,bats;group
merged_2258.jpg,an eagle flying over the ocean,flying;ocean;eagle
merged_2259.jpg,a group of people skiing down a snowy slope,skiing;slope;group;snowy;people
merged_2260.jpg,a dinosaur in a museum,dinosaur;museum
merged_2261.jpg,a herd of cows,cows;herd
merged_2262.jpg,a blue flower and butterfly on a vintage postcard,flower;vintage;postcard;butterfly;blue
merged_2263.jpg,alaska ' s three bears,alaska;three;bears
merged_2264.jpg,a field with tombstones in the fore,field;tombstones;fore
merged_2265.jpg,the emerald city,city;emerald
merged_2266.jpg,a cow with a blue background and dai dai dai dai dai dai dai dai dai dai dai dai dai,dai;background;blue;cow
merged_2267.jpg,a fountain with a bird on top of it,top;fountain;bird
merged_2268.jpg,a memorial with flowers and a plaque,memorial;flowers;plaque
merged_2269.jpg,a bottle of kero hot sauce,hot;kero;sauce;bottle
merged_2270.jpg,a black and white advertisement for a clock,advertisement;white;clock;black
merged_2271.jpg,a woman in a black and white dress holding a book,black;dress;woman;white;book;holding
merged_2272.jpg,a bird flying with a quote on it,flying;quote;bird
merged_2273.jpg,a cowboy riding a horse in a field,field;riding;cowboy;horse
merged_2274.jpg,minnesota state map with images of the state,map;state;minnesota;images
merged_2275.jpg,a fairy fairy with yellow flowers,yellow;fairy;flowers
merged_2276.jpg,a large dinosaur with a large head and large horns,dinosaur;horns;large;head
merged_2277.jpg,"a black and white poster with the words, ' we are all in the same place '",black;poster;white;place;words
merged_2278.jpg,a poster for the party,poster;party
merged_2279.jpg,massachusetts state map magnet magnet,magnet;map;state;massachusetts
merged_2280.jpg,chicago skyline at sunset,sunset;skyline;chicago
merged_2281.jpg,an old car with a crane on the back,old;crane;back;car
merged_2282.jpg,a bird with a large beak and a long beak,beak;long;large;bird
merged_2283.jpg,a painting of a city street with people walking in the rain,street;painting;rain;city;walking;people
merged_2284.jpg,a bird with a brown head and a green beak,beak;head;bird;green;brown
merged_2285.jpg,a cow and a bird are in a field,field;bird;cow
merged_2286.jpg,a cartoon of a turtle and a mouse,cartoon;mouse;turtle
merged_2287.jpg,a halloween themed card with a happy halloween card,halloween;card;happy;themed
merged_2288.jpg,a beach with a blue sky and white sand,sky;beach;white;blue;sand
merged_2289.jpg,a painting of a woman sitting on a bench next to a man,man;bench;sitting;painting;woman;next
merged_2290.jpg,an old man is picking a plant in the garden,man;plant;garden;old;picking
merged_2291.jpg,"a purple wister tree in bloom in the japanese garden at the huntington park in pasadena, california",park;japanese;wister;california;garden;purple;huntington;bloom;pasadena;tree
merged_2292.jpg,a poster for the national park in the mountains,poster;park;mountains;national
merged_2293.jpg,a little girl in a pink dress holding a flower,flower;girl;dress;pink;holding;little
merged_2294.jpg,a large alligator laying on the ground,ground;large;alligator;laying
merged_2295.jpg,a blue and gold statue with a bird on top,gold;top;bird;blue;statue
merged_2296.jpg,a poster advertising a tour of the city of buffalo,poster;city;advertising;buffalo;tour
merged_2297.jpg,a seal in the water with a fish,seal;fish;water
merged_2298.jpg,a painting of a group of men in a battle,men;battle;group;painting
merged_2299.jpg,a col of people dancing and holding signs,signs;col;holding;people;dancing
merged_2300.jpg,a stamp with a beach scene on it,scene;stamp;beach
merged_2301.jpg,a ra ra ra ra ra ra ra ra ra ra ra ra ra ra ra ra ra ra ra,ra
merged_2302.jpg,a man in a white shirt and glasses giving the thumbs,man;shirt;white;glasses;giving;thumbs
merged_2303.jpg,a group of people on a beach with fishing nets,beach;group;fishing;people;nets
merged_2304.jpg,a dolphin jumping out of the water,water;jumping;dolphin
